{"type": "FeatureCollection", "features": [{"type": "Feature", "properties": {"bairro": "Jardim Primavera", "pasta": "01_JARDIM_PRIMAVERA", "tipo": "Quadra", "id": null, "QUADRA": null}, "geometry": {"type": "Polygon", "coordinates": [[[-44.180332, -20.05611], [-44.17989, -20.055786], [-44.17989, -20.055786], [-44.17989, -20.055786], [-44.17989, -20.055786], [-44.17989, -20.055786], [-44.17989, -20.055786], [-44.179889, -20.055785], [-44.179889, -20.055785], [-44.179889, -20.055785], [-44.179889, -20.055785], [-44.179889, -20.055785], [-44.179889, -20.055785], [-44.179889, -20.055785], [-44.179888, -20.055785], [-44.179888, -20.055785], [-44.179888, -20.055785], [-44.179888, -20.055785], [-44.179888, -20.055785], [-44.179888, -20.055785], [-44.179887, -20.055785], [-44.179887, -20.055785], [-44.179887, -20.055784], [-44.179887, -20.055784], [-44.179887, -20.055784], [-44.179887, -20.055784], [-44.179887, -20.055784], [-44.179886, -20.055784], [-44.179886, -20.055784], [-44.179886, -20.055784], [-44.179886, -20.055784], [-44.179886, -20.055784], [-44.179886, -20.055784], [-44.179885, -20.055784], [-44.179885, -20.055784], [-44.179885, -20.055784], [-44.179885, -20.055784], [-44.179885, -20.055784], [-44.179885, -20.055784], [-44.179884, -20.055784], [-44.179884, -20.055784], [-44.179884, -20.055784], [-44.179884, -20.055784], [-44.179884, -20.055784], [-44.179884, -20.055784], [-44.179883, -20.055784], [-44.179883, -20.055784], [-44.179883, -20.055784], [-44.179883, -20.055784], [-44.179883, -20.055784], [-44.179883, -20.055784], [-44.179882, -20.055784], [-44.179882, -20.055784], [-44.179882, -20.055784], [-44.179882, -20.055784], [-44.179882, -20.055784], [-44.179882, -20.055784], [-44.179881, -20.055784], [-44.179881, -20.055784], [-44.179881, -20.055785], [-44.179881, -20.055785], [-44.179881, -20.055785], [-44.179881, -20.055785], [-44.17988, -20.055785], [-44.17988, -20.055785], [-44.17988, -20.055785], [-44.17988, -20.055785], [-44.17988, -20.055785], [-44.17988, -20.055785], [-44.17988, -20.055785], [-44.179879, -20.055785], [-44.179879, -20.055785], [-44.179879, -20.055785], [-44.179879, -20.055785], [-44.179879, -20.055786], [-44.179879, -20.055786], [-44.179879, -20.055786], [-44.179878, -20.055786], [-44.179878, -20.055786], [-44.179878, -20.055786], [-44.179878, -20.055786], [-44.179878, -20.055786], [-44.179878, -20.055786], [-44.179878, -20.055786], [-44.179878, -20.055787], [-44.179877, -20.055787], [-44.179877, -20.055787], [-44.179877, -20.055787], [-44.179877, -20.055787], [-44.179877, -20.055787], [-44.179877, -20.055787], [-44.179877, -20.055787], [-44.179877, -20.055788], [-44.179877, -20.055788], [-44.179876, -20.055788], [-44.179876, -20.055788], [-44.179876, -20.055788], [-44.179876, -20.055788], [-44.179876, -20.055788], [-44.179876, -20.055788], [-44.179876, -20.055789], [-44.179876, -20.055789], [-44.179876, -20.055789], [-44.179876, -20.055789], [-44.179876, -20.055789], [-44.179876, -20.055789], [-44.179875, -20.055789], [-44.179875, -20.05579], [-44.179875, -20.05579], [-44.179875, -20.05579], [-44.179875, -20.05579], [-44.179875, -20.05579], [-44.179875, -20.05579], [-44.179875, -20.05579], [-44.179875, -20.055791], [-44.179875, -20.055791], [-44.179875, -20.055791], [-44.179875, -20.055791], [-44.179875, -20.055791], [-44.179875, -20.055791], [-44.179875, -20.055791], [-44.179875, -20.055792], [-44.179875, -20.055792], [-44.179875, -20.055792], [-44.179875, -20.055792], [-44.179875, -20.055792], [-44.179875, -20.055792], [-44.179875, -20.055793], [-44.179875, -20.055793], [-44.179875, -20.055793], [-44.179875, -20.055793], [-44.179875, -20.055793], [-44.179875, -20.055793], [-44.179875, -20.055794], [-44.179875, -20.055794], [-44.179875, -20.055794], [-44.179875, -20.055794], [-44.179875, -20.055794], [-44.179875, -20.055794], [-44.179875, -20.055794], [-44.179875, -20.055795], [-44.179875, -20.055795], [-44.179875, -20.055795], [-44.179875, -20.055795], [-44.179965, -20.056098], [-44.179998, -20.056211], [-44.179983, -20.056334], [-44.179942, -20.056554], [-44.179942, -20.056554], [-44.179942, -20.056554], [-44.179942, -20.056555], [-44.179942, -20.056555], [-44.179942, -20.056555], [-44.179942, -20.056556], [-44.179942, -20.056556], [-44.179943, -20.056556], [-44.179943, -20.056557], [-44.179943, -20.056557], [-44.179943, -20.056557], [-44.179943, -20.056558], [-44.179943, -20.056558], [-44.179943, -20.056558], [-44.179943, -20.056558], [-44.179943, -20.056559], [-44.179943, -20.056559], [-44.179943, -20.056559], [-44.179943, -20.05656], [-44.179943, -20.05656], [-44.179944, -20.05656], [-44.179944, -20.056561], [-44.179944, -20.056561], [-44.179944, -20.056561], [-44.179944, -20.056561], [-44.179944, -20.056562], [-44.179944, -20.056562], [-44.179944, -20.056562], [-44.179945, -20.056563], [-44.179945, -20.056563], [-44.179945, -20.056563], [-44.179945, -20.056563], [-44.179945, -20.056564], [-44.179945, -20.056564], [-44.179946, -20.056564], [-44.179946, -20.056564], [-44.179946, -20.056565], [-44.179946, -20.056565], [-44.179946, -20.056565], [-44.179947, -20.056565], [-44.179947, -20.056566], [-44.179947, -20.056566], [-44.179947, -20.056566], [-44.179947, -20.056566], [-44.179948, -20.056567], [-44.179948, -20.056567], [-44.179948, -20.056567], [-44.179948, -20.056567], [-44.179949, -20.056567], [-44.179949, -20.056568], [-44.179949, -20.056568], [-44.179949, -20.056568], [-44.17995, -20.056568], [-44.17995, -20.056568], [-44.17995, -20.056569], [-44.17995, -20.056569], [-44.179951, -20.056569], [-44.179951, -20.056569], [-44.179951, -20.056569], [-44.179952, -20.05657], [-44.179952, -20.05657], [-44.179952, -20.05657], [-44.179952, -20.05657], [-44.179953, -20.05657], [-44.179953, -20.05657], [-44.179953, -20.05657], [-44.179954, -20.056571], [-44.179954, -20.056571], [-44.179954, -20.056571], [-44.179955, -20.056571], [-44.179955, -20.056571], [-44.179955, -20.056571], [-44.179956, -20.056571], [-44.179956, -20.056571], [-44.179956, -20.056571], [-44.179956, -20.056572], [-44.179957, -20.056572], [-44.179957, -20.056572], [-44.179957, -20.056572], [-44.179958, -20.056572], [-44.179958, -20.056572], [-44.179958, -20.056572], [-44.179959, -20.056572], [-44.179959, -20.056572], [-44.179959, -20.056572], [-44.17996, -20.056572], [-44.17996, -20.056572], [-44.17996, -20.056572], [-44.179961, -20.056572], [-44.179961, -20.056572], [-44.179961, -20.056572], [-44.179962, -20.056572], [-44.179962, -20.056572], [-44.179962, -20.056572], [-44.179963, -20.056572], [-44.179963, -20.056572], [-44.179963, -20.056572], [-44.179964, -20.056572], [-44.179964, -20.056572], [-44.179964, -20.056572], [-44.179965, -20.056572], [-44.179965, -20.056572], [-44.179965, -20.056572], [-44.179966, -20.056572], [-44.179966, -20.056572], [-44.179966, -20.056572], [-44.179967, -20.056571], [-44.179967, -20.056571], [-44.179967, -20.056571], [-44.179968, -20.056571], [-44.179968, -20.056571], [-44.179968, -20.056571], [-44.179969, -20.056571], [-44.179969, -20.056571], [-44.179969, -20.056571], [-44.179969, -20.056571], [-44.17997, -20.05657], [-44.17997, -20.05657], [-44.17997, -20.05657], [-44.179971, -20.05657], [-44.179971, -20.05657], [-44.179971, -20.05657], [-44.179972, -20.056569], [-44.179972, -20.056569], [-44.179972, -20.056569], [-44.179972, -20.056569], [-44.179973, -20.056569], [-44.179973, -20.056569], [-44.179973, -20.056568], [-44.179973, -20.056568], [-44.179974, -20.056568], [-44.179974, -20.056568], [-44.179974, -20.056568], [-44.179974, -20.056567], [-44.179975, -20.056567], [-44.179975, -20.056567], [-44.179975, -20.056567], [-44.179975, -20.056567], [-44.179976, -20.056566], [-44.179976, -20.056566], [-44.179976, -20.056566], [-44.179976, -20.056566], [-44.180342, -20.056142], [-44.180342, -20.056141], [-44.180342, -20.056141], [-44.180342, -20.05614], [-44.180342, -20.05614], [-44.180342, -20.056139], [-44.180343, -20.056139], [-44.180343, -20.056138], [-44.180343, -20.056138], [-44.180343, -20.056137], [-44.180343, -20.056137], [-44.180343, -20.056136], [-44.180343, -20.056136], [-44.180343, -20.056135], [-44.180343, -20.056135], [-44.180343, -20.056134], [-44.180343, -20.056134], [-44.180343, -20.056133], [-44.180343, -20.056133], [-44.180343, -20.056132], [-44.180343, -20.056132], [-44.180343, -20.056131], [-44.180343, -20.056131], [-44.180343, -20.05613], [-44.180343, -20.05613], [-44.180343, -20.056129], [-44.180343, -20.056128], [-44.180343, -20.056128], [-44.180343, -20.056127], [-44.180343, -20.056127], [-44.180343, -20.056126], [-44.180343, -20.056126], [-44.180342, -20.056125], [-44.180342, -20.056125], [-44.180342, -20.056124], [-44.180342, -20.056124], [-44.180342, -20.056123], [-44.180342, -20.056123], [-44.180341, -20.056122], [-44.180341, -20.056122], [-44.180341, -20.056121], [-44.180341, -20.056121], [-44.180341, -20.05612], [-44.18034, -20.05612], [-44.18034, -20.05612], [-44.18034, -20.056119], [-44.18034, -20.056119], [-44.180339, -20.056118], [-44.180339, -20.056118], [-44.180339, -20.056117], [-44.180339, -20.056117], [-44.180338, -20.056116], [-44.180338, -20.056116], [-44.180338, -20.056115], [-44.180337, -20.056115], [-44.180337, -20.056115], [-44.180337, -20.056114], [-44.180336, -20.056114], [-44.180336, -20.056113], [-44.180336, -20.056113], [-44.180335, -20.056113], [-44.180335, -20.056112], [-44.180335, -20.056112], [-44.180334, -20.056111], [-44.180334, -20.056111], [-44.180334, -20.056111], [-44.180333, -20.05611], [-44.180333, -20.05611], [-44.180332, -20.05611]]]}}, {"type": "Feature", "properties": {"bairro": "Jardim Primavera", "pasta": "01_JARDIM_PRIMAVERA", "tipo": "Quadra", "id": null, "QUADRA": "12"}, "geometry": {"type": "Polygon", "coordinates": [[[-44.182561, -20.056107], [-44.181739, -20.055461], [-44.181348, -20.055904], [-44.181632, -20.057085], [-44.18263, -20.056985], [-44.182841, -20.056248], [-44.18284, -20.056251], [-44.18284, -20.056253], [-44.182839, -20.056255], [-44.182838, -20.056257], [-44.182837, -20.05626], [-44.182836, -20.056262], [-44.182835, -20.056264], [-44.182834, -20.056266], [-44.182833, -20.056269], [-44.182832, -20.056271], [-44.18283, -20.056273], [-44.182829, -20.056275], [-44.182828, -20.056277], [-44.182827, -20.056279], [-44.182825, -20.056281], [-44.182824, -20.056283], [-44.182822, -20.056285], [-44.182821, -20.056287], [-44.182819, -20.056289], [-44.182818, -20.056291], [-44.182816, -20.056293], [-44.182815, -20.056295], [-44.182813, -20.056297], [-44.182811, -20.056299], [-44.18281, -20.0563], [-44.182808, -20.056302], [-44.182806, -20.056304], [-44.182804, -20.056306], [-44.182803, -20.056307], [-44.182801, -20.056309], [-44.182799, -20.056311], [-44.182797, -20.056312], [-44.182795, -20.056314], [-44.182793, -20.056315], [-44.182791, -20.056317], [-44.182789, -20.056318], [-44.182787, -20.05632], [-44.182785, -20.056321], [-44.182783, -20.056323], [-44.18278, -20.056324], [-44.182778, -20.056325], [-44.182776, -20.056326], [-44.182774, -20.056328], [-44.182772, -20.056329], [-44.182769, -20.05633], [-44.182767, -20.056331], [-44.182765, -20.056332], [-44.182762, -20.056333], [-44.18276, -20.056334], [-44.182758, -20.056335], [-44.182755, -20.056336], [-44.182753, -20.056337], [-44.182751, -20.056338], [-44.182748, -20.056339], [-44.182746, -20.056339], [-44.182743, -20.05634], [-44.182741, -20.056341], [-44.182738, -20.056341], [-44.182736, -20.056342], [-44.182733, -20.056343], [-44.182731, -20.056343], [-44.182728, -20.056344], [-44.182726, -20.056344], [-44.182723, -20.056344], [-44.182721, -20.056345], [-44.182718, -20.056345], [-44.182716, -20.056345], [-44.182713, -20.056346], [-44.182711, -20.056346], [-44.182708, -20.056346], [-44.182705, -20.056346], [-44.182703, -20.056346], [-44.1827, -20.056346], [-44.182698, -20.056346], [-44.182695, -20.056346], [-44.182693, -20.056346], [-44.18269, -20.056346], [-44.182688, -20.056346], [-44.182685, -20.056345], [-44.182682, -20.056345], [-44.18268, -20.056345], [-44.182677, -20.056344], [-44.182675, -20.056344], [-44.182672, -20.056344], [-44.18267, -20.056343], [-44.182667, -20.056343], [-44.182665, -20.056342], [-44.182662, -20.056341], [-44.18266, -20.056341], [-44.182657, -20.05634], [-44.182655, -20.056339], [-44.182653, -20.056339], [-44.18265, -20.056338], [-44.182648, -20.056337], [-44.182645, -20.056336], [-44.182643, -20.056335], [-44.182641, -20.056334], [-44.182638, -20.056333], [-44.182636, -20.056332], [-44.182634, -20.056331], [-44.182631, -20.05633], [-44.182629, -20.056329], [-44.182627, -20.056328], [-44.182625, -20.056326], [-44.182622, -20.056325], [-44.18262, -20.056324], [-44.182618, -20.056323], [-44.182616, -20.056321], [-44.182614, -20.05632], [-44.182612, -20.056318], [-44.18261, -20.056317], [-44.182608, -20.056315], [-44.182606, -20.056314], [-44.182604, -20.056312], [-44.182602, -20.056311], [-44.1826, -20.056309], [-44.182598, -20.056307], [-44.182596, -20.056306], [-44.182595, -20.056304], [-44.182593, -20.056302], [-44.182591, -20.0563], [-44.182589, -20.056299], [-44.182588, -20.056297], [-44.182586, -20.056295], [-44.182584, -20.056293], [-44.182583, -20.056291], [-44.182581, -20.056289], [-44.18258, -20.056287], [-44.182578, -20.056285], [-44.182577, -20.056283], [-44.182576, -20.056281], [-44.182574, -20.056279], [-44.182573, -20.056277], [-44.182572, -20.056275], [-44.18257, -20.056273], [-44.182569, -20.056271], [-44.182568, -20.056268], [-44.182567, -20.056266], [-44.182566, -20.056264], [-44.182565, -20.056262], [-44.182564, -20.05626], [-44.182563, -20.056257], [-44.182562, -20.056255], [-44.182561, -20.056253], [-44.18256, -20.05625], [-44.18256, -20.056248], [-44.182559, -20.056246], [-44.182558, -20.056244], [-44.182558, -20.056241], [-44.182557, -20.056239], [-44.182556, -20.056236], [-44.182556, -20.056234], [-44.182555, -20.056232], [-44.182555, -20.056229], [-44.182554, -20.056227], [-44.182554, -20.056225], [-44.182554, -20.056222], [-44.182554, -20.05622], [-44.182553, -20.056217], [-44.182553, -20.056215], [-44.182553, -20.056212], [-44.182553, -20.05621], [-44.182553, -20.056208], [-44.182553, -20.056205], [-44.182553, -20.056203], [-44.182553, -20.0562], [-44.182553, -20.056198], [-44.182553, -20.056195], [-44.182554, -20.056193], [-44.182554, -20.056191], [-44.182554, -20.056188], [-44.182555, -20.056186], [-44.182555, -20.056183], [-44.182555, -20.056181], [-44.182556, -20.056179], [-44.182557, -20.056176], [-44.182557, -20.056174], [-44.182558, -20.056172], [-44.182558, -20.056169], [-44.182559, -20.056169], [-44.18256, -20.056169], [-44.18256, -20.056168], [-44.182561, -20.056168], [-44.182561, -20.056167], [-44.182562, -20.056167], [-44.182562, -20.056166], [-44.182563, -20.056166], [-44.182563, -20.056165], [-44.182564, -20.056165], [-44.182564, -20.056164], [-44.182565, -20.056164], [-44.182565, -20.056163], [-44.182566, -20.056163], [-44.182566, -20.056162], [-44.182567, -20.056162], [-44.182567, -20.056161], [-44.182568, -20.056161], [-44.182568, -20.05616], [-44.182569, -20.05616], [-44.182569, -20.056159], [-44.182569, -20.056159], [-44.18257, -20.056158], [-44.18257, -20.056158], [-44.182571, -20.056157], [-44.182571, -20.056156], [-44.182571, -20.056156], [-44.182572, -20.056155], [-44.182572, -20.056155], [-44.182572, -20.056154], [-44.182573, -20.056153], [-44.182573, -20.056153], [-44.182573, -20.056152], [-44.182573, -20.056151], [-44.182574, -20.056151], [-44.182574, -20.05615], [-44.182574, -20.05615], [-44.182574, -20.056149], [-44.182575, -20.056148], [-44.182575, -20.056148], [-44.182575, -20.056147], [-44.182575, -20.056146], [-44.182575, -20.056146], [-44.182575, -20.056145], [-44.182576, -20.056144], [-44.182576, -20.056144], [-44.182576, -20.056143], [-44.182576, -20.056142], [-44.182576, -20.056142], [-44.182576, -20.056141], [-44.182576, -20.05614], [-44.182576, -20.05614], [-44.182576, -20.056139], [-44.182576, -20.056138], [-44.182576, -20.056137], [-44.182576, -20.056137], [-44.182576, -20.056136], [-44.182576, -20.056135], [-44.182576, -20.056135], [-44.182576, -20.056134], [-44.182576, -20.056133], [-44.182576, -20.056133], [-44.182576, -20.056132], [-44.182576, -20.056131], [-44.182576, -20.056131], [-44.182576, -20.05613], [-44.182575, -20.056129], [-44.182575, -20.056129], [-44.182575, -20.056128], [-44.182575, -20.056127], [-44.182575, -20.056127], [-44.182575, -20.056126], [-44.182574, -20.056125], [-44.182574, -20.056125], [-44.182574, -20.056124], [-44.182574, -20.056123], [-44.182573, -20.056123], [-44.182573, -20.056122], [-44.182573, -20.056122], [-44.182573, -20.056121], [-44.182572, -20.05612], [-44.182572, -20.05612], [-44.182572, -20.056119], [-44.182571, -20.056119], [-44.182571, -20.056118], [-44.182571, -20.056117], [-44.18257, -20.056117], [-44.18257, -20.056116], [-44.182569, -20.056116], [-44.182569, -20.056115], [-44.182569, -20.056115], [-44.182568, -20.056114], [-44.182568, -20.056113], [-44.182567, -20.056113], [-44.182567, -20.056112], [-44.182566, -20.056112], [-44.182566, -20.056111], [-44.182565, -20.056111], [-44.182565, -20.05611], [-44.182564, -20.05611], [-44.182564, -20.056109], [-44.182563, -20.056109], [-44.182563, -20.056108], [-44.182562, -20.056108], [-44.182562, -20.056107], [-44.182561, -20.056107]]]}}, {"type": "Feature", "properties": {"bairro": "Jardim Primavera", "pasta": "01_JARDIM_PRIMAVERA", "tipo": "Quadra", "id": null, "QUADRA": null}, "geometry": {"type": "Polygon", "coordinates": [[[-44.181739, -20.055461], [-44.181341, -20.055155], [-44.181137, -20.055386], [-44.181295, -20.05551], [-44.181275, -20.055594], [-44.181348, -20.055904], [-44.181739, -20.055461]]]}}, {"type": "Feature", "properties": {"bairro": "Jardim Primavera", "pasta": "01_JARDIM_PRIMAVERA", "tipo": "Quadra", "id": null, "QUADRA": null}, "geometry": {"type": "Polygon", "coordinates": [[[-44.180381, -20.05476], [-44.1805, -20.054624], [-44.1805, -20.054622], [-44.1805, -20.05462], [-44.1805, -20.054617], [-44.1805, -20.054615], [-44.1805, -20.054612], [-44.1805, -20.05461], [-44.1805, -20.054608], [-44.1805, -20.054605], [-44.180501, -20.054603], [-44.180501, -20.054601], [-44.180501, -20.054598], [-44.180501, -20.054596], [-44.180502, -20.054594], [-44.180502, -20.054591], [-44.180503, -20.054589], [-44.180503, -20.054587], [-44.180504, -20.054584], [-44.180504, -20.054582], [-44.180505, -20.05458], [-44.180506, -20.054577], [-44.180506, -20.054575], [-44.180507, -20.054573], [-44.180508, -20.05457], [-44.180509, -20.054568], [-44.18051, -20.054566], [-44.180511, -20.054564], [-44.180512, -20.054562], [-44.180513, -20.054559], [-44.180514, -20.054557], [-44.180515, -20.054555], [-44.180516, -20.054553], [-44.180517, -20.054551], [-44.180518, -20.054549], [-44.18052, -20.054547], [-44.180521, -20.054545], [-44.180522, -20.054543], [-44.180524, -20.054541], [-44.180525, -20.054539], [-44.180526, -20.054537], [-44.180528, -20.054535], [-44.180529, -20.054533], [-44.180565, -20.054514], [-44.179672, -20.05452], [-44.179581, -20.054517], [-44.179581, -20.054526], [-44.179584, -20.054526], [-44.179586, -20.054527], [-44.179589, -20.054527], [-44.179591, -20.054527], [-44.179594, -20.054527], [-44.179596, -20.054527], [-44.179599, -20.054528], [-44.179601, -20.054528], [-44.179603, -20.054528], [-44.179606, -20.054529], [-44.179608, -20.054529], [-44.179611, -20.05453], [-44.179613, -20.05453], [-44.179615, -20.054531], [-44.179618, -20.054532], [-44.17962, -20.054532], [-44.179622, -20.054533], [-44.179625, -20.054534], [-44.179627, -20.054534], [-44.179629, -20.054535], [-44.179632, -20.054536], [-44.179634, -20.054537], [-44.179636, -20.054538], [-44.179638, -20.054539], [-44.179641, -20.05454], [-44.179643, -20.054541], [-44.179645, -20.054542], [-44.179647, -20.054543], [-44.179649, -20.054544], [-44.179651, -20.054545], [-44.180198, -20.054969], [-44.180381, -20.05476]]]}}, {"type": "Feature", "properties": {"bairro": "Jardim Primavera", "pasta": "01_JARDIM_PRIMAVERA", "tipo": "Quadra", "id": null, "QUADRA": null}, "geometry": {"type": "Polygon", "coordinates": [[[-44.182317, -20.052753], [-44.182182, -20.052712], [-44.181855, -20.052857], [-44.18175, -20.052904], [-44.181741, -20.053108], [-44.182316, -20.052855], [-44.182317, -20.052753]]]}}, {"type": "Feature", "properties": {"bairro": "Jardim Primavera", "pasta": "01_JARDIM_PRIMAVERA", "tipo": "Quadra", "id": null, "QUADRA": null}, "geometry": {"type": "Polygon", "coordinates": [[[-44.184295, -20.055197], [-44.184003, -20.055201], [-44.184033, -20.055653], [-44.184085, -20.05585], [-44.184259, -20.055848], [-44.184295, -20.055197]]]}}, {"type": "Feature", "properties": {"bairro": "Jardim Primavera", "pasta": "01_JARDIM_PRIMAVERA", "tipo": "Quadra", "id": null, "QUADRA": null}, "geometry": {"type": "Polygon", "coordinates": [[[-44.18263, -20.056985], [-44.180522, -20.057196], [-44.180938, -20.058969], [-44.182827, -20.058783], [-44.18263, -20.056985]]]}}, {"type": "Feature", "properties": {"bairro": "Jardim Primavera", "pasta": "01_JARDIM_PRIMAVERA", "tipo": "Quadra", "id": null, "QUADRA": null}, "geometry": {"type": "Polygon", "coordinates": [[[-44.180483, -20.057111], [-44.18027, -20.056354], [-44.179556, -20.05718], [-44.180008, -20.05716], [-44.180009, -20.057248], [-44.180434, -20.057223], [-44.180483, -20.057111]]]}}, {"type": "Feature", "properties": {"bairro": "Jardim Primavera", "pasta": "01_JARDIM_PRIMAVERA", "tipo": "Quadra", "id": null, "QUADRA": null}, "geometry": {"type": "Polygon", "coordinates": [[[-44.178295, -20.054505], [-44.179023, -20.054953], [-44.179394, -20.054511], [-44.179115, -20.054503], [-44.178295, -20.054505]]]}}, {"type": "Feature", "properties": {"bairro": "Jardim Primavera", "pasta": "01_JARDIM_PRIMAVERA", "tipo": "Quadra", "id": null, "QUADRA": null}, "geometry": {"type": "MultiPolygon", "coordinates": [[[[-44.176489, -20.05681], [-44.17657, -20.056839], [-44.17649, -20.056809], [-44.176489, -20.05681]]], [[[-44.17657, -20.056839], [-44.176686, -20.056881], [-44.176685, -20.056882], [-44.176683, -20.056884], [-44.176682, -20.056885], [-44.17668, -20.056887], [-44.176678, -20.056889], [-44.176677, -20.056891], [-44.176675, -20.056893], [-44.176673, -20.056894], [-44.176672, -20.056896], [-44.17667, -20.056898], [-44.176669, -20.0569], [-44.176668, -20.056902], [-44.176666, -20.056904], [-44.176665, -20.056906], [-44.176663, -20.056908], [-44.176662, -20.05691], [-44.176661, -20.056913], [-44.17666, -20.056915], [-44.176659, -20.056917], [-44.176658, -20.056919], [-44.176656, -20.056921], [-44.176655, -20.056923], [-44.176654, -20.056926], [-44.176653, -20.056928], [-44.176653, -20.05693], [-44.176652, -20.056932], [-44.176651, -20.056935], [-44.17665, -20.056937], [-44.176649, -20.056939], [-44.176649, -20.056941], [-44.176648, -20.056944], [-44.176647, -20.056946], [-44.176647, -20.056948], [-44.176646, -20.056951], [-44.176646, -20.056953], [-44.176645, -20.056956], [-44.176645, -20.056958], [-44.176645, -20.05696], [-44.176644, -20.056963], [-44.176644, -20.056965], [-44.176644, -20.056967], [-44.176644, -20.05697], [-44.176643, -20.056972], [-44.176643, -20.056975], [-44.176643, -20.056977], [-44.176643, -20.056979], [-44.176643, -20.056982], [-44.176643, -20.056984], [-44.176644, -20.056987], [-44.176644, -20.056989], [-44.176644, -20.056991], [-44.176644, -20.056994], [-44.176645, -20.056996], [-44.176645, -20.056999], [-44.176645, -20.057001], [-44.176646, -20.057003], [-44.176646, -20.057006], [-44.176647, -20.057008], [-44.176647, -20.05701], [-44.176648, -20.057013], [-44.176649, -20.057015], [-44.176649, -20.057017], [-44.17665, -20.05702], [-44.176651, -20.057022], [-44.176652, -20.057024], [-44.176653, -20.057026], [-44.176653, -20.057029], [-44.176654, -20.057031], [-44.176655, -20.057033], [-44.176656, -20.057035], [-44.176657, -20.057037], [-44.176659, -20.05704], [-44.17666, -20.057042], [-44.176661, -20.057044], [-44.176662, -20.057046], [-44.176663, -20.057048], [-44.176665, -20.05705], [-44.176666, -20.057052], [-44.176667, -20.057054], [-44.176669, -20.057056], [-44.17667, -20.057058], [-44.176672, -20.05706], [-44.176673, -20.057062], [-44.176675, -20.057064], [-44.176676, -20.057066], [-44.176678, -20.057068], [-44.17668, -20.057069], [-44.176681, -20.057071], [-44.176683, -20.057073], [-44.176685, -20.057075], [-44.176687, -20.057076], [-44.176689, -20.057078], [-44.17669, -20.05708], [-44.176692, -20.057081], [-44.176694, -20.057083], [-44.176696, -20.057085], [-44.176698, -20.057086], [-44.1767, -20.057087], [-44.176702, -20.057089], [-44.176704, -20.05709], [-44.176706, -20.057092], [-44.176708, -20.057093], [-44.176711, -20.057094], [-44.176713, -20.057096], [-44.176715, -20.057097], [-44.176717, -20.057098], [-44.176719, -20.057099], [-44.176722, -20.0571], [-44.176724, -20.057102], [-44.176726, -20.057103], [-44.176728, -20.057104], [-44.176731, -20.057105], [-44.176733, -20.057106], [-44.176735, -20.057106], [-44.176738, -20.057107], [-44.17674, -20.057108], [-44.176743, -20.057109], [-44.176745, -20.05711], [-44.176747, -20.05711], [-44.17675, -20.057111], [-44.176752, -20.057112], [-44.176755, -20.057112], [-44.176757, -20.057113], [-44.17676, -20.057113], [-44.176762, -20.057114], [-44.176765, -20.057114], [-44.176767, -20.057115], [-44.17677, -20.057115], [-44.176772, -20.057115], [-44.176775, -20.057115], [-44.176777, -20.057116], [-44.17678, -20.057116], [-44.176782, -20.057116], [-44.176785, -20.057116], [-44.176787, -20.057116], [-44.17679, -20.057116], [-44.176793, -20.057116], [-44.176795, -20.057116], [-44.176798, -20.057116], [-44.1768, -20.057116], [-44.176803, -20.057116], [-44.176805, -20.057115], [-44.176808, -20.057115], [-44.17681, -20.057115], [-44.176813, -20.057114], [-44.176815, -20.057114], [-44.176818, -20.057114], [-44.17682, -20.057113], [-44.176823, -20.057113], [-44.176825, -20.057112], [-44.176828, -20.057111], [-44.17683, -20.057111], [-44.176833, -20.05711], [-44.176835, -20.057109], [-44.176837, -20.057108], [-44.17684, -20.057108], [-44.176842, -20.057107], [-44.176844, -20.057106], [-44.176847, -20.057105], [-44.176849, -20.057104], [-44.176851, -20.057103], [-44.176854, -20.057102], [-44.176856, -20.057101], [-44.176858, -20.0571], [-44.17686, -20.057099], [-44.176863, -20.057097], [-44.176865, -20.057096], [-44.176867, -20.057095], [-44.176869, -20.057094], [-44.176871, -20.057092], [-44.176873, -20.057091], [-44.176875, -20.05709], [-44.176877, -20.057088], [-44.176879, -20.057087], [-44.176881, -20.057085], [-44.176883, -20.057084], [-44.176885, -20.057082], [-44.176887, -20.05708], [-44.176889, -20.057079], [-44.176891, -20.057077], [-44.176893, -20.057075], [-44.176895, -20.057074], [-44.176896, -20.057072], [-44.176898, -20.05707], [-44.1769, -20.057068], [-44.176901, -20.057067], [-44.176972, -20.056986], [-44.177258, -20.057084], [-44.177373, -20.056954], [-44.177527, -20.057075], [-44.177525, -20.057074], [-44.177523, -20.057073], [-44.17752, -20.057072], [-44.177518, -20.057071], [-44.177515, -20.05707], [-44.177513, -20.057069], [-44.177511, -20.057068], [-44.177508, -20.057067], [-44.177506, -20.057067], [-44.177503, -20.057066], [-44.177501, -20.057065], [-44.177498, -20.057065], [-44.177496, -20.057064], [-44.177493, -20.057063], [-44.177491, -20.057063], [-44.177488, -20.057062], [-44.177486, -20.057062], [-44.177483, -20.057062], [-44.177481, -20.057061], [-44.177478, -20.057061], [-44.177476, -20.057061], [-44.177473, -20.05706], [-44.17747, -20.05706], [-44.177468, -20.05706], [-44.177465, -20.05706], [-44.177463, -20.05706], [-44.17746, -20.05706], [-44.177458, -20.05706], [-44.177455, -20.05706], [-44.177452, -20.05706], [-44.17745, -20.05706], [-44.177447, -20.05706], [-44.177445, -20.05706], [-44.177442, -20.057061], [-44.17744, -20.057061], [-44.177437, -20.057061], [-44.177435, -20.057062], [-44.177432, -20.057062], [-44.177429, -20.057063], [-44.177427, -20.057063], [-44.177424, -20.057064], [-44.177422, -20.057064], [-44.177419, -20.057065], [-44.177417, -20.057066], [-44.177415, -20.057066], [-44.177412, -20.057067], [-44.17741, -20.057068], [-44.177407, -20.057069], [-44.177405, -20.05707], [-44.177403, -20.057071], [-44.1774, -20.057072], [-44.177398, -20.057073], [-44.177395, -20.057074], [-44.177393, -20.057075], [-44.177391, -20.057076], [-44.177389, -20.057077], [-44.177386, -20.057078], [-44.177384, -20.05708], [-44.177382, -20.057081], [-44.17738, -20.057082], [-44.177378, -20.057083], [-44.177375, -20.057085], [-44.177373, -20.057086], [-44.177371, -20.057088], [-44.177369, -20.057089], [-44.177367, -20.057091], [-44.177365, -20.057092], [-44.177363, -20.057094], [-44.177361, -20.057095], [-44.177359, -20.057097], [-44.177358, -20.057099], [-44.177356, -20.0571], [-44.177354, -20.057102], [-44.177352, -20.057104], [-44.17735, -20.057106], [-44.177349, -20.057107], [-44.177347, -20.057109], [-44.177345, -20.057111], [-44.177344, -20.057113], [-44.177342, -20.057115], [-44.177341, -20.057117], [-44.177339, -20.057119], [-44.177338, -20.057121], [-44.177336, -20.057123], [-44.177335, -20.057125], [-44.177334, -20.057127], [-44.177332, -20.057129], [-44.177331, -20.057131], [-44.17733, -20.057133], [-44.177329, -20.057136], [-44.177327, -20.057138], [-44.177326, -20.05714], [-44.177325, -20.057142], [-44.177324, -20.057144], [-44.177323, -20.057147], [-44.177322, -20.057149], [-44.177321, -20.057151], [-44.17732, -20.057153], [-44.17732, -20.057156], [-44.177319, -20.057158], [-44.177318, -20.05716], [-44.177317, -20.057163], [-44.177317, -20.057165], [-44.177316, -20.057168], [-44.177316, -20.05717], [-44.177315, -20.057172], [-44.177315, -20.057175], [-44.177314, -20.057177], [-44.177314, -20.057179], [-44.177313, -20.057182], [-44.177313, -20.057184], [-44.177313, -20.057187], [-44.177313, -20.057189], [-44.177312, -20.057192], [-44.177312, -20.057194], [-44.177312, -20.057196], [-44.177312, -20.057199], [-44.177312, -20.057201], [-44.177312, -20.057204], [-44.177312, -20.057206], [-44.177313, -20.057209], [-44.177313, -20.057211], [-44.177313, -20.057213], [-44.177313, -20.057216], [-44.177314, -20.057218], [-44.177314, -20.057221], [-44.177314, -20.057223], [-44.177315, -20.057225], [-44.177315, -20.057228], [-44.177316, -20.05723], [-44.177316, -20.057233], [-44.177317, -20.057235], [-44.177318, -20.057237], [-44.177319, -20.05724], [-44.177319, -20.057242], [-44.17732, -20.057244], [-44.177321, -20.057247], [-44.177322, -20.057249], [-44.177323, -20.057251], [-44.177324, -20.057253], [-44.177325, -20.057256], [-44.177326, -20.057258], [-44.177327, -20.05726], [-44.177328, -20.057262], [-44.177329, -20.057264], [-44.17733, -20.057267], [-44.177332, -20.057269], [-44.177333, -20.057271], [-44.177334, -20.057273], [-44.177336, -20.057275], [-44.177337, -20.057277], [-44.177339, -20.057279], [-44.17734, -20.057281], [-44.177342, -20.057283], [-44.177343, -20.057285], [-44.177345, -20.057287], [-44.177346, -20.057289], [-44.177348, -20.05729], [-44.17735, -20.057292], [-44.177352, -20.057294], [-44.177353, -20.057296], [-44.177355, -20.057298], [-44.177357, -20.057299], [-44.177359, -20.057301], [-44.177361, -20.057303], [-44.177363, -20.057304], [-44.177365, -20.057306], [-44.177367, -20.057307], [-44.177369, -20.057309], [-44.177371, -20.05731], [-44.177373, -20.057312], [-44.177375, -20.057313], [-44.177377, -20.057315], [-44.177379, -20.057316], [-44.177381, -20.057317], [-44.177383, -20.057319], [-44.177386, -20.05732], [-44.177388, -20.057321], [-44.17739, -20.057322], [-44.177392, -20.057323], [-44.177395, -20.057324], [-44.177397, -20.057326], [-44.177399, -20.057327], [-44.177402, -20.057328], [-44.177404, -20.057328], [-44.177406, -20.057329], [-44.177409, -20.05733], [-44.177411, -20.057331], [-44.177414, -20.057332], [-44.177416, -20.057333], [-44.177419, -20.057333], [-44.177421, -20.057334], [-44.177424, -20.057335], [-44.177426, -20.057335], [-44.177429, -20.057336], [-44.177431, -20.057336], [-44.177434, -20.057337], [-44.177436, -20.057337], [-44.177439, -20.057337], [-44.177441, -20.057338], [-44.177444, -20.057338], [-44.177446, -20.057338], [-44.177449, -20.057338], [-44.177451, -20.057339], [-44.177454, -20.057339], [-44.177457, -20.057339], [-44.177459, -20.057339], [-44.177462, -20.057339], [-44.177464, -20.057339], [-44.177467, -20.057339], [-44.17747, -20.057339], [-44.177472, -20.057338], [-44.177475, -20.057338], [-44.177477, -20.057338], [-44.17748, -20.057338], [-44.177482, -20.057337], [-44.177485, -20.057337], [-44.177487, -20.057336], [-44.17749, -20.057336], [-44.177492, -20.057335], [-44.177495, -20.057335], [-44.177497, -20.057334], [-44.1775, -20.057334], [-44.177502, -20.057333], [-44.177505, -20.057332], [-44.177507, -20.057332], [-44.17751, -20.057331], [-44.177512, -20.05733], [-44.177515, -20.057329], [-44.177517, -20.057328], [-44.177519, -20.057327], [-44.177522, -20.057326], [-44.177524, -20.057325], [-44.177526, -20.057324], [-44.177529, -20.057323], [-44.177531, -20.057322], [-44.177533, -20.057321], [-44.177535, -20.057319], [-44.177538, -20.057318], [-44.17754, -20.057317], [-44.177542, -20.057315], [-44.177544, -20.057314], [-44.177546, -20.057313], [-44.177548, -20.057311], [-44.17755, -20.05731], [-44.177552, -20.057308], [-44.177554, -20.057307], [-44.177556, -20.057305], [-44.177558, -20.057304], [-44.17756, -20.057302], [-44.177562, -20.0573], [-44.177564, -20.057299], [-44.177566, -20.057297], [-44.177567, -20.057295], [-44.177569, -20.057293], [-44.177571, -20.057291], [-44.177573, -20.05729], [-44.177574, -20.057288], [-44.177576, -20.057286], [-44.177577, -20.057284], [-44.177579, -20.057282], [-44.17758, -20.05728], [-44.177582, -20.057278], [-44.177634, -20.057219], [-44.177848, -20.057359], [-44.177949, -20.057291], [-44.178012, -20.057252], [-44.178133, -20.057216], [-44.178285, -20.057188], [-44.179338, -20.057119], [-44.179556, -20.05718], [-44.179407, -20.057358], [-44.178267, -20.057452], [-44.17764, -20.057508], [-44.176958, -20.057176], [-44.176714, -20.057104], [-44.176417, -20.056892], [-44.176489, -20.05681], [-44.17657, -20.056839]]]]}}, {"type": "Feature", "properties": {"bairro": "Jardim Primavera", "pasta": "01_JARDIM_PRIMAVERA", "tipo": "Quadra", "id": null, "QUADRA": null}, "geometry": {"type": "Polygon", "coordinates": [[[-44.183602, -20.056033], [-44.183535, -20.056094], [-44.183643, -20.056124], [-44.183665, -20.056045], [-44.183602, -20.056033]]]}}, {"type": "Feature", "properties": {"bairro": "Jardim Primavera", "pasta": "01_JARDIM_PRIMAVERA", "tipo": "Quadra", "id": null, "QUADRA": "08"}, "geometry": {"type": "Polygon", "coordinates": [[[-44.180905, -20.054188], [-44.180904, -20.053804], [-44.180905, -20.053669], [-44.180905, -20.05351], [-44.180555, -20.05367], [-44.180552, -20.053979], [-44.180669, -20.054013], [-44.180905, -20.054188]]]}}, {"type": "Feature", "properties": {"bairro": "Jardim Primavera", "pasta": "01_JARDIM_PRIMAVERA", "tipo": "Quadra", "id": null, "QUADRA": "05"}, "geometry": {"type": "Polygon", "coordinates": [[[-44.181583, -20.052961], [-44.181583, -20.052853], [-44.181583, -20.052744], [-44.181584, -20.052546], [-44.181584, -20.052546], [-44.181584, -20.052545], [-44.181584, -20.052545], [-44.181584, -20.052544], [-44.181584, -20.052544], [-44.181584, -20.052543], [-44.181584, -20.052543], [-44.181584, -20.052542], [-44.181584, -20.052542], [-44.181584, -20.052541], [-44.181584, -20.052541], [-44.181584, -20.05254], [-44.181584, -20.05254], [-44.181584, -20.052539], [-44.181584, -20.052539], [-44.181583, -20.052539], [-44.181583, -20.052538], [-44.181583, -20.052538], [-44.181583, -20.052537], [-44.181583, -20.052537], [-44.181583, -20.052536], [-44.181583, -20.052536], [-44.181583, -20.052535], [-44.181582, -20.052535], [-44.181582, -20.052534], [-44.181582, -20.052534], [-44.181582, -20.052534], [-44.181582, -20.052533], [-44.181581, -20.052533], [-44.181581, -20.052532], [-44.181581, -20.052532], [-44.181581, -20.052531], [-44.181581, -20.052531], [-44.18158, -20.052531], [-44.18158, -20.05253], [-44.18158, -20.05253], [-44.18158, -20.052529], [-44.181579, -20.052529], [-44.181579, -20.052529], [-44.181579, -20.052528], [-44.181578, -20.052528], [-44.181578, -20.052527], [-44.181578, -20.052527], [-44.181577, -20.052527], [-44.181577, -20.052526], [-44.181577, -20.052526], [-44.181577, -20.052526], [-44.181576, -20.052525], [-44.181576, -20.052525], [-44.181575, -20.052525], [-44.181575, -20.052524], [-44.181575, -20.052524], [-44.181574, -20.052524], [-44.181574, -20.052523], [-44.181574, -20.052523], [-44.181573, -20.052523], [-44.181573, -20.052522], [-44.181572, -20.052522], [-44.181572, -20.052522], [-44.181572, -20.052522], [-44.181571, -20.052521], [-44.181571, -20.052521], [-44.18157, -20.052521], [-44.18157, -20.052521], [-44.18157, -20.05252], [-44.181569, -20.05252], [-44.18144, -20.052481], [-44.181297, -20.052437], [-44.181131, -20.052387], [-44.181047, -20.052361], [-44.181047, -20.052361], [-44.181046, -20.052361], [-44.181046, -20.052361], [-44.181045, -20.052361], [-44.181045, -20.05236], [-44.181044, -20.05236], [-44.181044, -20.05236], [-44.181043, -20.05236], [-44.181043, -20.05236], [-44.181042, -20.05236], [-44.181042, -20.05236], [-44.181041, -20.05236], [-44.181041, -20.05236], [-44.18104, -20.05236], [-44.18104, -20.05236], [-44.181039, -20.05236], [-44.181039, -20.05236], [-44.181038, -20.05236], [-44.181038, -20.05236], [-44.181037, -20.05236], [-44.181037, -20.05236], [-44.181036, -20.05236], [-44.181036, -20.05236], [-44.181035, -20.05236], [-44.181035, -20.05236], [-44.181034, -20.05236], [-44.181034, -20.05236], [-44.181033, -20.05236], [-44.181033, -20.05236], [-44.181032, -20.05236], [-44.181032, -20.05236], [-44.181031, -20.05236], [-44.181031, -20.052361], [-44.181031, -20.052361], [-44.18103, -20.052361], [-44.18103, -20.052361], [-44.181029, -20.052361], [-44.181029, -20.052361], [-44.181028, -20.052361], [-44.181028, -20.052362], [-44.181027, -20.052362], [-44.181027, -20.052362], [-44.181026, -20.052362], [-44.181026, -20.052362], [-44.181025, -20.052363], [-44.181025, -20.052363], [-44.181025, -20.052363], [-44.181024, -20.052363], [-44.181024, -20.052363], [-44.181023, -20.052364], [-44.181023, -20.052364], [-44.181022, -20.052364], [-44.181022, -20.052364], [-44.181022, -20.052365], [-44.181021, -20.052365], [-44.181021, -20.052365], [-44.18102, -20.052366], [-44.18102, -20.052366], [-44.18102, -20.052366], [-44.181019, -20.052366], [-44.181019, -20.052367], [-44.181018, -20.052367], [-44.181018, -20.052367], [-44.181018, -20.052368], [-44.181017, -20.052368], [-44.181017, -20.052368], [-44.181017, -20.052369], [-44.181016, -20.052369], [-44.181016, -20.05237], [-44.181016, -20.05237], [-44.181015, -20.05237], [-44.181015, -20.052371], [-44.181015, -20.052371], [-44.181015, -20.052371], [-44.181014, -20.052372], [-44.181014, -20.052372], [-44.181014, -20.052373], [-44.181014, -20.052373], [-44.181013, -20.052373], [-44.181013, -20.052374], [-44.181013, -20.052374], [-44.181013, -20.052375], [-44.181012, -20.052375], [-44.181012, -20.052376], [-44.181012, -20.052376], [-44.181012, -20.052376], [-44.181012, -20.052377], [-44.181011, -20.052377], [-44.181011, -20.052378], [-44.181011, -20.052378], [-44.181011, -20.052379], [-44.181011, -20.052379], [-44.181011, -20.05238], [-44.18101, -20.05238], [-44.18101, -20.05238], [-44.18101, -20.052381], [-44.18101, -20.052381], [-44.18101, -20.052382], [-44.18101, -20.052382], [-44.18101, -20.052383], [-44.181009, -20.052611], [-44.181009, -20.052611], [-44.181009, -20.052719], [-44.181009, -20.052719], [-44.181009, -20.052828], [-44.181009, -20.052936], [-44.181009, -20.053044], [-44.181009, -20.053216], [-44.181296, -20.053089], [-44.181583, -20.052961]]]}}, {"type": "Feature", "properties": {"bairro": "Jardim Primavera", "pasta": "01_JARDIM_PRIMAVERA", "tipo": "Quadra", "id": null, "QUADRA": "06"}, "geometry": {"type": "Polygon", "coordinates": [[[-44.1816, -20.054303], [-44.181601, -20.05417], [-44.181601, -20.054061], [-44.181602, -20.053953], [-44.181603, -20.053844], [-44.181603, -20.053736], [-44.181604, -20.053627], [-44.181605, -20.053519], [-44.181606, -20.053411], [-44.181607, -20.053166], [-44.181317, -20.053292], [-44.181032, -20.053407], [-44.181031, -20.053516], [-44.18103, -20.053624], [-44.18103, -20.053733], [-44.181029, -20.053841], [-44.181028, -20.053949], [-44.181028, -20.054058], [-44.181027, -20.054166], [-44.181028, -20.054282], [-44.181139, -20.054369], [-44.181247, -20.054453], [-44.181393, -20.054568], [-44.181573, -20.054708], [-44.181573, -20.054708], [-44.181573, -20.054708], [-44.181573, -20.054709], [-44.181573, -20.054709], [-44.181574, -20.054709], [-44.181574, -20.054709], [-44.181574, -20.054709], [-44.181574, -20.05471], [-44.181574, -20.05471], [-44.181574, -20.05471], [-44.181575, -20.05471], [-44.181575, -20.05471], [-44.181575, -20.05471], [-44.181575, -20.05471], [-44.181575, -20.054711], [-44.181576, -20.054711], [-44.181576, -20.054711], [-44.181576, -20.054711], [-44.181576, -20.054711], [-44.181576, -20.054711], [-44.181577, -20.054711], [-44.181577, -20.054712], [-44.181577, -20.054712], [-44.181577, -20.054712], [-44.181577, -20.054712], [-44.181578, -20.054712], [-44.181578, -20.054712], [-44.181578, -20.054712], [-44.181578, -20.054712], [-44.181578, -20.054713], [-44.181579, -20.054713], [-44.181579, -20.054713], [-44.181579, -20.054713], [-44.181579, -20.054713], [-44.18158, -20.054713], [-44.18158, -20.054713], [-44.18158, -20.054713], [-44.18158, -20.054713], [-44.18158, -20.054713], [-44.181581, -20.054713], [-44.181581, -20.054713], [-44.181581, -20.054713], [-44.181581, -20.054713], [-44.181582, -20.054714], [-44.181582, -20.054714], [-44.181582, -20.054714], [-44.181582, -20.054714], [-44.181583, -20.054714], [-44.181583, -20.054714], [-44.181583, -20.054714], [-44.181583, -20.054714], [-44.181584, -20.054714], [-44.181584, -20.054714], [-44.181584, -20.054714], [-44.181584, -20.054714], [-44.181585, -20.054714], [-44.181585, -20.054714], [-44.181585, -20.054714], [-44.181585, -20.054714], [-44.181586, -20.054714], [-44.181586, -20.054714], [-44.181586, -20.054714], [-44.181586, -20.054714], [-44.181587, -20.054714], [-44.181587, -20.054714], [-44.181587, -20.054714], [-44.181587, -20.054713], [-44.181588, -20.054713], [-44.181588, -20.054713], [-44.181588, -20.054713], [-44.181588, -20.054713], [-44.181588, -20.054713], [-44.181589, -20.054713], [-44.181589, -20.054713], [-44.181589, -20.054713], [-44.181589, -20.054713], [-44.18159, -20.054713], [-44.18159, -20.054713], [-44.18159, -20.054713], [-44.18159, -20.054713], [-44.181591, -20.054712], [-44.181591, -20.054712], [-44.181591, -20.054712], [-44.181591, -20.054712], [-44.181591, -20.054712], [-44.181592, -20.054712], [-44.181592, -20.054712], [-44.181592, -20.054712], [-44.181592, -20.054712], [-44.181592, -20.054711], [-44.181593, -20.054711], [-44.181593, -20.054711], [-44.181593, -20.054711], [-44.181593, -20.054711], [-44.181593, -20.054711], [-44.181594, -20.054711], [-44.181594, -20.05471], [-44.181594, -20.05471], [-44.181594, -20.05471], [-44.181594, -20.05471], [-44.181595, -20.05471], [-44.181595, -20.05471], [-44.181595, -20.054709], [-44.181595, -20.054709], [-44.181595, -20.054709], [-44.181595, -20.054709], [-44.181595, -20.054709], [-44.181596, -20.054708], [-44.181596, -20.054708], [-44.181596, -20.054708], [-44.181596, -20.054708], [-44.181596, -20.054708], [-44.181596, -20.054708], [-44.181596, -20.054707], [-44.181597, -20.054707], [-44.181597, -20.054707], [-44.181597, -20.054707], [-44.181597, -20.054707], [-44.181597, -20.054706], [-44.181597, -20.054706], [-44.181597, -20.054706], [-44.181597, -20.054706], [-44.181597, -20.054705], [-44.181598, -20.054705], [-44.181598, -20.054705], [-44.181598, -20.054705], [-44.181598, -20.054705], [-44.181598, -20.054704], [-44.181598, -20.054704], [-44.181598, -20.054704], [-44.181598, -20.054704], [-44.181598, -20.054703], [-44.181598, -20.054703], [-44.181598, -20.054703], [-44.181598, -20.054703], [-44.181598, -20.054703], [-44.181598, -20.054702], [-44.181598, -20.054702], [-44.181598, -20.054702], [-44.181598, -20.054702], [-44.181599, -20.054481], [-44.1816, -20.054303]]]}}, {"type": "Feature", "properties": {"bairro": "Jardim Primavera", "pasta": "01_JARDIM_PRIMAVERA", "tipo": "Quadra", "id": null, "QUADRA": "04"}, "geometry": {"type": "Polygon", "coordinates": [[[-44.18186, -20.052612], [-44.181744, -20.052576], [-44.18175, -20.052904], [-44.181855, -20.052857], [-44.182182, -20.052712], [-44.18186, -20.052612]]]}}, {"type": "Feature", "properties": {"bairro": "Jardim Primavera", "pasta": "01_JARDIM_PRIMAVERA", "tipo": "Quadra", "id": null, "QUADRA": "03"}, "geometry": {"type": "Polygon", "coordinates": [[[-44.18174, -20.054084], [-44.18174, -20.054193], [-44.18174, -20.054301], [-44.181739, -20.054409], [-44.181739, -20.054518], [-44.181739, -20.054626], [-44.181747, -20.054836], [-44.181864, -20.05493], [-44.181952, -20.055], [-44.182041, -20.055069], [-44.182129, -20.055138], [-44.18235, -20.055311], [-44.182423, -20.055228], [-44.182496, -20.055144], [-44.18257, -20.055061], [-44.182643, -20.054977], [-44.182716, -20.054894], [-44.182523, -20.054689], [-44.182466, -20.054594], [-44.182417, -20.054497], [-44.182375, -20.054393], [-44.182346, -20.05429], [-44.182326, -20.054187], [-44.182313, -20.054085], [-44.182314, -20.053976], [-44.182314, -20.053868], [-44.182314, -20.053759], [-44.182314, -20.053651], [-44.182314, -20.053543], [-44.182314, -20.053434], [-44.182314, -20.053326], [-44.182314, -20.053217], [-44.182315, -20.053109], [-44.182316, -20.052855], [-44.182028, -20.052982], [-44.181741, -20.053108], [-44.181741, -20.053217], [-44.181741, -20.053325], [-44.18174, -20.053434], [-44.18174, -20.053542], [-44.18174, -20.05365], [-44.18174, -20.053759], [-44.18174, -20.053867], [-44.18174, -20.053976], [-44.18174, -20.054084]]]}}, {"type": "Feature", "properties": {"bairro": "Jardim Primavera", "pasta": "01_JARDIM_PRIMAVERA", "tipo": "Quadra", "id": null, "QUADRA": "09"}, "geometry": {"type": "Polygon", "coordinates": [[[-44.183045, -20.055815], [-44.183046, -20.055816], [-44.183046, -20.055817], [-44.183047, -20.055817], [-44.183048, -20.055818], [-44.183049, -20.055818], [-44.18305, -20.055819], [-44.18305, -20.055819], [-44.183051, -20.055819], [-44.183052, -20.05582], [-44.183053, -20.05582], [-44.183054, -20.055821], [-44.183054, -20.055821], [-44.183055, -20.055822], [-44.183056, -20.055822], [-44.183057, -20.055822], [-44.183058, -20.055823], [-44.183059, -20.055823], [-44.183059, -20.055823], [-44.18306, -20.055824], [-44.183061, -20.055824], [-44.183062, -20.055824], [-44.183063, -20.055824], [-44.183064, -20.055825], [-44.183065, -20.055825], [-44.183066, -20.055825], [-44.183067, -20.055825], [-44.183068, -20.055826], [-44.183068, -20.055826], [-44.183069, -20.055826], [-44.18307, -20.055826], [-44.183071, -20.055826], [-44.183072, -20.055826], [-44.183073, -20.055826], [-44.183074, -20.055827], [-44.183075, -20.055827], [-44.183076, -20.055827], [-44.183077, -20.055827], [-44.183078, -20.055827], [-44.183079, -20.055827], [-44.18308, -20.055827], [-44.183081, -20.055827], [-44.183081, -20.055827], [-44.183082, -20.055827], [-44.183083, -20.055827], [-44.183084, -20.055827], [-44.183085, -20.055826], [-44.183086, -20.055826], [-44.183087, -20.055826], [-44.183088, -20.055826], [-44.183089, -20.055826], [-44.18309, -20.055826], [-44.183091, -20.055826], [-44.183092, -20.055825], [-44.183093, -20.055824], [-44.183095, -20.055822], [-44.183097, -20.055821], [-44.183099, -20.055819], [-44.183101, -20.055818], [-44.183103, -20.055816], [-44.183105, -20.055815], [-44.183107, -20.055813], [-44.183109, -20.055812], [-44.183111, -20.055811], [-44.183113, -20.055809], [-44.183115, -20.055808], [-44.183117, -20.055807], [-44.18312, -20.055806], [-44.183122, -20.055805], [-44.183124, -20.055803], [-44.183126, -20.055802], [-44.183128, -20.055801], [-44.183131, -20.0558], [-44.183133, -20.055799], [-44.183135, -20.055798], [-44.183138, -20.055797], [-44.18314, -20.055797], [-44.183142, -20.055796], [-44.183145, -20.055795], [-44.183147, -20.055794], [-44.183149, -20.055794], [-44.183152, -20.055793], [-44.183154, -20.055792], [-44.183157, -20.055792], [-44.183159, -20.055791], [-44.183161, -20.055791], [-44.183164, -20.05579], [-44.183166, -20.05579], [-44.183169, -20.055789], [-44.183171, -20.055789], [-44.183174, -20.055789], [-44.183176, -20.055788], [-44.183179, -20.055788], [-44.183181, -20.055788], [-44.183184, -20.055788], [-44.183186, -20.055788], [-44.183189, -20.055788], [-44.183191, -20.055788], [-44.183194, -20.055788], [-44.183196, -20.055788], [-44.183199, -20.055788], [-44.183201, -20.055788], [-44.183204, -20.055788], [-44.183206, -20.055788], [-44.183209, -20.055789], [-44.183211, -20.055789], [-44.183214, -20.055789], [-44.183216, -20.05579], [-44.183219, -20.05579], [-44.183221, -20.055791], [-44.183223, -20.055791], [-44.183226, -20.055792], [-44.183228, -20.055792], [-44.183231, -20.055793], [-44.183233, -20.055793], [-44.183235, -20.055794], [-44.183238, -20.055795], [-44.18324, -20.055796], [-44.183243, -20.055797], [-44.183245, -20.055797], [-44.183247, -20.055798], [-44.183249, -20.055799], [-44.183252, -20.0558], [-44.183254, -20.055801], [-44.183256, -20.055802], [-44.183258, -20.055803], [-44.183261, -20.055804], [-44.183263, -20.055806], [-44.183265, -20.055807], [-44.183267, -20.055808], [-44.183269, -20.055809], [-44.183271, -20.055811], [-44.183273, -20.055812], [-44.183275, -20.055813], [-44.183277, -20.055815], [-44.183279, -20.055816], [-44.183281, -20.055818], [-44.183283, -20.055819], [-44.183285, -20.055821], [-44.183287, -20.055822], [-44.183289, -20.055824], [-44.183291, -20.055825], [-44.183293, -20.055827], [-44.183294, -20.055829], [-44.183296, -20.05583], [-44.183298, -20.055832], [-44.183299, -20.055834], [-44.183301, -20.055836], [-44.183303, -20.055837], [-44.183304, -20.055839], [-44.183306, -20.055841], [-44.183307, -20.055843], [-44.183309, -20.055845], [-44.18331, -20.055847], [-44.183312, -20.055849], [-44.183313, -20.055851], [-44.183314, -20.055853], [-44.183316, -20.055855], [-44.183317, -20.055857], [-44.183318, -20.055859], [-44.183319, -20.055861], [-44.18332, -20.055863], [-44.183321, -20.055865], [-44.183323, -20.055867], [-44.183324, -20.05587], [-44.183325, -20.055872], [-44.183325, -20.055874], [-44.183326, -20.055876], [-44.183327, -20.055878], [-44.183328, -20.055881], [-44.183329, -20.055883], [-44.18333, -20.055885], [-44.18333, -20.055887], [-44.183331, -20.05589], [-44.183331, -20.055892], [-44.183332, -20.055894], [-44.183333, -20.055896], [-44.183333, -20.055899], [-44.183333, -20.055901], [-44.183334, -20.055903], [-44.183334, -20.055906], [-44.183335, -20.055908], [-44.183335, -20.05591], [-44.183335, -20.055913], [-44.183335, -20.055915], [-44.183335, -20.055918], [-44.183335, -20.05592], [-44.183335, -20.055922], [-44.183335, -20.055925], [-44.183335, -20.055927], [-44.183335, -20.055929], [-44.183335, -20.055932], [-44.183285, -20.055992], [-44.183413, -20.056109], [-44.183535, -20.056094], [-44.183602, -20.056033], [-44.183603, -20.056022], [-44.183655, -20.056027], [-44.183677, -20.055946], [-44.183762, -20.055673], [-44.183674, -20.055604], [-44.183586, -20.055535], [-44.183497, -20.055466], [-44.183409, -20.055396], [-44.183321, -20.055327], [-44.183233, -20.055258], [-44.183144, -20.055189], [-44.183056, -20.05512], [-44.182835, -20.054946], [-44.182762, -20.05503], [-44.182689, -20.055113], [-44.182615, -20.055197], [-44.182542, -20.05528], [-44.182469, -20.055364], [-44.18269, -20.055537], [-44.182778, -20.055606], [-44.182866, -20.055675], [-44.182955, -20.055744], [-44.183043, -20.055814], [-44.183044, -20.055814], [-44.183044, -20.055815], [-44.183045, -20.055815]]]}}, {"type": "Feature", "properties": {"bairro": "Jardim Primavera", "pasta": "01_JARDIM_PRIMAVERA", "tipo": "Quadra", "id": null, "QUADRA": "01"}, "geometry": {"type": "Polygon", "coordinates": [[[-44.18321, -20.055082], [-44.18321, -20.055083], [-44.183389, -20.055222], [-44.18349, -20.0553], [-44.183634, -20.055412], [-44.183859, -20.055586], [-44.18386, -20.055307], [-44.183861, -20.055135], [-44.183861, -20.05501], [-44.183861, -20.0549], [-44.183862, -20.054792], [-44.183862, -20.054683], [-44.183862, -20.054575], [-44.183862, -20.054466], [-44.183863, -20.054358], [-44.183863, -20.054249], [-44.183863, -20.054141], [-44.183863, -20.054033], [-44.183864, -20.053924], [-44.183864, -20.053816], [-44.183864, -20.053707], [-44.183865, -20.053599], [-44.183865, -20.05349], [-44.183865, -20.053382], [-44.183865, -20.053273], [-44.183866, -20.053165], [-44.183866, -20.053057], [-44.183866, -20.052948], [-44.183866, -20.05284], [-44.183867, -20.052569], [-44.183724, -20.0526], [-44.183542, -20.05264], [-44.183404, -20.052676], [-44.183217, -20.052716], [-44.183216, -20.052947], [-44.183216, -20.053055], [-44.183215, -20.053164], [-44.183215, -20.053272], [-44.183215, -20.05338], [-44.183215, -20.053489], [-44.183214, -20.053597], [-44.183214, -20.053706], [-44.183214, -20.053814], [-44.183213, -20.053923], [-44.183213, -20.054031], [-44.183213, -20.054139], [-44.183213, -20.054248], [-44.183212, -20.054356], [-44.183212, -20.054465], [-44.183212, -20.054573], [-44.183212, -20.054682], [-44.183211, -20.05479], [-44.183211, -20.054898], [-44.18321, -20.055082]]]}}, {"type": "Feature", "properties": {"bairro": "Jardim Primavera", "pasta": "01_JARDIM_PRIMAVERA", "tipo": "Quadra", "id": null, "QUADRA": "02"}, "geometry": {"type": "Polygon", "coordinates": [[[-44.182494, -20.053988], [-44.182496, -20.054097], [-44.182512, -20.054239], [-44.182552, -20.054382], [-44.182552, -20.054382], [-44.182623, -20.054534], [-44.182624, -20.054534], [-44.182684, -20.054627], [-44.182753, -20.05471], [-44.182864, -20.054813], [-44.183036, -20.054948], [-44.183037, -20.054948], [-44.183037, -20.054948], [-44.183037, -20.054948], [-44.183037, -20.054948], [-44.183038, -20.054949], [-44.183038, -20.054949], [-44.183038, -20.054949], [-44.183038, -20.054949], [-44.183039, -20.05495], [-44.183039, -20.05495], [-44.183039, -20.05495], [-44.183039, -20.05495], [-44.18304, -20.05495], [-44.18304, -20.054951], [-44.18304, -20.054951], [-44.18304, -20.054951], [-44.183041, -20.054951], [-44.183041, -20.054951], [-44.183041, -20.054951], [-44.183042, -20.054952], [-44.183042, -20.054952], [-44.183042, -20.054952], [-44.183042, -20.054952], [-44.183043, -20.054952], [-44.183043, -20.054952], [-44.183043, -20.054952], [-44.183044, -20.054953], [-44.183044, -20.054953], [-44.183044, -20.054953], [-44.183044, -20.054953], [-44.183045, -20.054953], [-44.183045, -20.054953], [-44.183045, -20.054953], [-44.183046, -20.054953], [-44.183046, -20.054953], [-44.183046, -20.054953], [-44.183047, -20.054953], [-44.183047, -20.054954], [-44.183047, -20.054954], [-44.183048, -20.054954], [-44.183048, -20.054954], [-44.183048, -20.054954], [-44.183049, -20.054954], [-44.183049, -20.054954], [-44.183049, -20.054954], [-44.18305, -20.054954], [-44.18305, -20.054954], [-44.18305, -20.054954], [-44.183051, -20.054954], [-44.183051, -20.054954], [-44.183051, -20.054954], [-44.183052, -20.054954], [-44.183052, -20.054954], [-44.183052, -20.054954], [-44.183053, -20.054954], [-44.183053, -20.054954], [-44.183053, -20.054954], [-44.183054, -20.054954], [-44.183054, -20.054954], [-44.183054, -20.054954], [-44.183055, -20.054954], [-44.183055, -20.054954], [-44.183055, -20.054954], [-44.183056, -20.054953], [-44.183056, -20.054953], [-44.183056, -20.054953], [-44.183056, -20.054953], [-44.183057, -20.054953], [-44.183057, -20.054953], [-44.183057, -20.054953], [-44.183058, -20.054953], [-44.183058, -20.054953], [-44.183058, -20.054953], [-44.183059, -20.054952], [-44.183059, -20.054952], [-44.183059, -20.054952], [-44.18306, -20.054952], [-44.18306, -20.054952], [-44.18306, -20.054952], [-44.18306, -20.054952], [-44.183061, -20.054951], [-44.183061, -20.054951], [-44.183061, -20.054951], [-44.183062, -20.054951], [-44.183062, -20.054951], [-44.183062, -20.054951], [-44.183062, -20.05495], [-44.183063, -20.05495], [-44.183063, -20.05495], [-44.183063, -20.05495], [-44.183063, -20.05495], [-44.183064, -20.054949], [-44.183064, -20.054949], [-44.183064, -20.054949], [-44.183064, -20.054949], [-44.183065, -20.054949], [-44.183065, -20.054948], [-44.183065, -20.054948], [-44.183065, -20.054948], [-44.183065, -20.054948], [-44.183066, -20.054947], [-44.183066, -20.054947], [-44.183066, -20.054947], [-44.183066, -20.054947], [-44.183066, -20.054946], [-44.183067, -20.054946], [-44.183067, -20.054946], [-44.183067, -20.054946], [-44.183067, -20.054945], [-44.183067, -20.054945], [-44.183068, -20.054945], [-44.183068, -20.054945], [-44.183068, -20.054944], [-44.183068, -20.054944], [-44.183068, -20.054944], [-44.183068, -20.054943], [-44.183068, -20.054943], [-44.183069, -20.054943], [-44.183069, -20.054943], [-44.183069, -20.054942], [-44.183069, -20.054942], [-44.183069, -20.054942], [-44.183069, -20.054941], [-44.183069, -20.054941], [-44.183069, -20.054941], [-44.183069, -20.054941], [-44.183069, -20.05494], [-44.18307, -20.05494], [-44.18307, -20.05494], [-44.18307, -20.054939], [-44.18307, -20.054939], [-44.18307, -20.054939], [-44.18307, -20.054938], [-44.18307, -20.054938], [-44.183069, -20.054716], [-44.183068, -20.054584], [-44.183068, -20.054429], [-44.183067, -20.054313], [-44.183068, -20.054205], [-44.183068, -20.054097], [-44.183068, -20.053988], [-44.183068, -20.05388], [-44.183068, -20.053771], [-44.183068, -20.053663], [-44.183068, -20.053554], [-44.183068, -20.053446], [-44.183068, -20.053338], [-44.183069, -20.053229], [-44.183069, -20.053121], [-44.183069, -20.05276], [-44.182954, -20.052791], [-44.18284, -20.052811], [-44.182725, -20.052818], [-44.18261, -20.052813], [-44.182496, -20.052801], [-44.182495, -20.05312], [-44.182495, -20.053229], [-44.182495, -20.053337], [-44.182495, -20.053445], [-44.182495, -20.053554], [-44.182494, -20.053662], [-44.182494, -20.053771], [-44.182494, -20.053879], [-44.182494, -20.053988]]]}}, {"type": "Feature", "properties": {"bairro": "Jardim Primavera", "pasta": "01_JARDIM_PRIMAVERA", "tipo": "Quadra", "id": null, "QUADRA": "12"}, "geometry": {"type": "Polygon", "coordinates": [[[-44.180962, -20.05564], [-44.181239, -20.055581], [-44.181261, -20.055512], [-44.181121, -20.055401], [-44.180951, -20.055596], [-44.180962, -20.05564]], [[-44.181241, -20.056804], [-44.181215, -20.056699], [-44.18119, -20.056593], [-44.181164, -20.056487], [-44.181138, -20.056382], [-44.181113, -20.056276], [-44.181087, -20.05617], [-44.181062, -20.056064], [-44.181036, -20.055959], [-44.18101, -20.055853], [-44.180985, -20.055747], [-44.180959, -20.055642], [-44.180962, -20.055641], [-44.181239, -20.055581], [-44.181264, -20.055687], [-44.18129, -20.055793], [-44.181316, -20.055898], [-44.181341, -20.056004], [-44.181367, -20.05611], [-44.181392, -20.056215], [-44.181418, -20.056321], [-44.181444, -20.056427], [-44.181469, -20.056532], [-44.181495, -20.056638], [-44.181521, -20.056744], [-44.181561, -20.056911], [-44.181604, -20.057087], [-44.181311, -20.057117], [-44.181308, -20.05711], [-44.181311, -20.05711], [-44.181313, -20.057109], [-44.181315, -20.057108], [-44.181318, -20.057108], [-44.18132, -20.057107], [-44.181323, -20.057106], [-44.181325, -20.057105], [-44.181327, -20.057105], [-44.18133, -20.057104], [-44.181332, -20.057103], [-44.181334, -20.057102], [-44.181337, -20.057101], [-44.181339, -20.0571], [-44.181341, -20.057099], [-44.181343, -20.057098], [-44.181346, -20.057097], [-44.181348, -20.057096], [-44.18135, -20.057094], [-44.181352, -20.057093], [-44.181354, -20.057092], [-44.181356, -20.057091], [-44.181358, -20.057089], [-44.181361, -20.057088], [-44.181363, -20.057087], [-44.181365, -20.057085], [-44.181367, -20.057084], [-44.181369, -20.057082], [-44.18137, -20.057081], [-44.181372, -20.057079], [-44.181374, -20.057077], [-44.181376, -20.057076], [-44.181378, -20.057074], [-44.18138, -20.057073], [-44.181381, -20.057071], [-44.181383, -20.057069], [-44.181385, -20.057067], [-44.181386, -20.057066], [-44.181388, -20.057064], [-44.18139, -20.057062], [-44.181391, -20.05706], [-44.181393, -20.057058], [-44.181394, -20.057056], [-44.181396, -20.057054], [-44.181397, -20.057052], [-44.181398, -20.05705], [-44.1814, -20.057048], [-44.181401, -20.057046], [-44.181402, -20.057044], [-44.181404, -20.057042], [-44.181405, -20.05704], [-44.181406, -20.057038], [-44.181407, -20.057036], [-44.181408, -20.057034], [-44.181409, -20.057031], [-44.18141, -20.057029], [-44.181411, -20.057027], [-44.181412, -20.057025], [-44.181413, -20.057023], [-44.181414, -20.05702], [-44.181414, -20.057018], [-44.181415, -20.057016], [-44.181416, -20.057014], [-44.181416, -20.057011], [-44.181417, -20.057009], [-44.181418, -20.057007], [-44.181418, -20.057004], [-44.181419, -20.057002], [-44.181419, -20.057], [-44.18142, -20.056997], [-44.18142, -20.056995], [-44.18142, -20.056993], [-44.181421, -20.05699], [-44.181421, -20.056988], [-44.181421, -20.056986], [-44.181421, -20.056983], [-44.181421, -20.056981], [-44.181421, -20.056978], [-44.181421, -20.056976], [-44.181421, -20.056974], [-44.181421, -20.056971], [-44.181421, -20.056969], [-44.181421, -20.056967], [-44.181421, -20.056964], [-44.18142, -20.056962], [-44.18142, -20.056959], [-44.18142, -20.056957], [-44.181419, -20.056955], [-44.181419, -20.056952], [-44.181419, -20.05695], [-44.181418, -20.056948], [-44.181418, -20.056945], [-44.181417, -20.056943], [-44.181416, -20.056941], [-44.181416, -20.056939], [-44.181415, -20.056936], [-44.181414, -20.056934], [-44.181414, -20.056932], [-44.181413, -20.05693], [-44.181412, -20.056927], [-44.181411, -20.056925], [-44.18141, -20.056923], [-44.181409, -20.056921], [-44.181408, -20.056918], [-44.181407, -20.056916], [-44.181406, -20.056914], [-44.181405, -20.056912], [-44.181404, -20.05691], [-44.181403, -20.056908], [-44.181402, -20.056906], [-44.181401, -20.056904], [-44.181399, -20.056902], [-44.181398, -20.0569], [-44.181397, -20.056898], [-44.181395, -20.056896], [-44.181394, -20.056894], [-44.181392, -20.056892], [-44.181391, -20.05689], [-44.181389, -20.056888], [-44.181388, -20.056886], [-44.181386, -20.056884], [-44.181385, -20.056883], [-44.181383, -20.056881], [-44.181381, -20.056879], [-44.181379, -20.056878], [-44.181378, -20.056876], [-44.181376, -20.056874], [-44.181374, -20.056873], [-44.181372, -20.056871], [-44.18137, -20.056869], [-44.181368, -20.056868], [-44.181367, -20.056866], [-44.181365, -20.056865], [-44.181363, -20.056864], [-44.181361, -20.056862], [-44.181359, -20.056861], [-44.181356, -20.056859], [-44.181354, -20.056858], [-44.181352, -20.056857], [-44.18135, -20.056856], [-44.181348, -20.056854], [-44.181346, -20.056853], [-44.181344, -20.056852], [-44.181341, -20.056851], [-44.181339, -20.05685], [-44.181337, -20.056849], [-44.181335, -20.056848], [-44.181332, -20.056847], [-44.18133, -20.056846], [-44.181328, -20.056845], [-44.181325, -20.056845], [-44.181323, -20.056844], [-44.181321, -20.056843], [-44.181318, -20.056842], [-44.181316, -20.056842], [-44.181313, -20.056841], [-44.181311, -20.056841], [-44.181309, -20.05684], [-44.181306, -20.05684], [-44.181304, -20.056839], [-44.181301, -20.056839], [-44.181299, -20.056838], [-44.181296, -20.056838], [-44.181294, -20.056838], [-44.181291, -20.056837], [-44.181289, -20.056837], [-44.181286, -20.056837], [-44.181284, -20.056837], [-44.181281, -20.056837], [-44.181279, -20.056837], [-44.181276, -20.056837], [-44.181274, -20.056837], [-44.181271, -20.056837], [-44.181269, -20.056837], [-44.181268, -20.056837], [-44.181267, -20.056836], [-44.181267, -20.056836], [-44.181266, -20.056836], [-44.181265, -20.056836], [-44.181265, -20.056835], [-44.181264, -20.056835], [-44.181263, -20.056835], [-44.181263, -20.056834], [-44.181262, -20.056834], [-44.181262, -20.056834], [-44.181261, -20.056833], [-44.18126, -20.056833], [-44.18126, -20.056833], [-44.181259, -20.056832], [-44.181258, -20.056832], [-44.181258, -20.056831], [-44.181257, -20.056831], [-44.181257, -20.056831], [-44.181256, -20.05683], [-44.181256, -20.05683], [-44.181255, -20.056829], [-44.181254, -20.056829], [-44.181254, -20.056828], [-44.181253, -20.056828], [-44.181253, -20.056827], [-44.181252, -20.056827], [-44.181252, -20.056826], [-44.181251, -20.056826], [-44.181251, -20.056825], [-44.18125, -20.056825], [-44.18125, -20.056824], [-44.18125, -20.056824], [-44.181249, -20.056823], [-44.181249, -20.056823], [-44.181248, -20.056822], [-44.181248, -20.056822], [-44.181247, -20.056821], [-44.181247, -20.05682], [-44.181247, -20.05682], [-44.181246, -20.056819], [-44.181246, -20.056819], [-44.181246, -20.056818], [-44.181245, -20.056817], [-44.181245, -20.056817], [-44.181245, -20.056816], [-44.181244, -20.056816], [-44.181244, -20.056815], [-44.181244, -20.056814], [-44.181243, -20.056814], [-44.181243, -20.056813], [-44.181243, -20.056812], [-44.181243, -20.056812], [-44.181242, -20.056811], [-44.181242, -20.05681], [-44.181242, -20.05681], [-44.181242, -20.056809], [-44.181242, -20.056808], [-44.181242, -20.056808], [-44.181241, -20.056807], [-44.181241, -20.056806], [-44.181241, -20.056806], [-44.181241, -20.056805], [-44.181241, -20.056804]]]}}, {"type": "Feature", "properties": {"bairro": "Jardim Primavera", "pasta": "01_JARDIM_PRIMAVERA", "tipo": "Quadra", "id": null, "QUADRA": "13"}, "geometry": {"type": "Polygon", "coordinates": [[[-44.180517, -20.057095], [-44.180516, -20.057097], [-44.180515, -20.057099], [-44.180514, -20.057101], [-44.180513, -20.057103], [-44.180513, -20.057106], [-44.180512, -20.057108], [-44.180511, -20.05711], [-44.18051, -20.057112], [-44.180509, -20.057114], [-44.180507, -20.057116], [-44.180506, -20.057118], [-44.180505, -20.05712], [-44.180504, -20.057122], [-44.180503, -20.057124], [-44.180501, -20.057126], [-44.1805, -20.057128], [-44.180499, -20.057129], [-44.180497, -20.057131], [-44.180496, -20.057133], [-44.180495, -20.057135], [-44.180493, -20.057137], [-44.180492, -20.057139], [-44.18049, -20.05714], [-44.180488, -20.057142], [-44.180487, -20.057144], [-44.180485, -20.057145], [-44.180483, -20.057147], [-44.180482, -20.057149], [-44.18048, -20.05715], [-44.180478, -20.057152], [-44.180477, -20.057153], [-44.180475, -20.057155], [-44.180473, -20.057156], [-44.180471, -20.057158], [-44.180469, -20.057159], [-44.180467, -20.05716], [-44.180465, -20.057162], [-44.180463, -20.057163], [-44.180461, -20.057164], [-44.180459, -20.057166], [-44.180457, -20.057167], [-44.180455, -20.057168], [-44.180453, -20.057169], [-44.180451, -20.05717], [-44.180449, -20.057171], [-44.180447, -20.057172], [-44.180445, -20.057173], [-44.180442, -20.057174], [-44.18044, -20.057175], [-44.180438, -20.057176], [-44.180436, -20.057177], [-44.180434, -20.057178], [-44.180431, -20.057179], [-44.180429, -20.057179], [-44.180427, -20.05718], [-44.180424, -20.057181], [-44.180422, -20.057181], [-44.18042, -20.057182], [-44.180418, -20.057183], [-44.180415, -20.057183], [-44.180413, -20.057184], [-44.18041, -20.057184], [-44.180413, -20.057197], [-44.180533, -20.057185], [-44.180871, -20.057151], [-44.181181, -20.057121], [-44.181153, -20.057001], [-44.181127, -20.056896], [-44.181102, -20.05679], [-44.181076, -20.056684], [-44.181051, -20.056578], [-44.181025, -20.056473], [-44.180999, -20.056367], [-44.180974, -20.056261], [-44.180944, -20.056138], [-44.180902, -20.055971], [-44.180851, -20.055756], [-44.180851, -20.055756], [-44.180851, -20.055756], [-44.180851, -20.055755], [-44.180851, -20.055755], [-44.18085, -20.055755], [-44.18085, -20.055755], [-44.18085, -20.055754], [-44.18085, -20.055754], [-44.18085, -20.055754], [-44.18085, -20.055754], [-44.18085, -20.055754], [-44.18085, -20.055753], [-44.18085, -20.055753], [-44.18085, -20.055753], [-44.18085, -20.055753], [-44.180849, -20.055752], [-44.180849, -20.055752], [-44.180849, -20.055752], [-44.180849, -20.055752], [-44.180849, -20.055752], [-44.180849, -20.055751], [-44.180849, -20.055751], [-44.180848, -20.055751], [-44.180848, -20.055751], [-44.180848, -20.05575], [-44.180848, -20.05575], [-44.180848, -20.05575], [-44.180848, -20.05575], [-44.180848, -20.05575], [-44.180847, -20.055749], [-44.180847, -20.055749], [-44.180847, -20.055749], [-44.180847, -20.055749], [-44.180847, -20.055749], [-44.180846, -20.055749], [-44.180846, -20.055748], [-44.180846, -20.055748], [-44.180846, -20.055748], [-44.180846, -20.055748], [-44.180845, -20.055748], [-44.180845, -20.055748], [-44.180845, -20.055747], [-44.180845, -20.055747], [-44.180845, -20.055747], [-44.180844, -20.055747], [-44.180844, -20.055747], [-44.180844, -20.055747], [-44.180844, -20.055747], [-44.180843, -20.055746], [-44.180843, -20.055746], [-44.180843, -20.055746], [-44.180843, -20.055746], [-44.180843, -20.055746], [-44.180842, -20.055746], [-44.180842, -20.055746], [-44.180842, -20.055746], [-44.180842, -20.055746], [-44.180841, -20.055745], [-44.180841, -20.055745], [-44.180841, -20.055745], [-44.180841, -20.055745], [-44.18084, -20.055745], [-44.18084, -20.055745], [-44.18084, -20.055745], [-44.18084, -20.055745], [-44.180839, -20.055745], [-44.180839, -20.055745], [-44.180839, -20.055745], [-44.180839, -20.055745], [-44.180838, -20.055745], [-44.180838, -20.055745], [-44.180838, -20.055745], [-44.180837, -20.055745], [-44.180837, -20.055745], [-44.180837, -20.055745], [-44.180837, -20.055744], [-44.180836, -20.055744], [-44.180836, -20.055744], [-44.180836, -20.055744], [-44.180836, -20.055744], [-44.180835, -20.055744], [-44.180835, -20.055744], [-44.180835, -20.055744], [-44.180835, -20.055745], [-44.180834, -20.055745], [-44.180834, -20.055745], [-44.180834, -20.055745], [-44.180833, -20.055745], [-44.180833, -20.055745], [-44.180833, -20.055745], [-44.180833, -20.055745], [-44.180832, -20.055745], [-44.180832, -20.055745], [-44.180832, -20.055745], [-44.180832, -20.055745], [-44.180831, -20.055745], [-44.180831, -20.055745], [-44.180831, -20.055745], [-44.180831, -20.055745], [-44.18083, -20.055745], [-44.18083, -20.055745], [-44.18083, -20.055746], [-44.18083, -20.055746], [-44.180829, -20.055746], [-44.180829, -20.055746], [-44.180829, -20.055746], [-44.180829, -20.055746], [-44.180828, -20.055746], [-44.180828, -20.055746], [-44.180828, -20.055746], [-44.180828, -20.055747], [-44.180828, -20.055747], [-44.180827, -20.055747], [-44.180827, -20.055747], [-44.180827, -20.055747], [-44.180827, -20.055747], [-44.180826, -20.055747], [-44.180826, -20.055748], [-44.180826, -20.055748], [-44.180678, -20.055917], [-44.180554, -20.056055], [-44.180467, -20.056151], [-44.180347, -20.056292], [-44.180393, -20.056497], [-44.180419, -20.056602], [-44.180444, -20.056708], [-44.18047, -20.056814], [-44.180496, -20.056919], [-44.180523, -20.057055], [-44.180523, -20.057057], [-44.180523, -20.057059], [-44.180523, -20.057061], [-44.180523, -20.057064], [-44.180523, -20.057066], [-44.180523, -20.057068], [-44.180522, -20.057071], [-44.180522, -20.057073], [-44.180522, -20.057075], [-44.180521, -20.057077], [-44.180521, -20.057079], [-44.18052, -20.057082], [-44.18052, -20.057084], [-44.180519, -20.057086], [-44.180519, -20.057088], [-44.180518, -20.057091], [-44.180517, -20.057093], [-44.180517, -20.057095]]]}}, {"type": "Feature", "properties": {"bairro": "Jardim Primavera", "pasta": "01_JARDIM_PRIMAVERA", "tipo": "Quadra", "id": null, "QUADRA": "10"}, "geometry": {"type": "Polygon", "coordinates": [[[-44.180771, -20.054715], [-44.18077, -20.054715], [-44.18077, -20.054714], [-44.180769, -20.054714], [-44.180768, -20.054714], [-44.180767, -20.054714], [-44.180767, -20.054714], [-44.180766, -20.054714], [-44.180765, -20.054714], [-44.180765, -20.054714], [-44.180764, -20.054714], [-44.180763, -20.054714], [-44.180762, -20.054714], [-44.180762, -20.054714], [-44.180761, -20.054714], [-44.18076, -20.054714], [-44.180759, -20.054714], [-44.180759, -20.054714], [-44.180758, -20.054714], [-44.180757, -20.054714], [-44.180757, -20.054714], [-44.180756, -20.054714], [-44.180755, -20.054714], [-44.180754, -20.054714], [-44.180754, -20.054714], [-44.180753, -20.054715], [-44.180752, -20.054715], [-44.180752, -20.054715], [-44.180751, -20.054715], [-44.18075, -20.054715], [-44.180749, -20.054715], [-44.180749, -20.054716], [-44.180748, -20.054716], [-44.180747, -20.054716], [-44.180747, -20.054716], [-44.180746, -20.054717], [-44.180745, -20.054717], [-44.180745, -20.054717], [-44.180744, -20.054717], [-44.180743, -20.054718], [-44.180743, -20.054718], [-44.180742, -20.054718], [-44.180741, -20.054719], [-44.180741, -20.054719], [-44.18074, -20.054719], [-44.18074, -20.05472], [-44.180739, -20.05472], [-44.180738, -20.05472], [-44.180738, -20.054721], [-44.180737, -20.054721], [-44.180737, -20.054722], [-44.180736, -20.054722], [-44.180735, -20.054722], [-44.180735, -20.054723], [-44.180734, -20.054723], [-44.180734, -20.054724], [-44.180733, -20.054724], [-44.180733, -20.054725], [-44.180732, -20.054725], [-44.180732, -20.054726], [-44.180731, -20.054726], [-44.180731, -20.054727], [-44.180729, -20.054728], [-44.180727, -20.054729], [-44.180725, -20.054731], [-44.180722, -20.054732], [-44.18072, -20.054733], [-44.180718, -20.054734], [-44.180716, -20.054736], [-44.180714, -20.054737], [-44.180712, -20.054738], [-44.18071, -20.054739], [-44.180707, -20.05474], [-44.180705, -20.054741], [-44.180703, -20.054742], [-44.180701, -20.054743], [-44.180698, -20.054744], [-44.180696, -20.054744], [-44.180694, -20.054745], [-44.180691, -20.054746], [-44.180689, -20.054747], [-44.180687, -20.054747], [-44.180684, -20.054748], [-44.180682, -20.054749], [-44.180679, -20.054749], [-44.180677, -20.05475], [-44.180675, -20.05475], [-44.180672, -20.054751], [-44.18067, -20.054751], [-44.180667, -20.054751], [-44.180665, -20.054752], [-44.180662, -20.054752], [-44.18066, -20.054752], [-44.180657, -20.054753], [-44.180655, -20.054753], [-44.180653, -20.054753], [-44.18065, -20.054753], [-44.180648, -20.054753], [-44.180645, -20.054753], [-44.180643, -20.054753], [-44.18064, -20.054753], [-44.180638, -20.054753], [-44.180635, -20.054753], [-44.180632, -20.054753], [-44.18063, -20.054752], [-44.180627, -20.054752], [-44.180625, -20.054752], [-44.180622, -20.054751], [-44.18062, -20.054751], [-44.180617, -20.054751], [-44.180615, -20.05475], [-44.180613, -20.05475], [-44.18061, -20.054749], [-44.180608, -20.054748], [-44.180605, -20.054748], [-44.180603, -20.054747], [-44.1806, -20.054746], [-44.180598, -20.054746], [-44.180596, -20.054745], [-44.180593, -20.054744], [-44.180591, -20.054743], [-44.180589, -20.054742], [-44.180586, -20.054741], [-44.180584, -20.05474], [-44.180582, -20.054739], [-44.180579, -20.054738], [-44.180577, -20.054737], [-44.180575, -20.054736], [-44.180573, -20.054735], [-44.180571, -20.054734], [-44.180568, -20.054732], [-44.180566, -20.054731], [-44.180564, -20.05473], [-44.180562, -20.054728], [-44.18056, -20.054727], [-44.180558, -20.054726], [-44.180556, -20.054724], [-44.180554, -20.054723], [-44.180552, -20.054721], [-44.18055, -20.05472], [-44.180548, -20.054718], [-44.180546, -20.054716], [-44.180545, -20.054715], [-44.180543, -20.054713], [-44.180541, -20.054711], [-44.180539, -20.05471], [-44.180538, -20.054708], [-44.180536, -20.054706], [-44.180534, -20.054704], [-44.180533, -20.054703], [-44.180531, -20.054701], [-44.180529, -20.054699], [-44.180528, -20.054697], [-44.180526, -20.054695], [-44.180525, -20.054693], [-44.180524, -20.054691], [-44.180522, -20.054689], [-44.180521, -20.054687], [-44.18052, -20.054685], [-44.180518, -20.054683], [-44.180517, -20.054681], [-44.180516, -20.054679], [-44.180515, -20.054677], [-44.180514, -20.054674], [-44.180513, -20.054672], [-44.180512, -20.05467], [-44.180511, -20.054668], [-44.18051, -20.054666], [-44.180509, -20.054663], [-44.180508, -20.054661], [-44.180507, -20.054659], [-44.180506, -20.054657], [-44.180506, -20.054654], [-44.180505, -20.054652], [-44.180504, -20.05465], [-44.180504, -20.054647], [-44.180503, -20.054645], [-44.180503, -20.054643], [-44.180502, -20.05464], [-44.180502, -20.054638], [-44.180501, -20.054636], [-44.180501, -20.054633], [-44.180501, -20.054631], [-44.180501, -20.054629], [-44.1805, -20.054626], [-44.1805, -20.054624], [-44.180381, -20.05476], [-44.180198, -20.054969], [-44.180286, -20.055038], [-44.180375, -20.055107], [-44.180463, -20.055176], [-44.180551, -20.055245], [-44.18064, -20.055315], [-44.180861, -20.055487], [-44.180934, -20.055404], [-44.181007, -20.05532], [-44.18108, -20.055237], [-44.181153, -20.055153], [-44.181227, -20.05507], [-44.181006, -20.054897], [-44.180917, -20.054828], [-44.180829, -20.054759], [-44.180774, -20.054715], [-44.180773, -20.054715], [-44.180772, -20.054715], [-44.180772, -20.054715], [-44.180771, -20.054715]], [[-44.180932, -20.054981], [-44.180882, -20.055038], [-44.181006, -20.054897], [-44.180932, -20.054981]]]}}, {"type": "Feature", "properties": {"bairro": "Jardim Primavera", "pasta": "01_JARDIM_PRIMAVERA", "tipo": "Quadra", "id": null, "QUADRA": "11"}, "geometry": {"type": "Polygon", "coordinates": [[[-44.179904, -20.055647], [-44.179993, -20.055715], [-44.180083, -20.055783], [-44.180083, -20.055783], [-44.180172, -20.055852], [-44.180182, -20.05584], [-44.180173, -20.055852], [-44.180396, -20.056023], [-44.180478, -20.055925], [-44.18055, -20.055841], [-44.180622, -20.055757], [-44.180694, -20.055672], [-44.180766, -20.055588], [-44.180543, -20.055418], [-44.180454, -20.055349], [-44.180365, -20.055281], [-44.180276, -20.055213], [-44.180186, -20.055145], [-44.180097, -20.055077], [-44.180008, -20.055008], [-44.179919, -20.05494], [-44.179829, -20.054872], [-44.17974, -20.054804], [-44.179701, -20.054776], [-44.1797, -20.054776], [-44.1797, -20.054776], [-44.179699, -20.054775], [-44.179699, -20.054775], [-44.179698, -20.054775], [-44.179698, -20.054774], [-44.179697, -20.054774], [-44.179697, -20.054773], [-44.179696, -20.054773], [-44.179696, -20.054773], [-44.179695, -20.054772], [-44.179695, -20.054772], [-44.179694, -20.054772], [-44.179694, -20.054772], [-44.179693, -20.054771], [-44.179692, -20.054771], [-44.179692, -20.054771], [-44.179691, -20.054771], [-44.179691, -20.05477], [-44.17969, -20.05477], [-44.17969, -20.05477], [-44.179689, -20.05477], [-44.179688, -20.054769], [-44.179688, -20.054769], [-44.179687, -20.054769], [-44.179687, -20.054769], [-44.179686, -20.054769], [-44.179686, -20.054768], [-44.179685, -20.054768], [-44.179684, -20.054768], [-44.179684, -20.054768], [-44.179683, -20.054768], [-44.179682, -20.054768], [-44.179682, -20.054768], [-44.179681, -20.054768], [-44.179681, -20.054768], [-44.17968, -20.054768], [-44.179679, -20.054767], [-44.179679, -20.054767], [-44.179678, -20.054767], [-44.179678, -20.054767], [-44.179677, -20.054767], [-44.179676, -20.054767], [-44.179676, -20.054767], [-44.179675, -20.054767], [-44.179674, -20.054767], [-44.179674, -20.054767], [-44.179673, -20.054767], [-44.179673, -20.054767], [-44.179672, -20.054768], [-44.179671, -20.054768], [-44.179671, -20.054768], [-44.17967, -20.054768], [-44.179669, -20.054768], [-44.179669, -20.054768], [-44.179668, -20.054768], [-44.179668, -20.054768], [-44.179667, -20.054768], [-44.179666, -20.054769], [-44.179666, -20.054769], [-44.179665, -20.054769], [-44.179665, -20.054769], [-44.179664, -20.054769], [-44.179663, -20.054769], [-44.179663, -20.05477], [-44.179662, -20.05477], [-44.179662, -20.05477], [-44.179661, -20.05477], [-44.179661, -20.054771], [-44.179659, -20.054772], [-44.179657, -20.054774], [-44.179655, -20.054775], [-44.179653, -20.054777], [-44.179651, -20.054778], [-44.179649, -20.05478], [-44.179647, -20.054781], [-44.179645, -20.054783], [-44.179643, -20.054784], [-44.179641, -20.054785], [-44.179639, -20.054787], [-44.179637, -20.054788], [-44.179635, -20.054789], [-44.179633, -20.05479], [-44.179631, -20.054791], [-44.179629, -20.054793], [-44.179626, -20.054794], [-44.179624, -20.054795], [-44.179622, -20.054796], [-44.17962, -20.054797], [-44.179617, -20.054798], [-44.179615, -20.054798], [-44.179613, -20.054799], [-44.179611, -20.0548], [-44.179608, -20.054801], [-44.179606, -20.054802], [-44.179603, -20.054802], [-44.179601, -20.054803], [-44.179599, -20.054804], [-44.179596, -20.054804], [-44.179594, -20.054805], [-44.179592, -20.054805], [-44.179589, -20.054806], [-44.179587, -20.054806], [-44.179584, -20.054807], [-44.179582, -20.054807], [-44.179579, -20.054807], [-44.179577, -20.054808], [-44.179574, -20.054808], [-44.179572, -20.054808], [-44.179569, -20.054808], [-44.179567, -20.054808], [-44.179564, -20.054808], [-44.179562, -20.054809], [-44.17956, -20.054809], [-44.179557, -20.054808], [-44.179555, -20.054808], [-44.179552, -20.054808], [-44.17955, -20.054808], [-44.179547, -20.054808], [-44.179545, -20.054808], [-44.179542, -20.054807], [-44.17954, -20.054807], [-44.179537, -20.054807], [-44.179535, -20.054806], [-44.179532, -20.054806], [-44.17953, -20.054805], [-44.179527, -20.054805], [-44.179525, -20.054804], [-44.179522, -20.054804], [-44.17952, -20.054803], [-44.179518, -20.054802], [-44.179515, -20.054802], [-44.179513, -20.054801], [-44.179511, -20.0548], [-44.179508, -20.054799], [-44.179506, -20.054798], [-44.179504, -20.054797], [-44.179501, -20.054796], [-44.179499, -20.054795], [-44.179497, -20.054794], [-44.179495, -20.054793], [-44.179492, -20.054792], [-44.17949, -20.054791], [-44.179488, -20.05479], [-44.179486, -20.054789], [-44.179484, -20.054787], [-44.179482, -20.054786], [-44.17948, -20.054785], [-44.179477, -20.054783], [-44.179475, -20.054782], [-44.179473, -20.054781], [-44.179471, -20.054779], [-44.17947, -20.054778], [-44.179468, -20.054776], [-44.179466, -20.054775], [-44.179464, -20.054773], [-44.179462, -20.054771], [-44.17946, -20.05477], [-44.179458, -20.054768], [-44.179457, -20.054766], [-44.179455, -20.054765], [-44.179453, -20.054763], [-44.179452, -20.054761], [-44.17945, -20.054759], [-44.179448, -20.054758], [-44.179447, -20.054756], [-44.179445, -20.054754], [-44.179444, -20.054752], [-44.179442, -20.05475], [-44.179441, -20.054748], [-44.17944, -20.054746], [-44.179438, -20.054744], [-44.179437, -20.054742], [-44.179436, -20.05474], [-44.179435, -20.054738], [-44.179433, -20.054736], [-44.179432, -20.054734], [-44.179431, -20.054732], [-44.17943, -20.05473], [-44.179429, -20.054727], [-44.179428, -20.054725], [-44.179427, -20.054723], [-44.179426, -20.054721], [-44.179425, -20.054719], [-44.179424, -20.054716], [-44.179424, -20.054714], [-44.179423, -20.054712], [-44.179422, -20.05471], [-44.179422, -20.054707], [-44.179421, -20.054705], [-44.17942, -20.054703], [-44.17942, -20.0547], [-44.179419, -20.054698], [-44.179419, -20.054696], [-44.179418, -20.054693], [-44.179418, -20.054691], [-44.179418, -20.054689], [-44.179417, -20.054686], [-44.179417, -20.054684], [-44.179417, -20.054682], [-44.179417, -20.054679], [-44.179417, -20.054677], [-44.179417, -20.054675], [-44.179417, -20.054672], [-44.179417, -20.05467], [-44.179417, -20.054667], [-44.179417, -20.054665], [-44.179417, -20.054663], [-44.179417, -20.05466], [-44.179418, -20.054658], [-44.179418, -20.054656], [-44.179418, -20.054653], [-44.179419, -20.054651], [-44.179419, -20.054649], [-44.179419, -20.054646], [-44.17942, -20.054644], [-44.17942, -20.054642], [-44.179421, -20.054639], [-44.179422, -20.054637], [-44.179422, -20.054635], [-44.179423, -20.054633], [-44.179424, -20.05463], [-44.179425, -20.054628], [-44.179425, -20.054626], [-44.179426, -20.054624], [-44.179427, -20.054621], [-44.179428, -20.054619], [-44.179429, -20.054617], [-44.17943, -20.054615], [-44.179431, -20.054613], [-44.179432, -20.054611], [-44.179434, -20.054609], [-44.179435, -20.054606], [-44.179436, -20.054604], [-44.179437, -20.054602], [-44.179439, -20.0546], [-44.17944, -20.054598], [-44.179441, -20.054596], [-44.179443, -20.054594], [-44.179444, -20.054593], [-44.179446, -20.054591], [-44.179447, -20.054589], [-44.179449, -20.054587], [-44.17945, -20.054585], [-44.179452, -20.054583], [-44.179454, -20.054581], [-44.179455, -20.05458], [-44.179457, -20.054578], [-44.179459, -20.054576], [-44.17946, -20.054575], [-44.179462, -20.054573], [-44.179464, -20.054571], [-44.179466, -20.05457], [-44.179468, -20.054568], [-44.17947, -20.054567], [-44.179472, -20.054565], [-44.179474, -20.054564], [-44.179476, -20.054562], [-44.179478, -20.054561], [-44.17948, -20.05456], [-44.179482, -20.054558], [-44.179484, -20.054557], [-44.179486, -20.054556], [-44.179488, -20.054555], [-44.179491, -20.054554], [-44.179493, -20.054552], [-44.179495, -20.054551], [-44.179497, -20.05455], [-44.179499, -20.054549], [-44.179502, -20.054548], [-44.179504, -20.054547], [-44.179506, -20.054546], [-44.179509, -20.054545], [-44.179511, -20.054545], [-44.179513, -20.054544], [-44.179516, -20.054543], [-44.179518, -20.054542], [-44.17952, -20.054542], [-44.179523, -20.054541], [-44.179525, -20.05454], [-44.179528, -20.05454], [-44.17953, -20.054539], [-44.179533, -20.054539], [-44.179535, -20.054538], [-44.179538, -20.054538], [-44.17954, -20.054538], [-44.179542, -20.054537], [-44.179545, -20.054537], [-44.179547, -20.054537], [-44.17955, -20.054537], [-44.179552, -20.054536], [-44.179555, -20.054536], [-44.179581, -20.054526], [-44.179581, -20.054517], [-44.179394, -20.054511], [-44.179203, -20.054742], [-44.179023, -20.054953], [-44.179112, -20.055021], [-44.179201, -20.055089], [-44.17929, -20.055157], [-44.179379, -20.055225], [-44.179469, -20.055294], [-44.179558, -20.055362], [-44.179647, -20.05543], [-44.179726, -20.05551], [-44.179815, -20.055579], [-44.179904, -20.055647]]]}}, {"type": "Feature", "properties": {"bairro": "Jardim Primavera", "pasta": "01_JARDIM_PRIMAVERA", "tipo": "Quadra", "id": null, "QUADRA": "14"}, "geometry": {"type": "Polygon", "coordinates": [[[-44.177807, -20.054941], [-44.177879, -20.054996], [-44.177952, -20.05505], [-44.178042, -20.055118], [-44.178132, -20.055185], [-44.178222, -20.055252], [-44.178312, -20.055319], [-44.178402, -20.055386], [-44.178492, -20.055454], [-44.178582, -20.055521], [-44.178672, -20.055588], [-44.178762, -20.055655], [-44.178852, -20.055723], [-44.178942, -20.05579], [-44.179032, -20.055857], [-44.179122, -20.055924], [-44.179212, -20.055992], [-44.179302, -20.056059], [-44.179392, -20.056126], [-44.179499, -20.056204], [-44.179635, -20.056306], [-44.179637, -20.056307], [-44.179818, -20.056444], [-44.179818, -20.056444], [-44.179818, -20.056444], [-44.179819, -20.056445], [-44.179819, -20.056445], [-44.17982, -20.056445], [-44.17982, -20.056446], [-44.17982, -20.056446], [-44.179821, -20.056446], [-44.179821, -20.056446], [-44.179822, -20.056447], [-44.179822, -20.056447], [-44.179822, -20.056447], [-44.179823, -20.056448], [-44.179823, -20.056448], [-44.179824, -20.056448], [-44.179824, -20.056448], [-44.179825, -20.056449], [-44.179825, -20.056449], [-44.179826, -20.056449], [-44.179826, -20.056449], [-44.179827, -20.05645], [-44.179827, -20.05645], [-44.179828, -20.05645], [-44.179828, -20.05645], [-44.179828, -20.05645], [-44.179829, -20.056451], [-44.179829, -20.056451], [-44.17983, -20.056451], [-44.17983, -20.056451], [-44.179831, -20.056451], [-44.179831, -20.056451], [-44.179832, -20.056451], [-44.179832, -20.056452], [-44.179833, -20.056452], [-44.179833, -20.056452], [-44.179834, -20.056452], [-44.179834, -20.056452], [-44.179835, -20.056452], [-44.179836, -20.056452], [-44.179836, -20.056452], [-44.179837, -20.056452], [-44.179837, -20.056452], [-44.179838, -20.056452], [-44.179838, -20.056452], [-44.179839, -20.056452], [-44.179839, -20.056452], [-44.17984, -20.056452], [-44.17984, -20.056452], [-44.179841, -20.056452], [-44.179841, -20.056452], [-44.179842, -20.056452], [-44.179842, -20.056452], [-44.179843, -20.056452], [-44.179843, -20.056452], [-44.179844, -20.056452], [-44.179844, -20.056452], [-44.179845, -20.056452], [-44.179845, -20.056452], [-44.179846, -20.056452], [-44.179846, -20.056452], [-44.179847, -20.056452], [-44.179847, -20.056451], [-44.179848, -20.056451], [-44.179848, -20.056451], [-44.179849, -20.056451], [-44.179849, -20.056451], [-44.17985, -20.056451], [-44.17985, -20.05645], [-44.179851, -20.05645], [-44.179851, -20.05645], [-44.179852, -20.05645], [-44.179852, -20.05645], [-44.179853, -20.056449], [-44.179853, -20.056449], [-44.179854, -20.056449], [-44.179854, -20.056449], [-44.179855, -20.056449], [-44.179855, -20.056448], [-44.179856, -20.056448], [-44.179856, -20.056448], [-44.179856, -20.056448], [-44.179857, -20.056447], [-44.179857, -20.056447], [-44.179858, -20.056447], [-44.179858, -20.056446], [-44.179859, -20.056446], [-44.179859, -20.056446], [-44.179859, -20.056445], [-44.17986, -20.056445], [-44.17986, -20.056445], [-44.17986, -20.056444], [-44.179861, -20.056444], [-44.179861, -20.056444], [-44.179862, -20.056443], [-44.179862, -20.056443], [-44.179862, -20.056443], [-44.179863, -20.056442], [-44.179863, -20.056442], [-44.179863, -20.056441], [-44.179864, -20.056441], [-44.179864, -20.056441], [-44.179864, -20.05644], [-44.179864, -20.05644], [-44.179865, -20.056439], [-44.179865, -20.056439], [-44.179865, -20.056439], [-44.179866, -20.056438], [-44.179866, -20.056438], [-44.179866, -20.056437], [-44.179866, -20.056437], [-44.179867, -20.056436], [-44.179867, -20.056436], [-44.179867, -20.056436], [-44.179867, -20.056435], [-44.179867, -20.056435], [-44.179868, -20.056434], [-44.179868, -20.056434], [-44.179868, -20.056433], [-44.179868, -20.056433], [-44.179868, -20.056432], [-44.179868, -20.056432], [-44.179869, -20.056431], [-44.179869, -20.056431], [-44.179869, -20.05643], [-44.179869, -20.05643], [-44.179869, -20.056429], [-44.179869, -20.056429], [-44.179869, -20.056429], [-44.179869, -20.056428], [-44.179869, -20.056428], [-44.179869, -20.056427], [-44.17987, -20.056427], [-44.17987, -20.056426], [-44.17987, -20.056426], [-44.17987, -20.056425], [-44.17987, -20.056425], [-44.17987, -20.056424], [-44.17987, -20.056424], [-44.17987, -20.056423], [-44.17987, -20.056423], [-44.17987, -20.056422], [-44.17987, -20.056422], [-44.17987, -20.056421], [-44.179869, -20.056421], [-44.17988, -20.056325], [-44.179876, -20.056187], [-44.17983, -20.055982], [-44.179742, -20.055793], [-44.17963, -20.055638], [-44.179544, -20.055551], [-44.179449, -20.055478], [-44.179359, -20.05541], [-44.179269, -20.055343], [-44.179179, -20.055276], [-44.179089, -20.055209], [-44.178999, -20.055141], [-44.178909, -20.055074], [-44.178819, -20.055007], [-44.178729, -20.05494], [-44.178639, -20.054873], [-44.178549, -20.054805], [-44.178459, -20.054738], [-44.178369, -20.054671], [-44.178086, -20.054805], [-44.178085, -20.054804], [-44.177807, -20.054941]], [[-44.178911, -20.055421], [-44.178911, -20.055421], [-44.179089, -20.055209], [-44.178911, -20.055421]], [[-44.17822, -20.054905], [-44.178195, -20.054887], [-44.178281, -20.054951], [-44.17822, -20.054905]], [[-44.178371, -20.055018], [-44.17831, -20.054972], [-44.178281, -20.054951], [-44.178371, -20.055018]], [[-44.178461, -20.055085], [-44.17849, -20.055107], [-44.1784, -20.055039], [-44.178461, -20.055085]], [[-44.178551, -20.055152], [-44.178641, -20.05522], [-44.17858, -20.055174], [-44.17849, -20.055107], [-44.178551, -20.055152]], [[-44.178731, -20.055287], [-44.178821, -20.055354], [-44.17876, -20.055308], [-44.17867, -20.055241], [-44.178641, -20.05522], [-44.178731, -20.055287]], [[-44.178882, -20.0554], [-44.17885, -20.055375], [-44.178821, -20.055354], [-44.178882, -20.0554]]]}}, {"type": "Feature", "properties": {"bairro": "Jardim Primavera", "pasta": "01_JARDIM_PRIMAVERA", "tipo": "Quadra", "id": null, "QUADRA": "15"}, "geometry": {"type": "Polygon", "coordinates": [[[-44.178366, -20.055488], [-44.178278, -20.055419], [-44.17819, -20.05535], [-44.178101, -20.055281], [-44.178101, -20.055281], [-44.178013, -20.055211], [-44.177925, -20.055142], [-44.177875, -20.055198], [-44.177873, -20.055199], [-44.177871, -20.0552], [-44.177868, -20.0552], [-44.177866, -20.055201], [-44.177863, -20.055202], [-44.177861, -20.055202], [-44.177858, -20.055203], [-44.177856, -20.055203], [-44.177853, -20.055203], [-44.177851, -20.055204], [-44.177849, -20.055204], [-44.177846, -20.055204], [-44.177844, -20.055205], [-44.177841, -20.055205], [-44.177838, -20.055205], [-44.177836, -20.055205], [-44.177833, -20.055205], [-44.177831, -20.055205], [-44.177828, -20.055205], [-44.177826, -20.055205], [-44.177823, -20.055205], [-44.177821, -20.055205], [-44.177818, -20.055205], [-44.177816, -20.055205], [-44.177813, -20.055204], [-44.177811, -20.055204], [-44.177808, -20.055204], [-44.177806, -20.055203], [-44.177803, -20.055203], [-44.177801, -20.055203], [-44.177798, -20.055202], [-44.177796, -20.055201], [-44.177794, -20.055201], [-44.177791, -20.0552], [-44.177789, -20.0552], [-44.177786, -20.055199], [-44.177784, -20.055198], [-44.177781, -20.055197], [-44.177779, -20.055197], [-44.177777, -20.055196], [-44.177774, -20.055195], [-44.177772, -20.055194], [-44.17777, -20.055193], [-44.177768, -20.055192], [-44.177765, -20.055191], [-44.177763, -20.05519], [-44.177761, -20.055189], [-44.177759, -20.055188], [-44.177756, -20.055186], [-44.177754, -20.055185], [-44.177752, -20.055184], [-44.17775, -20.055183], [-44.177748, -20.055181], [-44.177746, -20.05518], [-44.177744, -20.055178], [-44.177742, -20.055177], [-44.17774, -20.055176], [-44.177738, -20.055174], [-44.177736, -20.055173], [-44.177734, -20.055171], [-44.177732, -20.055169], [-44.17773, -20.055168], [-44.177728, -20.055166], [-44.177727, -20.055164], [-44.177725, -20.055163], [-44.177723, -20.055161], [-44.177722, -20.055159], [-44.17772, -20.055157], [-44.177718, -20.055156], [-44.177717, -20.055154], [-44.177715, -20.055152], [-44.177714, -20.05515], [-44.177712, -20.055148], [-44.177711, -20.055146], [-44.177709, -20.055144], [-44.177708, -20.055142], [-44.177707, -20.05514], [-44.177705, -20.055138], [-44.177704, -20.055136], [-44.177703, -20.055134], [-44.177702, -20.055132], [-44.1777, -20.05513], [-44.177699, -20.055128], [-44.177698, -20.055125], [-44.177697, -20.055123], [-44.177696, -20.055121], [-44.177695, -20.055119], [-44.177694, -20.055117], [-44.177694, -20.055114], [-44.177693, -20.055112], [-44.177692, -20.05511], [-44.177691, -20.055108], [-44.17769, -20.055105], [-44.17769, -20.055103], [-44.177689, -20.055101], [-44.177689, -20.055098], [-44.177688, -20.055096], [-44.177688, -20.055094], [-44.177687, -20.055091], [-44.177687, -20.055089], [-44.177686, -20.055087], [-44.177686, -20.055084], [-44.177686, -20.055082], [-44.177686, -20.05508], [-44.177685, -20.055077], [-44.177685, -20.055075], [-44.177685, -20.055072], [-44.177685, -20.05507], [-44.177685, -20.055068], [-44.177685, -20.055065], [-44.177685, -20.055063], [-44.177685, -20.055061], [-44.177686, -20.055058], [-44.177686, -20.055056], [-44.177686, -20.055053], [-44.177686, -20.055051], [-44.177687, -20.055049], [-44.177687, -20.055046], [-44.177687, -20.055044], [-44.177688, -20.055042], [-44.177688, -20.055039], [-44.177689, -20.055037], [-44.17769, -20.055035], [-44.17769, -20.055032], [-44.177691, -20.05503], [-44.177692, -20.055028], [-44.177692, -20.055025], [-44.177693, -20.055023], [-44.177694, -20.055021], [-44.177695, -20.055019], [-44.177696, -20.055017], [-44.177697, -20.055014], [-44.177698, -20.055012], [-44.177699, -20.05501], [-44.1777, -20.055008], [-44.177701, -20.055006], [-44.177702, -20.055004], [-44.177704, -20.055002], [-44.177705, -20.054999], [-44.177706, -20.054997], [-44.177708, -20.054995], [-44.177709, -20.054993], [-44.17771, -20.054991], [-44.177712, -20.054989], [-44.177713, -20.054988], [-44.177715, -20.054986], [-44.177716, -20.054984], [-44.177718, -20.054982], [-44.177719, -20.05498], [-44.177721, -20.054978], [-44.177723, -20.054976], [-44.177725, -20.054975], [-44.177726, -20.054973], [-44.177728, -20.054971], [-44.17773, -20.05497], [-44.177732, -20.054968], [-44.177734, -20.054966], [-44.177735, -20.054965], [-44.177737, -20.054963], [-44.177739, -20.054962], [-44.177741, -20.05496], [-44.177743, -20.054959], [-44.177745, -20.054957], [-44.177747, -20.054956], [-44.17775, -20.054955], [-44.177752, -20.054953], [-44.177754, -20.054952], [-44.177756, -20.054951], [-44.177758, -20.05495], [-44.17776, -20.054949], [-44.177763, -20.054947], [-44.177765, -20.054946], [-44.177767, -20.054945], [-44.177465, -20.055082], [-44.17744, -20.055125], [-44.177292, -20.055353], [-44.177303, -20.055358], [-44.177304, -20.055356], [-44.177306, -20.055354], [-44.177308, -20.055352], [-44.177309, -20.05535], [-44.177311, -20.055349], [-44.177313, -20.055347], [-44.177315, -20.055345], [-44.177317, -20.055344], [-44.177318, -20.055342], [-44.17732, -20.055341], [-44.177322, -20.055339], [-44.177324, -20.055338], [-44.177326, -20.055336], [-44.177328, -20.055335], [-44.17733, -20.055333], [-44.177332, -20.055332], [-44.177334, -20.055331], [-44.177336, -20.055329], [-44.177338, -20.055328], [-44.177341, -20.055327], [-44.177343, -20.055325], [-44.177345, -20.055324], [-44.177347, -20.055323], [-44.177349, -20.055322], [-44.177352, -20.055321], [-44.177354, -20.05532], [-44.177356, -20.055319], [-44.177359, -20.055318], [-44.177361, -20.055317], [-44.177363, -20.055316], [-44.177366, -20.055315], [-44.177368, -20.055315], [-44.17737, -20.055314], [-44.177373, -20.055313], [-44.177375, -20.055313], [-44.177378, -20.055312], [-44.17738, -20.055311], [-44.177382, -20.055311], [-44.177385, -20.05531], [-44.177387, -20.05531], [-44.17739, -20.055309], [-44.177392, -20.055309], [-44.177395, -20.055309], [-44.177397, -20.055308], [-44.1774, -20.055308], [-44.177402, -20.055308], [-44.177405, -20.055308], [-44.177407, -20.055307], [-44.17741, -20.055307], [-44.177412, -20.055307], [-44.177415, -20.055307], [-44.177417, -20.055307], [-44.17742, -20.055307], [-44.177422, -20.055307], [-44.177425, -20.055307], [-44.177427, -20.055308], [-44.17743, -20.055308], [-44.177432, -20.055308], [-44.177435, -20.055308], [-44.177437, -20.055309], [-44.17744, -20.055309], [-44.177442, -20.05531], [-44.177445, -20.05531], [-44.177447, -20.055311], [-44.17745, -20.055311], [-44.177452, -20.055312], [-44.177455, -20.055312], [-44.177457, -20.055313], [-44.177459, -20.055314], [-44.177462, -20.055314], [-44.177464, -20.055315], [-44.177466, -20.055316], [-44.177469, -20.055317], [-44.177471, -20.055318], [-44.177473, -20.055319], [-44.177476, -20.05532], [-44.177478, -20.055321], [-44.17748, -20.055322], [-44.177483, -20.055323], [-44.177485, -20.055324], [-44.177487, -20.055325], [-44.177489, -20.055326], [-44.177491, -20.055328], [-44.177493, -20.055329], [-44.177496, -20.05533], [-44.177498, -20.055331], [-44.1775, -20.055333], [-44.177502, -20.055334], [-44.177504, -20.055336], [-44.177506, -20.055337], [-44.177508, -20.055339], [-44.17751, -20.05534], [-44.177511, -20.055342], [-44.177513, -20.055343], [-44.177515, -20.055345], [-44.177517, -20.055346], [-44.177519, -20.055348], [-44.177521, -20.05535], [-44.177522, -20.055352], [-44.177524, -20.055353], [-44.177526, -20.055355], [-44.177527, -20.055357], [-44.177529, -20.055359], [-44.17753, -20.055361], [-44.177532, -20.055363], [-44.177533, -20.055364], [-44.177535, -20.055366], [-44.177536, -20.055368], [-44.177538, -20.05537], [-44.177539, -20.055372], [-44.17754, -20.055374], [-44.177541, -20.055376], [-44.177543, -20.055379], [-44.177544, -20.055381], [-44.177545, -20.055383], [-44.177546, -20.055385], [-44.177547, -20.055387], [-44.177548, -20.055389], [-44.177549, -20.055391], [-44.17755, -20.055394], [-44.177551, -20.055396], [-44.177552, -20.055398], [-44.177553, -20.0554], [-44.177553, -20.055402], [-44.177554, -20.055405], [-44.177555, -20.055407], [-44.177556, -20.055409], [-44.177556, -20.055412], [-44.177557, -20.055414], [-44.177557, -20.055416], [-44.177558, -20.055418], [-44.177558, -20.055421], [-44.177559, -20.055423], [-44.177559, -20.055425], [-44.177559, -20.055428], [-44.17756, -20.05543], [-44.17756, -20.055433], [-44.17756, -20.055435], [-44.17756, -20.055437], [-44.17756, -20.05544], [-44.17756, -20.055442], [-44.17756, -20.055444], [-44.17756, -20.055447], [-44.17756, -20.055449], [-44.17756, -20.055451], [-44.17756, -20.055454], [-44.17756, -20.055456], [-44.17756, -20.055459], [-44.177559, -20.055461], [-44.177559, -20.055463], [-44.177559, -20.055466], [-44.177558, -20.055468], [-44.177558, -20.05547], [-44.177557, -20.055473], [-44.177557, -20.055475], [-44.177556, -20.055477], [-44.177556, -20.05548], [-44.177555, -20.055482], [-44.177554, -20.055484], [-44.177554, -20.055486], [-44.177553, -20.055489], [-44.177552, -20.055491], [-44.177551, -20.055493], [-44.17755, -20.055495], [-44.177549, -20.055497], [-44.177548, -20.0555], [-44.177547, -20.055502], [-44.177546, -20.055504], [-44.177545, -20.055506], [-44.177544, -20.055508], [-44.177543, -20.05551], [-44.177541, -20.055512], [-44.17754, -20.055514], [-44.177539, -20.055516], [-44.177538, -20.055518], [-44.177537, -20.055519], [-44.177537, -20.05552], [-44.177537, -20.05552], [-44.177537, -20.055521], [-44.177537, -20.055522], [-44.177537, -20.055522], [-44.177537, -20.055523], [-44.177537, -20.055524], [-44.177537, -20.055524], [-44.177537, -20.055525], [-44.177537, -20.055526], [-44.177537, -20.055526], [-44.177537, -20.055527], [-44.177537, -20.055528], [-44.177537, -20.055528], [-44.177537, -20.055529], [-44.177537, -20.05553], [-44.177537, -20.05553], [-44.177537, -20.055531], [-44.177537, -20.055531], [-44.177537, -20.055532], [-44.177537, -20.055533], [-44.177537, -20.055533], [-44.177538, -20.055534], [-44.177538, -20.055535], [-44.177538, -20.055535], [-44.177538, -20.055536], [-44.177538, -20.055537], [-44.177538, -20.055537], [-44.177539, -20.055538], [-44.177539, -20.055538], [-44.177539, -20.055539], [-44.177539, -20.05554], [-44.17754, -20.05554], [-44.17754, -20.055541], [-44.17754, -20.055542], [-44.17754, -20.055542], [-44.177541, -20.055543], [-44.177541, -20.055543], [-44.177541, -20.055544], [-44.177542, -20.055544], [-44.177542, -20.055545], [-44.177542, -20.055546], [-44.177543, -20.055546], [-44.177543, -20.055547], [-44.177544, -20.055547], [-44.177544, -20.055548], [-44.177544, -20.055548], [-44.177545, -20.055549], [-44.177545, -20.055549], [-44.177546, -20.05555], [-44.177546, -20.05555], [-44.177547, -20.055551], [-44.177547, -20.055551], [-44.177547, -20.055552], [-44.177548, -20.055552], [-44.177548, -20.055553], [-44.177549, -20.055553], [-44.177549, -20.055554], [-44.17755, -20.055554], [-44.17755, -20.055555], [-44.177551, -20.055555], [-44.177552, -20.055555], [-44.177552, -20.055556], [-44.177553, -20.055556], [-44.177553, -20.055557], [-44.177554, -20.055557], [-44.177554, -20.055557], [-44.177555, -20.055558], [-44.177555, -20.055558], [-44.177556, -20.055558], [-44.177557, -20.055559], [-44.177557, -20.055559], [-44.177558, -20.055559], [-44.177559, -20.05556], [-44.177647, -20.055629], [-44.177647, -20.055629], [-44.177735, -20.055698], [-44.177735, -20.055698], [-44.177824, -20.055767], [-44.177912, -20.055836], [-44.178, -20.055906], [-44.178, -20.055906], [-44.178089, -20.055975], [-44.178272, -20.055766], [-44.178089, -20.055975], [-44.178177, -20.056044], [-44.178265, -20.056113], [-44.178354, -20.056182], [-44.178442, -20.056252], [-44.17853, -20.056321], [-44.178619, -20.05639], [-44.178707, -20.056459], [-44.178795, -20.056528], [-44.178884, -20.056598], [-44.178972, -20.056667], [-44.179061, -20.056736], [-44.179149, -20.056805], [-44.179237, -20.056874], [-44.179495, -20.057076], [-44.179568, -20.056993], [-44.179641, -20.056909], [-44.179715, -20.056826], [-44.179768, -20.056727], [-44.179814, -20.056622], [-44.179603, -20.056457], [-44.179515, -20.056388], [-44.179427, -20.056318], [-44.179338, -20.056249], [-44.17925, -20.05618], [-44.179162, -20.056111], [-44.179073, -20.056042], [-44.178985, -20.055973], [-44.178896, -20.055903], [-44.178808, -20.055834], [-44.17872, -20.055765], [-44.178631, -20.055696], [-44.178631, -20.055696], [-44.178543, -20.055627], [-44.178455, -20.055557], [-44.178455, -20.055557], [-44.178366, -20.055488]], [[-44.178272, -20.055766], [-44.178358, -20.055834], [-44.178272, -20.055766], [-44.178272, -20.055766]], [[-44.17836, -20.055835], [-44.17836, -20.055835], [-44.178543, -20.055627], [-44.17836, -20.055835]], [[-44.177742, -20.055351], [-44.177742, -20.055351], [-44.177742, -20.055351], [-44.177742, -20.055351]]]}}, {"type": "Feature", "properties": {"bairro": "Jardim Primavera", "pasta": "01_JARDIM_PRIMAVERA", "tipo": "Quadra", "id": null, "QUADRA": "19"}, "geometry": {"type": "Polygon", "coordinates": [[[-44.17886, -20.057121], [-44.179016, -20.05711], [-44.179346, -20.057087], [-44.179155, -20.056944], [-44.179065, -20.056876], [-44.17899, -20.05682], [-44.178885, -20.056742], [-44.178811, -20.056686], [-44.178736, -20.056629], [-44.178647, -20.056736], [-44.178602, -20.056789], [-44.178557, -20.056842], [-44.178513, -20.056895], [-44.178468, -20.056948], [-44.178424, -20.057001], [-44.178293, -20.057157], [-44.17855, -20.057142], [-44.178732, -20.057128], [-44.17886, -20.057121]], [[-44.178574, -20.057113], [-44.178574, -20.057113], [-44.178424, -20.057001], [-44.178574, -20.057113]]]}}, {"type": "Feature", "properties": {"bairro": "Jardim Primavera", "pasta": "01_JARDIM_PRIMAVERA", "tipo": "Quadra", "id": null, "QUADRA": "18"}, "geometry": {"type": "Polygon", "coordinates": [[[-44.178356, -20.056347], [-44.178312, -20.0564], [-44.178267, -20.056453], [-44.178222, -20.056506], [-44.178178, -20.05656], [-44.178133, -20.056613], [-44.178089, -20.056666], [-44.178044, -20.056719], [-44.178, -20.056772], [-44.177955, -20.056825], [-44.17791, -20.056878], [-44.177866, -20.056931], [-44.177821, -20.056984], [-44.177777, -20.057037], [-44.177732, -20.057091], [-44.177658, -20.057179], [-44.177856, -20.057328], [-44.177957, -20.057259], [-44.17802, -20.05722], [-44.17802, -20.05722], [-44.178142, -20.057184], [-44.178166, -20.057156], [-44.178166, -20.057156], [-44.17821, -20.057103], [-44.178255, -20.05705], [-44.178299, -20.056997], [-44.178344, -20.056943], [-44.178388, -20.05689], [-44.178433, -20.056837], [-44.178478, -20.056784], [-44.178522, -20.056731], [-44.178567, -20.056678], [-44.178611, -20.056625], [-44.178656, -20.056572], [-44.178506, -20.05646], [-44.178356, -20.056347]]]}}, {"type": "Feature", "properties": {"bairro": "Jardim Primavera", "pasta": "01_JARDIM_PRIMAVERA", "tipo": "Quadra", "id": null, "QUADRA": "16"}, "geometry": {"type": "Polygon", "coordinates": [[[-44.177833, -20.055966], [-44.177151, -20.056781], [-44.177078, -20.056865], [-44.176972, -20.056986], [-44.176972, -20.056986], [-44.177258, -20.057085], [-44.177258, -20.057084], [-44.177299, -20.057038], [-44.177372, -20.056954], [-44.177529, -20.057077], [-44.177531, -20.057078], [-44.177533, -20.057079], [-44.177535, -20.05708], [-44.177538, -20.057081], [-44.17754, -20.057083], [-44.177542, -20.057084], [-44.177544, -20.057085], [-44.177546, -20.057087], [-44.177548, -20.057088], [-44.17755, -20.057089], [-44.177552, -20.057091], [-44.177554, -20.057092], [-44.177555, -20.057094], [-44.177557, -20.057095], [-44.177559, -20.057097], [-44.177561, -20.057099], [-44.177563, -20.0571], [-44.177565, -20.057102], [-44.177566, -20.057104], [-44.177568, -20.057105], [-44.17757, -20.057107], [-44.177571, -20.057109], [-44.177573, -20.057111], [-44.177574, -20.057112], [-44.177593, -20.057127], [-44.178283, -20.056302], [-44.177833, -20.055966]]]}}, {"type": "Feature", "properties": {"bairro": "Jardim Primavera", "pasta": "01_JARDIM_PRIMAVERA", "tipo": "Quadra", "id": null, "QUADRA": "17"}, "geometry": {"type": "Polygon", "coordinates": [[[-44.176833, -20.056527], [-44.176812, -20.056555], [-44.176754, -20.056599], [-44.176664, -20.056668], [-44.176509, -20.056786], [-44.176489, -20.05681], [-44.176685, -20.056882], [-44.176686, -20.056881], [-44.176686, -20.056881], [-44.176687, -20.05688], [-44.176688, -20.056879], [-44.176689, -20.056878], [-44.17669, -20.056877], [-44.176691, -20.056877], [-44.176692, -20.056876], [-44.176693, -20.056875], [-44.176694, -20.056874], [-44.176695, -20.056873], [-44.176696, -20.056873], [-44.176697, -20.056872], [-44.176698, -20.056871], [-44.176699, -20.05687], [-44.1767, -20.05687], [-44.176701, -20.056869], [-44.176702, -20.056868], [-44.176703, -20.056868], [-44.176704, -20.056867], [-44.176705, -20.056866], [-44.176706, -20.056865], [-44.176707, -20.056865], [-44.176708, -20.056864], [-44.176709, -20.056863], [-44.17671, -20.056863], [-44.176711, -20.056862], [-44.176712, -20.056861], [-44.176713, -20.056861], [-44.176714, -20.05686], [-44.176715, -20.05686], [-44.176717, -20.056859], [-44.176718, -20.056859], [-44.176719, -20.056858], [-44.17672, -20.056857], [-44.176721, -20.056857], [-44.176722, -20.056856], [-44.176723, -20.056856], [-44.176724, -20.056855], [-44.176726, -20.056855], [-44.176727, -20.056854], [-44.176728, -20.056854], [-44.176729, -20.056853], [-44.17673, -20.056853], [-44.176731, -20.056852], [-44.176733, -20.056852], [-44.176733, -20.056851], [-44.176735, -20.056851], [-44.176736, -20.05685], [-44.176737, -20.05685], [-44.176738, -20.05685], [-44.17674, -20.056849], [-44.176741, -20.056849], [-44.176742, -20.056848], [-44.176743, -20.056848], [-44.176745, -20.056847], [-44.176745, -20.056847], [-44.176747, -20.056847], [-44.176748, -20.056847], [-44.176749, -20.056846], [-44.17675, -20.056846], [-44.176752, -20.056845], [-44.176753, -20.056845], [-44.176754, -20.056845], [-44.176755, -20.056845], [-44.176757, -20.056844], [-44.176758, -20.056844], [-44.176759, -20.056844], [-44.17676, -20.056844], [-44.176762, -20.056843], [-44.176763, -20.056843], [-44.176764, -20.056843], [-44.176765, -20.056843], [-44.176767, -20.056843], [-44.176768, -20.056842], [-44.176769, -20.056842], [-44.17677, -20.056842], [-44.176772, -20.056842], [-44.176773, -20.056842], [-44.176774, -20.056842], [-44.176775, -20.056842], [-44.176777, -20.056841], [-44.176778, -20.056841], [-44.176779, -20.056841], [-44.17678, -20.056841], [-44.176782, -20.056841], [-44.176783, -20.056841], [-44.176785, -20.056841], [-44.176785, -20.056841], [-44.176787, -20.056841], [-44.176788, -20.056841], [-44.17679, -20.056841], [-44.17679, -20.056841], [-44.176792, -20.056841], [-44.176793, -20.056841], [-44.176795, -20.056841], [-44.176795, -20.056841], [-44.176797, -20.056841], [-44.176798, -20.056841], [-44.1768, -20.056841], [-44.1768, -20.056841], [-44.176802, -20.056842], [-44.176803, -20.056842], [-44.176805, -20.056842], [-44.176805, -20.056842], [-44.176807, -20.056842], [-44.176808, -20.056842], [-44.17681, -20.056842], [-44.17681, -20.056843], [-44.176812, -20.056843], [-44.176813, -20.056843], [-44.176815, -20.056843], [-44.176815, -20.056843], [-44.176817, -20.056844], [-44.176818, -20.056844], [-44.17682, -20.056844], [-44.17682, -20.056844], [-44.176822, -20.056845], [-44.176823, -20.056845], [-44.176825, -20.056845], [-44.176825, -20.056845], [-44.176827, -20.056846], [-44.176828, -20.056846], [-44.17683, -20.056847], [-44.17683, -20.056847], [-44.176832, -20.056847], [-44.176833, -20.056847], [-44.176835, -20.056848], [-44.176835, -20.056848], [-44.176837, -20.056849], [-44.176837, -20.056849], [-44.176839, -20.05685], [-44.17684, -20.05685], [-44.176842, -20.05685], [-44.176842, -20.056851], [-44.176844, -20.056851], [-44.176844, -20.056851], [-44.176846, -20.056852], [-44.176847, -20.056852], [-44.176849, -20.056853], [-44.176849, -20.056853], [-44.176851, -20.056854], [-44.176851, -20.056854], [-44.176853, -20.056855], [-44.176854, -20.056855], [-44.176856, -20.056856], [-44.176856, -20.056856], [-44.176858, -20.056857], [-44.176858, -20.056858], [-44.17686, -20.056859], [-44.17686, -20.056859], [-44.176862, -20.05686], [-44.176863, -20.05686], [-44.176864, -20.056861], [-44.176865, -20.056861], [-44.176867, -20.056862], [-44.176867, -20.056862], [-44.176869, -20.056864], [-44.176869, -20.056864], [-44.176871, -20.056865], [-44.176871, -20.056865], [-44.176873, -20.056866], [-44.176873, -20.056866], [-44.176875, -20.056868], [-44.176875, -20.056868], [-44.176877, -20.056869], [-44.176877, -20.056869], [-44.176879, -20.056871], [-44.176879, -20.056871], [-44.176881, -20.056872], [-44.176881, -20.056872], [-44.176883, -20.056874], [-44.176883, -20.056874], [-44.176885, -20.056875], [-44.176885, -20.056875], [-44.176887, -20.056877], [-44.176887, -20.056877], [-44.176889, -20.056878], [-44.176889, -20.056879], [-44.176891, -20.05688], [-44.176891, -20.05688], [-44.176892, -20.056882], [-44.176892, -20.056882], [-44.176894, -20.056884], [-44.176894, -20.056884], [-44.176896, -20.056885], [-44.176896, -20.056885], [-44.176898, -20.056887], [-44.176898, -20.056887], [-44.176898, -20.056888], [-44.176899, -20.056888], [-44.176899, -20.056888], [-44.1769, -20.056888], [-44.1769, -20.056888], [-44.176901, -20.056889], [-44.176901, -20.056889], [-44.176901, -20.056889], [-44.176902, -20.056889], [-44.176902, -20.056889], [-44.176903, -20.056889], [-44.176903, -20.05689], [-44.176904, -20.05689], [-44.176904, -20.05689], [-44.176905, -20.05689], [-44.176905, -20.05689], [-44.176906, -20.05689], [-44.176906, -20.05689], [-44.176907, -20.05689], [-44.176907, -20.056891], [-44.176907, -20.056891], [-44.176908, -20.056891], [-44.176908, -20.056891], [-44.176909, -20.056891], [-44.176909, -20.056891], [-44.17691, -20.056891], [-44.17691, -20.056891], [-44.176911, -20.056891], [-44.176911, -20.056891], [-44.176912, -20.056891], [-44.176912, -20.056891], [-44.176913, -20.056891], [-44.176913, -20.056891], [-44.176914, -20.056891], [-44.176914, -20.056891], [-44.176915, -20.056891], [-44.176915, -20.056891], [-44.176916, -20.056891], [-44.176916, -20.056891], [-44.176917, -20.056891], [-44.176917, -20.056891], [-44.176918, -20.056891], [-44.176918, -20.05689], [-44.176919, -20.05689], [-44.176919, -20.05689], [-44.176919, -20.05689], [-44.17692, -20.05689], [-44.17692, -20.05689], [-44.176921, -20.05689], [-44.176921, -20.05689], [-44.176922, -20.056889], [-44.176922, -20.056889], [-44.176923, -20.056889], [-44.176923, -20.056889], [-44.176924, -20.056889], [-44.176924, -20.056889], [-44.176924, -20.056888], [-44.176925, -20.056888], [-44.176925, -20.056888], [-44.176926, -20.056888], [-44.176926, -20.056888], [-44.176927, -20.056887], [-44.176927, -20.056887], [-44.176927, -20.056887], [-44.176928, -20.056887], [-44.176928, -20.056886], [-44.176929, -20.056886], [-44.176929, -20.056886], [-44.176929, -20.056885], [-44.17693, -20.056885], [-44.17693, -20.056885], [-44.17693, -20.056885], [-44.176931, -20.056884], [-44.176931, -20.056884], [-44.176932, -20.056884], [-44.176932, -20.056883], [-44.176932, -20.056883], [-44.176933, -20.056883], [-44.176933, -20.056882], [-44.176933, -20.056882], [-44.176934, -20.056882], [-44.176934, -20.056881], [-44.176934, -20.056881], [-44.176934, -20.056881], [-44.176935, -20.05688], [-44.176935, -20.05688], [-44.176935, -20.05688], [-44.176936, -20.056879], [-44.176936, -20.056879], [-44.176936, -20.056878], [-44.176936, -20.056878], [-44.176937, -20.056878], [-44.176937, -20.056877], [-44.177004, -20.0568], [-44.177077, -20.056717], [-44.17715, -20.056634], [-44.177221, -20.056553], [-44.177294, -20.05647], [-44.177367, -20.056387], [-44.17744, -20.056303], [-44.177513, -20.05622], [-44.177586, -20.056137], [-44.177769, -20.055929], [-44.17768, -20.055859], [-44.177592, -20.05579], [-44.177504, -20.055721], [-44.177415, -20.055652], [-44.177307, -20.055565], [-44.177299, -20.055555], [-44.177293, -20.055544], [-44.177288, -20.055534], [-44.177284, -20.055525], [-44.17728, -20.055512], [-44.177277, -20.0555], [-44.177276, -20.055492], [-44.177263, -20.055492], [-44.177201, -20.055836], [-44.177176, -20.055955], [-44.177158, -20.056029], [-44.177137, -20.056065], [-44.17708, -20.05616], [-44.177022, -20.056253], [-44.176965, -20.056346], [-44.176898, -20.056437], [-44.176833, -20.056527]]]}}, {"type": "Feature", "properties": {"bairro": "Jardim Primavera", "pasta": "01_JARDIM_PRIMAVERA", "tipo": "Quadra", "id": null, "QUADRA": "07"}, "geometry": {"type": "Polygon", "coordinates": [[[-44.180545, -20.053436], [-44.180891, -20.053283], [-44.180896, -20.052699], [-44.180897, -20.05259], [-44.180888, -20.052316], [-44.180782, -20.052287], [-44.180663, -20.052288], [-44.180558, -20.052304], [-44.180545, -20.053436]]]}}, {"type": "Feature", "properties": {"bairro": "Jardim Primavera", "pasta": "01_JARDIM_PRIMAVERA", "tipo": "Quadra", "id": null, "QUADRA": "07"}, "geometry": {"type": "Polygon", "coordinates": [[[-44.179637, -20.053779], [-44.179267, -20.053545], [-44.178321, -20.052918], [-44.178205, -20.053054], [-44.178147, -20.053145], [-44.178078, -20.053284], [-44.178036, -20.05346], [-44.178024, -20.053783], [-44.17803, -20.054048], [-44.17803, -20.054412], [-44.178295, -20.054505], [-44.179115, -20.054503], [-44.179672, -20.05452], [-44.180565, -20.054514], [-44.180664, -20.054422], [-44.179637, -20.053779]]]}}, {"type": "Feature", "properties": {"bairro": "Jardim Primavera", "pasta": "01_JARDIM_PRIMAVERA", "tipo": "Quadra", "id": null, "QUADRA": "07"}, "geometry": {"type": "Polygon", "coordinates": [[[-44.180553, -20.052106], [-44.180012, -20.052245], [-44.17971, -20.052301], [-44.179494, -20.052321], [-44.17904, -20.05248], [-44.178819, -20.052573], [-44.178681, -20.052672], [-44.178529, -20.052807], [-44.179653, -20.053514], [-44.179655, -20.053513], [-44.179662, -20.053519], [-44.180552, -20.054079], [-44.180552, -20.053166], [-44.180553, -20.052106]]]}}, {"type": "Feature", "properties": {"bairro": "Jardim Primavera", "pasta": "01_JARDIM_PRIMAVERA", "tipo": "Quadra", "id": null, "QUADRA": null}, "geometry": {"type": "Polygon", "coordinates": [[[-44.183849, -20.055649], [-44.183821, -20.055654], [-44.183795, -20.055656], [-44.183739, -20.055832], [-44.183715, -20.055922], [-44.183693, -20.056028], [-44.183669, -20.056028], [-44.183665, -20.056045], [-44.183643, -20.056124], [-44.184077, -20.056154], [-44.184064, -20.056052], [-44.184027, -20.055838], [-44.183977, -20.055649], [-44.183949, -20.055638], [-44.183849, -20.055649]]]}}, {"type": "Feature", "properties": {"bairro": "Jardim Primavera", "pasta": "01_JARDIM_PRIMAVERA", "tipo": "Quadra", "id": null, "QUADRA": null}, "geometry": {"type": "Polygon", "coordinates": [[[-44.184259, -20.055848], [-44.184085, -20.05585], [-44.184099, -20.055954], [-44.184111, -20.056061], [-44.184121, -20.056164], [-44.184247, -20.056175], [-44.184247, -20.056065], [-44.184253, -20.055957], [-44.184259, -20.055848]]]}}, {"type": "Feature", "properties": {"bairro": "Sao Tarcisio", "pasta": "03_SAO_TARCISIO", "tipo": "Quadra", "id": null, "QUADRA": null}, "geometry": {"type": "Polygon", "coordinates": [[[-44.185261, -20.051329], [-44.185519, -20.050999], [-44.185535, -20.050978], [-44.185535, -20.050965], [-44.185529, -20.050955], [-44.185514, -20.050949], [-44.185049, -20.050981], [-44.185162, -20.051096], [-44.185227, -20.051181], [-44.185261, -20.051329]]]}}, {"type": "Feature", "properties": {"bairro": "Sao Tarcisio", "pasta": "03_SAO_TARCISIO", "tipo": "Quadra", "id": null, "QUADRA": "15"}, "geometry": {"type": "Polygon", "coordinates": [[[-44.18464, -20.051624], [-44.184557, -20.051564], [-44.184455, -20.051495], [-44.184349, -20.051421], [-44.184242, -20.051348], [-44.184143, -20.051279], [-44.184048, -20.051213], [-44.183954, -20.051151], [-44.18386, -20.051088], [-44.183766, -20.051026], [-44.183672, -20.050964], [-44.183578, -20.050901], [-44.183484, -20.050839], [-44.18339, -20.050777], [-44.183296, -20.050715], [-44.183203, -20.050652], [-44.183109, -20.05059], [-44.182905, -20.050455], [-44.182823, -20.050566], [-44.18274, -20.050677], [-44.182636, -20.050817], [-44.182883, -20.050893], [-44.182988, -20.050941], [-44.183099, -20.050981], [-44.183193, -20.051043], [-44.183281, -20.051113], [-44.183375, -20.051175], [-44.183463, -20.051245], [-44.183552, -20.051314], [-44.183646, -20.051377], [-44.183745, -20.051432], [-44.183844, -20.051487], [-44.183939, -20.051519], [-44.183491, -20.052076], [-44.183234, -20.0523], [-44.183957, -20.052131], [-44.1841, -20.052102], [-44.184327, -20.052094], [-44.184507, -20.052093], [-44.18478, -20.052113], [-44.184948, -20.051835], [-44.184748, -20.051696], [-44.18464, -20.051624]]]}}, {"type": "Feature", "properties": {"bairro": "Sao Tarcisio", "pasta": "03_SAO_TARCISIO", "tipo": "Quadra", "id": null, "QUADRA": "14"}, "geometry": {"type": "Polygon", "coordinates": [[[-44.184625, -20.051478], [-44.184749, -20.051562], [-44.184878, -20.051648], [-44.185, -20.051735], [-44.185132, -20.051544], [-44.185198, -20.051437], [-44.185191, -20.051402], [-44.185169, -20.051328], [-44.185148, -20.051262], [-44.18514, -20.05124], [-44.185133, -20.051223], [-44.185125, -20.051206], [-44.185115, -20.05119], [-44.185104, -20.051174], [-44.185093, -20.05116], [-44.18508, -20.051146], [-44.185066, -20.051132], [-44.185051, -20.05112], [-44.185036, -20.051109], [-44.184957, -20.051036], [-44.184864, -20.050974], [-44.18477, -20.050911], [-44.184677, -20.050848], [-44.184584, -20.050785], [-44.18449, -20.050722], [-44.184396, -20.050659], [-44.184303, -20.050596], [-44.18421, -20.050533], [-44.184116, -20.050471], [-44.184023, -20.050408], [-44.183929, -20.050345], [-44.183836, -20.050282], [-44.183711, -20.050198], [-44.183593, -20.050232], [-44.183452, -20.050272], [-44.183265, -20.050316], [-44.183004, -20.050387], [-44.183199, -20.050518], [-44.183226, -20.050537], [-44.183382, -20.050642], [-44.183503, -20.050723], [-44.183597, -20.050786], [-44.183597, -20.050786], [-44.18369, -20.050849], [-44.183783, -20.050912], [-44.183877, -20.050975], [-44.18397, -20.051038], [-44.184064, -20.051101], [-44.184157, -20.051163], [-44.184251, -20.051226], [-44.184344, -20.051289], [-44.184438, -20.051352], [-44.184531, -20.051415], [-44.184625, -20.051478]]]}}, {"type": "Feature", "properties": {"bairro": "Sao Tarcisio", "pasta": "03_SAO_TARCISIO", "tipo": "Quadra", "id": null, "QUADRA": "08"}, "geometry": {"type": "Polygon", "coordinates": [[[-44.186266, -20.052055], [-44.186379, -20.052036], [-44.186577, -20.052004], [-44.186576, -20.05186], [-44.18657, -20.051709], [-44.186562, -20.051447], [-44.186411, -20.051472], [-44.18628, -20.051493], [-44.186166, -20.051512], [-44.186053, -20.05153], [-44.18594, -20.051549], [-44.185827, -20.051567], [-44.185714, -20.051585], [-44.185601, -20.051604], [-44.185488, -20.051622], [-44.185375, -20.051641], [-44.185239, -20.051666], [-44.185149, -20.051791], [-44.185091, -20.051873], [-44.184945, -20.05212], [-44.185124, -20.052148], [-44.185282, -20.052159], [-44.185453, -20.052168], [-44.185587, -20.052165], [-44.1857, -20.052147], [-44.185813, -20.052129], [-44.185926, -20.05211], [-44.186039, -20.052092], [-44.186153, -20.052073], [-44.186266, -20.052055]]]}}, {"type": "Feature", "properties": {"bairro": "Sao Tarcisio", "pasta": "03_SAO_TARCISIO", "tipo": "Quadra", "id": null, "QUADRA": "06"}, "geometry": {"type": "Polygon", "coordinates": [[[-44.18666, -20.051416], [-44.186659, -20.051524], [-44.186659, -20.051633], [-44.186654, -20.05179], [-44.186655, -20.051955], [-44.186662, -20.051975], [-44.186669, -20.051986], [-44.186684, -20.051989], [-44.18687, -20.051951], [-44.187006, -20.051918], [-44.187149, -20.051874], [-44.187233, -20.051848], [-44.187232, -20.051636], [-44.187233, -20.051527], [-44.187234, -20.051419], [-44.187234, -20.05131], [-44.187235, -20.051202], [-44.187235, -20.051093], [-44.187236, -20.050985], [-44.187233, -20.050703], [-44.187087, -20.050718], [-44.186941, -20.050733], [-44.186793, -20.05076], [-44.186664, -20.050778], [-44.186662, -20.050982], [-44.186661, -20.051091], [-44.186661, -20.051199], [-44.18666, -20.051308], [-44.18666, -20.051416]]]}}, {"type": "Feature", "properties": {"bairro": "Sao Tarcisio", "pasta": "03_SAO_TARCISIO", "tipo": "Quadra", "id": null, "QUADRA": "03"}, "geometry": {"type": "MultiPolygon", "coordinates": [[[[-44.187645, -20.050627], [-44.187504, -20.050655], [-44.187386, -20.050678], [-44.187379, -20.050686], [-44.187375, -20.0507], [-44.187371, -20.050873], [-44.187543, -20.050874], [-44.187689, -20.050875], [-44.187833, -20.050876], [-44.187945, -20.050877], [-44.18795, -20.050597], [-44.187942, -20.050586], [-44.187932, -20.050577], [-44.187917, -20.050574], [-44.187905, -20.050576], [-44.187792, -20.050599], [-44.187645, -20.050627]]], [[[-44.187943, -20.051202], [-44.187942, -20.051311], [-44.187942, -20.051419], [-44.187936, -20.051599], [-44.187927, -20.051616], [-44.187911, -20.05163], [-44.187839, -20.051655], [-44.187712, -20.051698], [-44.187569, -20.051747], [-44.187385, -20.051809], [-44.187362, -20.051804], [-44.187358, -20.051791], [-44.187358, -20.051775], [-44.187363, -20.051575], [-44.187368, -20.051416], [-44.187368, -20.051416], [-44.187369, -20.051308], [-44.187369, -20.0512], [-44.18737, -20.051091], [-44.18737, -20.050983], [-44.187371, -20.050874], [-44.187658, -20.050876], [-44.187945, -20.050877], [-44.187944, -20.050985], [-44.187944, -20.051094], [-44.187943, -20.051202]]]]}}, {"type": "Feature", "properties": {"bairro": "Sao Tarcisio", "pasta": "03_SAO_TARCISIO", "tipo": "Quadra", "id": null, "QUADRA": "09"}, "geometry": {"type": "Polygon", "coordinates": [[[-44.186383, -20.051388], [-44.18628, -20.050846], [-44.186167, -20.050865], [-44.186054, -20.050884], [-44.185941, -20.050903], [-44.185786, -20.05095], [-44.185655, -20.051041], [-44.185561, -20.051165], [-44.185436, -20.051331], [-44.185319, -20.051569], [-44.185592, -20.051522], [-44.18579, -20.051489], [-44.185931, -20.051465], [-44.186044, -20.051446], [-44.186157, -20.051426], [-44.18627, -20.051407], [-44.186383, -20.051388]], [[-44.18658, -20.051355], [-44.186383, -20.051388], [-44.18628, -20.050846], [-44.186411, -20.050823], [-44.186562, -20.050798], [-44.186571, -20.05106], [-44.186578, -20.05121], [-44.18658, -20.051355]]]}}, {"type": "Feature", "properties": {"bairro": "Sao Tarcisio", "pasta": "03_SAO_TARCISIO", "tipo": "Quadra", "id": null, "QUADRA": "12"}, "geometry": {"type": "Polygon", "coordinates": [[[-44.185301, -20.050303], [-44.185187, -20.05032], [-44.185074, -20.050337], [-44.184961, -20.050353], [-44.184847, -20.05037], [-44.184615, -20.050402], [-44.184315, -20.050442], [-44.184591, -20.050632], [-44.184788, -20.050767], [-44.184812, -20.050794], [-44.184857, -20.05082], [-44.18494, -20.050847], [-44.185034, -20.050861], [-44.185126, -20.050866], [-44.185128, -20.050866], [-44.185207, -20.050867], [-44.185276, -20.050856], [-44.185389, -20.050839], [-44.185503, -20.050822], [-44.185616, -20.050805], [-44.185729, -20.050789], [-44.185863, -20.050768], [-44.185864, -20.050581], [-44.185864, -20.050403], [-44.185864, -20.050222], [-44.185641, -20.050253], [-44.185528, -20.05027], [-44.185414, -20.050286], [-44.185301, -20.050303]]]}}, {"type": "Feature", "properties": {"bairro": "Sao Tarcisio", "pasta": "03_SAO_TARCISIO", "tipo": "Quadra", "id": null, "QUADRA": "10"}, "geometry": {"type": "Polygon", "coordinates": [[[-44.186569, -20.049627], [-44.186421, -20.049626], [-44.186278, -20.049624], [-44.186134, -20.049622], [-44.185985, -20.049621], [-44.185983, -20.049838], [-44.185982, -20.049946], [-44.185982, -20.049946], [-44.185981, -20.050055], [-44.18598, -20.050163], [-44.185979, -20.050271], [-44.185978, -20.05038], [-44.185978, -20.05038], [-44.185977, -20.050488], [-44.185975, -20.050764], [-44.186122, -20.050741], [-44.186255, -20.050721], [-44.186396, -20.0507], [-44.186557, -20.050675], [-44.186559, -20.050494], [-44.18656, -20.050386], [-44.186561, -20.050278], [-44.186563, -20.050169], [-44.186564, -20.050061], [-44.186565, -20.049952], [-44.186567, -20.049844], [-44.186569, -20.049627]]]}}, {"type": "Feature", "properties": {"bairro": "Sao Tarcisio", "pasta": "03_SAO_TARCISIO", "tipo": "Quadra", "id": null, "QUADRA": "07"}, "geometry": {"type": "Polygon", "coordinates": [[[-44.187242, -20.050167], [-44.187243, -20.050058], [-44.187245, -20.049951], [-44.187246, -20.049842], [-44.187247, -20.049734], [-44.187248, -20.049625], [-44.187249, -20.049517], [-44.18725, -20.049408], [-44.187251, -20.0493], [-44.187252, -20.049192], [-44.187255, -20.048968], [-44.187102, -20.048969], [-44.186958, -20.048969], [-44.18681, -20.048968], [-44.186662, -20.048968], [-44.186661, -20.04919], [-44.18666, -20.049298], [-44.18666, -20.049407], [-44.186659, -20.049515], [-44.186659, -20.049623], [-44.186658, -20.049732], [-44.186657, -20.04984], [-44.186657, -20.049949], [-44.186656, -20.050057], [-44.186656, -20.050166], [-44.186655, -20.050274], [-44.186655, -20.050382], [-44.186653, -20.050649], [-44.186799, -20.050626], [-44.186932, -20.050606], [-44.187078, -20.050583], [-44.187238, -20.050558], [-44.18724, -20.050384], [-44.187241, -20.050276], [-44.187242, -20.050167]]]}}, {"type": "Feature", "properties": {"bairro": "Sao Tarcisio", "pasta": "03_SAO_TARCISIO", "tipo": "Quadra", "id": null, "QUADRA": "04"}, "geometry": {"type": "Polygon", "coordinates": [[[-44.187358, -20.049262], [-44.187357, -20.049371], [-44.187357, -20.049479], [-44.187356, -20.049588], [-44.187356, -20.049696], [-44.187355, -20.049804], [-44.187355, -20.049913], [-44.187354, -20.050021], [-44.187354, -20.05013], [-44.187353, -20.050238], [-44.187353, -20.050541], [-44.187503, -20.050514], [-44.187635, -20.050491], [-44.187776, -20.050466], [-44.187935, -20.050438], [-44.187937, -20.050244], [-44.187938, -20.050244], [-44.187939, -20.050135], [-44.18794, -20.050027], [-44.187941, -20.049919], [-44.187943, -20.04981], [-44.187944, -20.049702], [-44.187945, -20.049593], [-44.187946, -20.049485], [-44.187947, -20.049377], [-44.187949, -20.049268], [-44.187949, -20.04925], [-44.187947, -20.049237], [-44.187944, -20.049224], [-44.187941, -20.049211], [-44.187938, -20.049198], [-44.187934, -20.049185], [-44.187929, -20.049172], [-44.187924, -20.049159], [-44.187914, -20.049137], [-44.187902, -20.049116], [-44.187889, -20.049095], [-44.187875, -20.049075], [-44.187859, -20.049055], [-44.187842, -20.049037], [-44.187824, -20.04902], [-44.187805, -20.049004], [-44.187785, -20.048989], [-44.187764, -20.048976], [-44.187742, -20.048963], [-44.187651, -20.048962], [-44.187494, -20.048961], [-44.187359, -20.04896], [-44.187358, -20.049154], [-44.187358, -20.049262]]]}}, {"type": "Feature", "properties": {"bairro": "Sao Tarcisio", "pasta": "03_SAO_TARCISIO", "tipo": "Quadra", "id": null, "QUADRA": "13"}, "geometry": {"type": "MultiPolygon", "coordinates": [[[[-44.185885, -20.050103], [-44.185885, -20.050102], [-44.185885, -20.0501], [-44.185883, -20.049955], [-44.18588, -20.049792], [-44.185878, -20.049633], [-44.185877, -20.049631], [-44.185877, -20.04963], [-44.185877, -20.049629], [-44.185877, -20.049628], [-44.185876, -20.049627], [-44.185876, -20.049626], [-44.185875, -20.049624], [-44.185875, -20.049623], [-44.185874, -20.049622], [-44.185873, -20.049621], [-44.185872, -20.04962], [-44.185871, -20.04962], [-44.18587, -20.049619], [-44.185869, -20.049618], [-44.185868, -20.049617], [-44.185867, -20.049617], [-44.185866, -20.049616], [-44.185865, -20.049616], [-44.185863, -20.049615], [-44.185862, -20.049615], [-44.185861, -20.049615], [-44.185859, -20.049615], [-44.185858, -20.049615], [-44.185662, -20.049618], [-44.185547, -20.049619], [-44.185428, -20.049621], [-44.185313, -20.049622], [-44.185313, -20.049622], [-44.185194, -20.049625], [-44.185079, -20.049626], [-44.184959, -20.049628], [-44.18484, -20.049629], [-44.184774, -20.04963], [-44.184773, -20.049631], [-44.184771, -20.049632], [-44.184646, -20.049703], [-44.18487, -20.049948], [-44.18487, -20.049948], [-44.18487, -20.049948], [-44.184908, -20.050262], [-44.185021, -20.050245], [-44.185139, -20.050227], [-44.185252, -20.05021], [-44.185366, -20.050194], [-44.185479, -20.050177], [-44.185597, -20.050159], [-44.185715, -20.050141], [-44.185869, -20.050118], [-44.18587, -20.050118], [-44.185871, -20.050118], [-44.185872, -20.050118], [-44.185874, -20.050117], [-44.185875, -20.050117], [-44.185876, -20.050116], [-44.185877, -20.050115], [-44.185878, -20.050114], [-44.185879, -20.050114], [-44.18588, -20.050113], [-44.185881, -20.050112], [-44.185882, -20.050111], [-44.185882, -20.05011], [-44.185883, -20.050109], [-44.185883, -20.050108], [-44.185884, -20.050106], [-44.185884, -20.050105], [-44.185885, -20.050104], [-44.185885, -20.050103]]], [[[-44.184662, -20.050298], [-44.184525, -20.050319], [-44.184374, -20.050342], [-44.184207, -20.050367], [-44.184205, -20.050367], [-44.184204, -20.050367], [-44.184203, -20.050367], [-44.184201, -20.050367], [-44.1842, -20.050366], [-44.184199, -20.050366], [-44.184198, -20.050366], [-44.184196, -20.050365], [-44.184195, -20.050365], [-44.184194, -20.050364], [-44.184193, -20.050364], [-44.184114, -20.050312], [-44.183889, -20.050165], [-44.183888, -20.050164], [-44.183887, -20.050164], [-44.183886, -20.050163], [-44.183885, -20.050162], [-44.183885, -20.050161], [-44.183884, -20.05016], [-44.183883, -20.050159], [-44.183883, -20.050158], [-44.183882, -20.050156], [-44.183882, -20.050155], [-44.183881, -20.050154], [-44.183881, -20.050153], [-44.183881, -20.050152], [-44.183881, -20.05015], [-44.183881, -20.050149], [-44.183881, -20.050148], [-44.183881, -20.050147], [-44.183882, -20.050145], [-44.183882, -20.050144], [-44.183883, -20.050143], [-44.183883, -20.050142], [-44.183884, -20.050141], [-44.183884, -20.05014], [-44.183885, -20.050139], [-44.183886, -20.050138], [-44.183887, -20.050137], [-44.183888, -20.050136], [-44.183889, -20.050135], [-44.18389, -20.050135], [-44.184065, -20.050035], [-44.184196, -20.04996], [-44.184319, -20.04989], [-44.184441, -20.04982], [-44.184548, -20.049759], [-44.184646, -20.049703], [-44.18487, -20.049948], [-44.184908, -20.050262], [-44.18479, -20.050279], [-44.184662, -20.050298]]]]}}, {"type": "Feature", "properties": {"bairro": "Sao Tarcisio", "pasta": "03_SAO_TARCISIO", "tipo": "Quadra", "id": null, "QUADRA": "11"}, "geometry": {"type": "Polygon", "coordinates": [[[-44.186559, -20.048971], [-44.186325, -20.048969], [-44.186325, -20.048969], [-44.18621, -20.048969], [-44.186095, -20.048968], [-44.18598, -20.048967], [-44.185865, -20.048966], [-44.185751, -20.048966], [-44.185636, -20.048965], [-44.185503, -20.048964], [-44.185432, -20.049024], [-44.185329, -20.049112], [-44.185208, -20.049215], [-44.185094, -20.049312], [-44.184892, -20.049484], [-44.185274, -20.049491], [-44.185327, -20.049492], [-44.185494, -20.049495], [-44.185633, -20.049497], [-44.185747, -20.049499], [-44.185862, -20.049501], [-44.185977, -20.049503], [-44.186091, -20.049505], [-44.186206, -20.049507], [-44.186321, -20.049509], [-44.186555, -20.049513], [-44.186556, -20.049377], [-44.186557, -20.049242], [-44.186558, -20.049106], [-44.186559, -20.048971]]]}}, {"type": "Feature", "properties": {"bairro": "Sao Tarcisio", "pasta": "03_SAO_TARCISIO", "tipo": "Quadra", "id": null, "QUADRA": "05"}, "geometry": {"type": "Polygon", "coordinates": [[[-44.187172, -20.048427], [-44.187151, -20.048424], [-44.187131, -20.048422], [-44.187111, -20.04842], [-44.187091, -20.048417], [-44.18707, -20.048415], [-44.18705, -20.048414], [-44.187029, -20.048412], [-44.187008, -20.04841], [-44.186987, -20.048409], [-44.186966, -20.048408], [-44.186944, -20.048407], [-44.186923, -20.048406], [-44.186902, -20.048406], [-44.186881, -20.048405], [-44.18686, -20.048405], [-44.186839, -20.048405], [-44.186817, -20.048405], [-44.186796, -20.048405], [-44.186775, -20.048406], [-44.186754, -20.048406], [-44.186733, -20.048407], [-44.186712, -20.048408], [-44.186691, -20.04841], [-44.186669, -20.048411], [-44.186648, -20.048412], [-44.186627, -20.048414], [-44.186606, -20.048416], [-44.186606, -20.048416], [-44.186585, -20.048418], [-44.186563, -20.048421], [-44.186541, -20.048423], [-44.18652, -20.048426], [-44.186498, -20.048429], [-44.186476, -20.048432], [-44.186455, -20.048435], [-44.186433, -20.048439], [-44.18641, -20.048443], [-44.186388, -20.048447], [-44.186366, -20.048451], [-44.186344, -20.048455], [-44.186322, -20.04846], [-44.1863, -20.048465], [-44.1863, -20.048465], [-44.186279, -20.048469], [-44.186257, -20.048474], [-44.186236, -20.04848], [-44.186215, -20.048485], [-44.186194, -20.048491], [-44.186173, -20.048496], [-44.186152, -20.048502], [-44.186127, -20.04851], [-44.186101, -20.048518], [-44.186076, -20.048526], [-44.186051, -20.048534], [-44.186026, -20.048543], [-44.186001, -20.048551], [-44.185976, -20.04856], [-44.185976, -20.048561], [-44.185945, -20.048573], [-44.185913, -20.048585], [-44.185882, -20.048598], [-44.185851, -20.048611], [-44.185821, -20.048625], [-44.18579, -20.048639], [-44.18576, -20.048653], [-44.18576, -20.048653], [-44.18573, -20.048668], [-44.1857, -20.048684], [-44.18567, -20.0487], [-44.18564, -20.048716], [-44.185611, -20.048733], [-44.185582, -20.04875], [-44.185553, -20.048767], [-44.18555, -20.048774], [-44.185547, -20.048781], [-44.185545, -20.048787], [-44.185543, -20.048794], [-44.185542, -20.048802], [-44.185541, -20.048809], [-44.185541, -20.048816], [-44.185541, -20.048823], [-44.185542, -20.04883], [-44.185543, -20.048837], [-44.185545, -20.048844], [-44.185547, -20.048851], [-44.185549, -20.048858], [-44.185553, -20.048865], [-44.185556, -20.048871], [-44.185843, -20.04887], [-44.186063, -20.04887], [-44.186235, -20.048869], [-44.186369, -20.048869], [-44.186507, -20.048868], [-44.186641, -20.048868], [-44.18677, -20.048868], [-44.1869, -20.048867], [-44.187024, -20.048867], [-44.187148, -20.048866], [-44.187288, -20.048866], [-44.187436, -20.048866], [-44.187589, -20.048865], [-44.187751, -20.048865], [-44.187975, -20.048862], [-44.187982, -20.048861], [-44.187988, -20.04886], [-44.187995, -20.048858], [-44.188001, -20.048856], [-44.188007, -20.048854], [-44.188013, -20.048851], [-44.188019, -20.048848], [-44.188024, -20.048844], [-44.188029, -20.04884], [-44.188034, -20.048836], [-44.188039, -20.048832], [-44.188043, -20.048827], [-44.188047, -20.048822], [-44.18805, -20.048816], [-44.188053, -20.048811], [-44.188056, -20.048805], [-44.188058, -20.048799], [-44.18806, -20.048793], [-44.188061, -20.048787], [-44.188062, -20.04878], [-44.188062, -20.048774], [-44.188062, -20.048768], [-44.188062, -20.048762], [-44.188061, -20.048755], [-44.188059, -20.048749], [-44.188057, -20.048743], [-44.188055, -20.048737], [-44.188052, -20.048732], [-44.188049, -20.048726], [-44.188045, -20.048721], [-44.188041, -20.048716], [-44.188036, -20.048711], [-44.188032, -20.048707], [-44.188027, -20.048703], [-44.188021, -20.048699], [-44.188016, -20.048696], [-44.18801, -20.048693], [-44.187863, -20.04863], [-44.187673, -20.048548], [-44.187647, -20.048539], [-44.18762, -20.04853], [-44.187593, -20.048521], [-44.187566, -20.048513], [-44.187539, -20.048505], [-44.187512, -20.048497], [-44.187484, -20.04849], [-44.187465, -20.048484], [-44.187446, -20.04848], [-44.187426, -20.048475], [-44.187407, -20.04847], [-44.187387, -20.048466], [-44.187368, -20.048461], [-44.187348, -20.048457], [-44.187326, -20.048453], [-44.187304, -20.048448], [-44.187282, -20.048444], [-44.187259, -20.04844], [-44.187237, -20.048437], [-44.187214, -20.048433], [-44.187192, -20.04843], [-44.187172, -20.048427]]]}}, {"type": "Feature", "properties": {"bairro": "Sao Tarcisio", "pasta": "03_SAO_TARCISIO", "tipo": "Quadra", "id": null, "QUADRA": "02"}, "geometry": {"type": "Polygon", "coordinates": [[[-44.188945, -20.05069], [-44.188951, -20.050662], [-44.188957, -20.050634], [-44.188963, -20.050606], [-44.188968, -20.050578], [-44.188972, -20.05055], [-44.188977, -20.050522], [-44.18898, -20.050494], [-44.188983, -20.050472], [-44.188985, -20.05045], [-44.188987, -20.050428], [-44.188989, -20.050407], [-44.188991, -20.050385], [-44.188992, -20.050363], [-44.188993, -20.050341], [-44.188993, -20.050322], [-44.188994, -20.050304], [-44.188994, -20.050286], [-44.188994, -20.050268], [-44.188993, -20.05025], [-44.188993, -20.050231], [-44.188992, -20.050213], [-44.188992, -20.050198], [-44.188991, -20.050182], [-44.18899, -20.050167], [-44.188989, -20.050151], [-44.188988, -20.050136], [-44.188986, -20.05012], [-44.188985, -20.050105], [-44.188983, -20.050089], [-44.188982, -20.050074], [-44.18898, -20.050058], [-44.188978, -20.050043], [-44.188975, -20.050027], [-44.188973, -20.050012], [-44.188971, -20.049996], [-44.188968, -20.049981], [-44.188965, -20.049966], [-44.188962, -20.04995], [-44.188959, -20.049935], [-44.188956, -20.04992], [-44.188953, -20.049905], [-44.18895, -20.04989], [-44.188946, -20.049874], [-44.188942, -20.049858], [-44.188938, -20.049842], [-44.188934, -20.049827], [-44.18893, -20.049811], [-44.188925, -20.049795], [-44.188921, -20.04978], [-44.188916, -20.049765], [-44.188912, -20.04975], [-44.188907, -20.049735], [-44.188902, -20.04972], [-44.188897, -20.049706], [-44.188892, -20.049691], [-44.188887, -20.049676], [-44.188846, -20.049575], [-44.188839, -20.04956], [-44.188833, -20.049545], [-44.188826, -20.04953], [-44.188819, -20.049515], [-44.188812, -20.049501], [-44.188804, -20.049486], [-44.188797, -20.049472], [-44.18879, -20.049458], [-44.188782, -20.049444], [-44.188775, -20.04943], [-44.188767, -20.049416], [-44.188759, -20.049403], [-44.188752, -20.049389], [-44.188744, -20.049376], [-44.188735, -20.049362], [-44.188727, -20.049348], [-44.188718, -20.049334], [-44.188709, -20.04932], [-44.1887, -20.049306], [-44.188691, -20.049293], [-44.188682, -20.049279], [-44.188672, -20.049264], [-44.188661, -20.049249], [-44.18865, -20.049234], [-44.18864, -20.049219], [-44.188628, -20.049204], [-44.188617, -20.04919], [-44.188606, -20.049175], [-44.188593, -20.049159], [-44.188579, -20.049142], [-44.188566, -20.049126], [-44.188552, -20.04911], [-44.188538, -20.049094], [-44.188524, -20.049078], [-44.18851, -20.049063], [-44.188491, -20.049044], [-44.188473, -20.049025], [-44.188454, -20.049006], [-44.188436, -20.048987], [-44.188416, -20.048969], [-44.188397, -20.048951], [-44.188377, -20.048933], [-44.18831, -20.048876], [-44.188297, -20.048872], [-44.188284, -20.048869], [-44.188271, -20.048867], [-44.188258, -20.048865], [-44.188245, -20.048864], [-44.188232, -20.048865], [-44.188218, -20.048866], [-44.188205, -20.048868], [-44.188192, -20.048871], [-44.188179, -20.048875], [-44.188167, -20.048879], [-44.188155, -20.048885], [-44.188143, -20.048891], [-44.188132, -20.048898], [-44.188122, -20.048905], [-44.188112, -20.048914], [-44.188103, -20.048923], [-44.188094, -20.048932], [-44.188086, -20.048943], [-44.188079, -20.048953], [-44.188073, -20.048964], [-44.188068, -20.048976], [-44.188063, -20.048988], [-44.188061, -20.048995], [-44.188059, -20.049002], [-44.188057, -20.049009], [-44.188056, -20.049016], [-44.188055, -20.049023], [-44.188055, -20.04903], [-44.188054, -20.049037], [-44.188052, -20.049204], [-44.188051, -20.049349], [-44.18805, -20.04948], [-44.188049, -20.049588], [-44.188047, -20.049697], [-44.188046, -20.049805], [-44.188045, -20.049914], [-44.188044, -20.050022], [-44.188043, -20.05013], [-44.188042, -20.050239], [-44.18804, -20.05046], [-44.188266, -20.050518], [-44.188377, -20.050546], [-44.188488, -20.050574], [-44.188603, -20.050603], [-44.188746, -20.050639], [-44.188945, -20.05069]]]}}, {"type": "Feature", "properties": {"bairro": "Sao Tarcisio", "pasta": "03_SAO_TARCISIO", "tipo": "Quadra", "id": null, "QUADRA": "01"}, "geometry": {"type": "Polygon", "coordinates": [[[-44.18889, -20.050836], [-44.188043, -20.050587], [-44.188054, -20.051558], [-44.188741, -20.051335], [-44.18889, -20.050836]]]}}, {"type": "Feature", "properties": {"bairro": "Sao Tarcisio", "pasta": "03_SAO_TARCISIO", "tipo": "Quadra", "id": null, "QUADRA": "16"}, "geometry": {"type": "Polygon", "coordinates": [[[-44.182203, -20.050346], [-44.181338, -20.050226], [-44.180966, -20.050575], [-44.180935, -20.050596], [-44.18159, -20.051106], [-44.182168, -20.051359], [-44.182712, -20.050412], [-44.182719, -20.050325], [-44.182203, -20.050346]]]}}, {"type": "Feature", "properties": {"bairro": "Sao Tarcisio", "pasta": "03_SAO_TARCISIO", "tipo": "Quadra", "id": null, "QUADRA": "20"}, "geometry": {"type": "Polygon", "coordinates": [[[-44.186388, -20.048086], [-44.186367, -20.048061], [-44.18635, -20.048046], [-44.186313, -20.048015], [-44.186264, -20.047979], [-44.186204, -20.047935], [-44.186173, -20.047912], [-44.185999, -20.04773], [-44.185848, -20.048058], [-44.185803, -20.048133], [-44.18573, -20.048193], [-44.185624, -20.048233], [-44.185499, -20.048226], [-44.185416, -20.048226], [-44.185262, -20.048222], [-44.185191, -20.048217], [-44.185096, -20.048207], [-44.184969, -20.048212], [-44.184842, -20.048217], [-44.184709, -20.048253], [-44.184575, -20.048289], [-44.184664, -20.048422], [-44.18478, -20.048583], [-44.184994, -20.049079], [-44.185167, -20.04892], [-44.18534, -20.048761], [-44.185523, -20.048595], [-44.185604, -20.048521], [-44.185761, -20.048404], [-44.185848, -20.048353], [-44.185935, -20.048301], [-44.185975, -20.048282], [-44.186102, -20.048221], [-44.186195, -20.048179], [-44.186288, -20.048137], [-44.186398, -20.048105], [-44.186388, -20.048086]]]}}, {"type": "Feature", "properties": {"bairro": "Vila Tania", "pasta": "04_VILA_TANIA", "tipo": "Quadra", "QUADRA": "01"}, "geometry": {"type": "Polygon", "coordinates": [[[-44.184295, -20.055197], [-44.184241, -20.056174], [-44.184604, -20.05617], [-44.184591, -20.055194], [-44.184295, -20.055197]]]}}, {"type": "Feature", "properties": {"bairro": "Vila Tania", "pasta": "04_VILA_TANIA", "tipo": "Quadra", "QUADRA": "02"}, "geometry": {"type": "Polygon", "coordinates": [[[-44.184687, -20.055193], [-44.184699, -20.056169], [-44.185273, -20.056162], [-44.18526, -20.055186], [-44.184687, -20.055193]]]}}, {"type": "Feature", "properties": {"bairro": "Vila Tania", "pasta": "04_VILA_TANIA", "tipo": "Quadra", "QUADRA": "03"}, "geometry": {"type": "Polygon", "coordinates": [[[-44.185346, -20.055179], [-44.185358, -20.056154], [-44.185932, -20.056148], [-44.185919, -20.055172], [-44.185346, -20.055179]]]}}, {"type": "Feature", "properties": {"bairro": "Vila Tania", "pasta": "04_VILA_TANIA", "tipo": "Quadra", "QUADRA": "04"}, "geometry": {"type": "Polygon", "coordinates": [[[-44.186014, -20.055173], [-44.186026, -20.056149], [-44.1866, -20.056142], [-44.186587, -20.055166], [-44.186014, -20.055173]]]}}, {"type": "Feature", "properties": {"bairro": "Vila Tania", "pasta": "04_VILA_TANIA", "tipo": "Quadra", "QUADRA": "05"}, "geometry": {"type": "Polygon", "coordinates": [[[-44.186695, -20.05517], [-44.186706, -20.056037], [-44.186993, -20.056034], [-44.187277, -20.055814], [-44.187268, -20.055163], [-44.186695, -20.05517]]]}}, {"type": "Feature", "properties": {"bairro": "Vila Tania", "pasta": "04_VILA_TANIA", "tipo": "Quadra", "QUADRA": "06"}, "geometry": {"type": "Polygon", "coordinates": [[[-44.187354, -20.055367], [-44.187932, -20.055359], [-44.187921, -20.055243], [-44.187925, -20.055144], [-44.187351, -20.055151], [-44.187354, -20.055367]]]}}, {"type": "Feature", "properties": {"bairro": "Vila Tania", "pasta": "04_VILA_TANIA", "tipo": "Quadra", "QUADRA": "09"}, "geometry": {"type": "Polygon", "coordinates": [[[-44.186624, -20.056363], [-44.186623, -20.056237], [-44.186326, -20.05624], [-44.186039, -20.056244], [-44.186041, -20.056352], [-44.186328, -20.056349], [-44.186624, -20.056363]]]}}, {"type": "Feature", "properties": {"bairro": "Vila Tania", "pasta": "04_VILA_TANIA", "tipo": "Quadra", "QUADRA": "10"}, "geometry": {"type": "Polygon", "coordinates": [[[-44.185948, -20.056353], [-44.185944, -20.056249], [-44.18537, -20.056256], [-44.18537, -20.056296], [-44.185948, -20.056353]]]}}, {"type": "Feature", "properties": {"bairro": "Vila Tania", "pasta": "04_VILA_TANIA", "tipo": "Quadra", "QUADRA": null}, "geometry": {"type": "Polygon", "coordinates": [[[-44.187354, -20.055367], [-44.187373, -20.055856], [-44.187028, -20.056124], [-44.186707, -20.056127], [-44.18671, -20.056367], [-44.186873, -20.056358], [-44.187901, -20.057001], [-44.188551, -20.056122], [-44.188564, -20.056098], [-44.188555, -20.05608], [-44.188264, -20.055855], [-44.188084, -20.055695], [-44.188024, -20.055617], [-44.187997, -20.055564], [-44.187977, -20.055528], [-44.187942, -20.055437], [-44.187932, -20.055359], [-44.187354, -20.055367]]]}}, {"type": "Feature", "properties": {"bairro": "Vila Mario Campos", "pasta": "05_VILA_MARIO_CAMPOS", "tipo": "Quadra", "QUADRA": "03"}, "geometry": {"type": "Polygon", "coordinates": [[[-44.187921, -20.053137], [-44.187915, -20.05183], [-44.187342, -20.05201], [-44.187347, -20.053139], [-44.187921, -20.053137]]]}}, {"type": "Feature", "properties": {"bairro": "Vila Mario Campos", "pasta": "05_VILA_MARIO_CAMPOS", "tipo": "Quadra", "QUADRA": "04"}, "geometry": {"type": "Polygon", "coordinates": [[[-44.187251, -20.05314], [-44.187247, -20.05204], [-44.18696, -20.052132], [-44.186674, -20.052148], [-44.186678, -20.053142], [-44.187251, -20.05314]]]}}, {"type": "Feature", "properties": {"bairro": "Vila Mario Campos", "pasta": "05_VILA_MARIO_CAMPOS", "tipo": "Quadra", "QUADRA": "09"}, "geometry": {"type": "Polygon", "coordinates": [[[-44.18659, -20.053156], [-44.186586, -20.052163], [-44.186013, -20.052246], [-44.186017, -20.053159], [-44.18659, -20.053156]]]}}, {"type": "Feature", "properties": {"bairro": "Vila Mario Campos", "pasta": "05_VILA_MARIO_CAMPOS", "tipo": "Quadra", "QUADRA": "10"}, "geometry": {"type": "Polygon", "coordinates": [[[-44.185923, -20.053157], [-44.185919, -20.052271], [-44.185345, -20.052291], [-44.185349, -20.053159], [-44.185923, -20.053157]]]}}, {"type": "Feature", "properties": {"bairro": "Vila Mario Campos", "pasta": "05_VILA_MARIO_CAMPOS", "tipo": "Quadra", "QUADRA": "15"}, "geometry": {"type": "Polygon", "coordinates": [[[-44.185242, -20.053172], [-44.185238, -20.052302], [-44.184952, -20.052275], [-44.184664, -20.052241], [-44.184668, -20.053174], [-44.185242, -20.053172]]]}}, {"type": "Feature", "properties": {"bairro": "Vila Mario Campos", "pasta": "05_VILA_MARIO_CAMPOS", "tipo": "Quadra", "QUADRA": "16"}, "geometry": {"type": "Polygon", "coordinates": [[[-44.184574, -20.053199], [-44.18457, -20.052241], [-44.184283, -20.052237], [-44.183996, -20.05227], [-44.184, -20.053201], [-44.184574, -20.053199]]]}}, {"type": "Feature", "properties": {"bairro": "Vila Mario Campos", "pasta": "05_VILA_MARIO_CAMPOS", "tipo": "Quadra", "QUADRA": "17"}, "geometry": {"type": "Polygon", "coordinates": [[[-44.183997, -20.05329], [-44.18401, -20.054157], [-44.184584, -20.05415], [-44.184571, -20.053282], [-44.183997, -20.05329]]]}}, {"type": "Feature", "properties": {"bairro": "Vila Mario Campos", "pasta": "05_VILA_MARIO_CAMPOS", "tipo": "Quadra", "QUADRA": "14"}, "geometry": {"type": "Polygon", "coordinates": [[[-44.184662, -20.053277], [-44.184674, -20.054145], [-44.185248, -20.054137], [-44.185235, -20.05327], [-44.184662, -20.053277]]]}}, {"type": "Feature", "properties": {"bairro": "Vila Mario Campos", "pasta": "05_VILA_MARIO_CAMPOS", "tipo": "Quadra", "QUADRA": "18"}, "geometry": {"type": "Polygon", "coordinates": [[[-44.184005, -20.054253], [-44.184018, -20.05512], [-44.184592, -20.055113], [-44.184579, -20.054245], [-44.184005, -20.054253]]]}}, {"type": "Feature", "properties": {"bairro": "Vila Mario Campos", "pasta": "05_VILA_MARIO_CAMPOS", "tipo": "Quadra", "QUADRA": "13"}, "geometry": {"type": "Polygon", "coordinates": [[[-44.184673, -20.054245], [-44.184686, -20.055112], [-44.185259, -20.055105], [-44.185247, -20.054237], [-44.184673, -20.054245]]]}}, {"type": "Feature", "properties": {"bairro": "Vila Mario Campos", "pasta": "05_VILA_MARIO_CAMPOS", "tipo": "Quadra", "QUADRA": "11"}, "geometry": {"type": "Polygon", "coordinates": [[[-44.185342, -20.053262], [-44.185355, -20.054129], [-44.185642, -20.054125], [-44.18564, -20.054017], [-44.185927, -20.054013], [-44.185916, -20.053254], [-44.185342, -20.053262]]]}}, {"type": "Feature", "properties": {"bairro": "Vila Mario Campos", "pasta": "05_VILA_MARIO_CAMPOS", "tipo": "Quadra", "QUADRA": "08"}, "geometry": {"type": "Polygon", "coordinates": [[[-44.186003, -20.053253], [-44.186014, -20.054012], [-44.186301, -20.054008], [-44.186302, -20.054116], [-44.186589, -20.054113], [-44.186576, -20.053245], [-44.186003, -20.053253]]]}}, {"type": "Feature", "properties": {"bairro": "Vila Mario Campos", "pasta": "05_VILA_MARIO_CAMPOS", "tipo": "Quadra", "QUADRA": "05"}, "geometry": {"type": "Polygon", "coordinates": [[[-44.186669, -20.053241], [-44.186682, -20.054108], [-44.187255, -20.054101], [-44.187243, -20.053233], [-44.186669, -20.053241]]]}}, {"type": "Feature", "properties": {"bairro": "Vila Mario Campos", "pasta": "05_VILA_MARIO_CAMPOS", "tipo": "Quadra", "QUADRA": "02"}, "geometry": {"type": "Polygon", "coordinates": [[[-44.187351, -20.053236], [-44.18736, -20.054104], [-44.187934, -20.054098], [-44.187925, -20.053231], [-44.187351, -20.053236]]]}}, {"type": "Feature", "properties": {"bairro": "Vila Mario Campos", "pasta": "05_VILA_MARIO_CAMPOS", "tipo": "Quadra", "QUADRA": "01"}, "geometry": {"type": "Polygon", "coordinates": [[[-44.187347, -20.054192], [-44.187356, -20.055059], [-44.18793, -20.055054], [-44.18792, -20.054186], [-44.187347, -20.054192]]]}}, {"type": "Feature", "properties": {"bairro": "Vila Mario Campos", "pasta": "05_VILA_MARIO_CAMPOS", "tipo": "Quadra", "QUADRA": "06"}, "geometry": {"type": "Polygon", "coordinates": [[[-44.18667, -20.054206], [-44.186683, -20.055073], [-44.187257, -20.055066], [-44.187244, -20.054198], [-44.18667, -20.054206]]]}}, {"type": "Feature", "properties": {"bairro": "Vila Mario Campos", "pasta": "05_VILA_MARIO_CAMPOS", "tipo": "Quadra", "QUADRA": "07"}, "geometry": {"type": "Polygon", "coordinates": [[[-44.186589, -20.054203], [-44.186302, -20.054205], [-44.186303, -20.054314], [-44.186016, -20.054317], [-44.186024, -20.055076], [-44.186598, -20.05507], [-44.186589, -20.054203]]]}}, {"type": "Feature", "properties": {"bairro": "Vila Mario Campos", "pasta": "05_VILA_MARIO_CAMPOS", "tipo": "Quadra", "QUADRA": "12"}, "geometry": {"type": "Polygon", "coordinates": [[[-44.185917, -20.054333], [-44.185631, -20.054336], [-44.185629, -20.054227], [-44.185343, -20.05423], [-44.185352, -20.055098], [-44.185925, -20.055092], [-44.185917, -20.054333]]]}}, {"type": "Feature", "properties": {"bairro": "Vila Eny", "pasta": "07_VILA_ENY", "tipo": "Quadra", "QUADRA": "04"}, "geometry": {"type": "Polygon", "coordinates": [[[-44.194478, -20.059837], [-44.194607, -20.059897], [-44.194742, -20.059718], [-44.194579, -20.059642], [-44.19445, -20.059583], [-44.194321, -20.059523], [-44.194192, -20.059464], [-44.194092, -20.059659], [-44.19422, -20.059718], [-44.194349, -20.059778], [-44.194478, -20.059837]]]}}, {"type": "Feature", "properties": {"bairro": "Vila Eny", "pasta": "07_VILA_ENY", "tipo": "Quadra", "QUADRA": "05"}, "geometry": {"type": "Polygon", "coordinates": [[[-44.195073, -20.059351], [-44.19497, -20.059221], [-44.19485, -20.059105], [-44.194744, -20.059028], [-44.194629, -20.058963], [-44.194484, -20.058875], [-44.194383, -20.05907], [-44.194299, -20.059232], [-44.194224, -20.059378], [-44.194395, -20.059458], [-44.194499, -20.059505], [-44.194602, -20.059553], [-44.194705, -20.0596], [-44.194808, -20.059648], [-44.194923, -20.059515], [-44.195073, -20.059351]]]}}, {"type": "Feature", "properties": {"bairro": "Vila Eny", "pasta": "07_VILA_ENY", "tipo": "Quadra", "QUADRA": "03"}, "geometry": {"type": "Polygon", "coordinates": [[[-44.193584, -20.059196], [-44.193536, -20.059295], [-44.193488, -20.059393], [-44.193748, -20.059507], [-44.194009, -20.05962], [-44.194057, -20.059522], [-44.194105, -20.059423], [-44.194153, -20.059325], [-44.194201, -20.059227], [-44.194249, -20.059128], [-44.194297, -20.05903], [-44.194393, -20.058833], [-44.194263, -20.058776], [-44.194133, -20.058719], [-44.194002, -20.058662], [-44.193872, -20.058606], [-44.193776, -20.058802], [-44.193728, -20.058901], [-44.19368, -20.058999], [-44.193632, -20.059098], [-44.193584, -20.059196]]]}}, {"type": "Feature", "properties": {"bairro": "Vila Eny", "pasta": "07_VILA_ENY", "tipo": "Quadra", "QUADRA": "02"}, "geometry": {"type": "Polygon", "coordinates": [[[-44.192977, -20.058929], [-44.192929, -20.059027], [-44.19288, -20.059125], [-44.193139, -20.05924], [-44.193399, -20.059356], [-44.193448, -20.059258], [-44.193497, -20.059159], [-44.193545, -20.059061], [-44.193594, -20.058963], [-44.193643, -20.058865], [-44.193692, -20.058767], [-44.19379, -20.058571], [-44.19366, -20.058513], [-44.19353, -20.058455], [-44.1934, -20.058398], [-44.193271, -20.05834], [-44.193173, -20.058536], [-44.193124, -20.058634], [-44.193075, -20.058732], [-44.193026, -20.058831], [-44.192977, -20.058929]]]}}, {"type": "Feature", "properties": {"bairro": "Vila Eny", "pasta": "07_VILA_ENY", "tipo": "Quadra", "QUADRA": "01"}, "geometry": {"type": "Polygon", "coordinates": [[[-44.192465, -20.058367], [-44.192449, -20.058419], [-44.192428, -20.058526], [-44.192396, -20.05863], [-44.192369, -20.058745], [-44.192339, -20.058886], [-44.192529, -20.058971], [-44.192789, -20.059085], [-44.192837, -20.058986], [-44.192886, -20.058888], [-44.192934, -20.05879], [-44.192982, -20.058691], [-44.19303, -20.058593], [-44.193079, -20.058494], [-44.193175, -20.058298], [-44.193045, -20.058241], [-44.192915, -20.058184], [-44.192758, -20.058115], [-44.19255, -20.058024], [-44.192509, -20.058201], [-44.192481, -20.058315], [-44.192465, -20.058367]]]}}, {"type": "Feature", "properties": {"bairro": "Vila Lourdes", "pasta": "08_VILA_LOURDES", "tipo": "Quadra", "QUADRA": null}, "geometry": {"type": "Polygon", "coordinates": [[[-44.18904, -20.056911], [-44.18904, -20.056911], [-44.189073, -20.056863], [-44.189136, -20.056775], [-44.189203, -20.056684], [-44.189247, -20.056518], [-44.188619, -20.056142], [-44.188614, -20.056145], [-44.188611, -20.056147], [-44.188603, -20.056154], [-44.188594, -20.056164], [-44.18839, -20.056438], [-44.18904, -20.056911]]]}}, {"type": "Feature", "properties": {"bairro": "Vila Lourdes", "pasta": "08_VILA_LOURDES", "tipo": "Quadra", "QUADRA": null}, "geometry": {"type": "Polygon", "coordinates": [[[-44.187951, -20.05703], [-44.188724, -20.057363], [-44.188821, -20.057225], [-44.188882, -20.057132], [-44.188946, -20.057049], [-44.18904, -20.056911], [-44.18904, -20.056911], [-44.189073, -20.056863], [-44.189136, -20.056775], [-44.189203, -20.056684], [-44.189327, -20.056501], [-44.188737, -20.056148], [-44.188712, -20.056134], [-44.18869, -20.056127], [-44.188676, -20.056126], [-44.188661, -20.056126], [-44.188653, -20.056127], [-44.188634, -20.056133], [-44.188619, -20.056142], [-44.188614, -20.056145], [-44.188611, -20.056147], [-44.188603, -20.056154], [-44.188594, -20.056164], [-44.18839, -20.056438], [-44.187951, -20.05703]]]}}, {"type": "Feature", "properties": {"bairro": "Vila Lourdes", "pasta": "08_VILA_LOURDES", "tipo": "Quadra", "QUADRA": null}, "geometry": {"type": "Polygon", "coordinates": [[[-44.188724, -20.057363], [-44.188724, -20.057363], [-44.188821, -20.057225], [-44.188882, -20.057132], [-44.188946, -20.057049], [-44.18904, -20.056911], [-44.18839, -20.056438], [-44.187951, -20.05703], [-44.188724, -20.057363]]]}}, {"type": "Feature", "properties": {"bairro": "Vila Lourdes", "pasta": "08_VILA_LOURDES", "tipo": "Quadra", "QUADRA": "06"}, "geometry": {"type": "Polygon", "coordinates": [[[-44.191858, -20.058074], [-44.191809, -20.058173], [-44.19176, -20.058271], [-44.191711, -20.058369], [-44.191662, -20.058467], [-44.191605, -20.058581], [-44.191868, -20.05869], [-44.192271, -20.058826], [-44.192302, -20.058694], [-44.192324, -20.058587], [-44.192355, -20.058483], [-44.192376, -20.058376], [-44.192398, -20.05827], [-44.192428, -20.058146], [-44.192455, -20.058022], [-44.192455, -20.058019], [-44.192456, -20.058015], [-44.192456, -20.058012], [-44.192456, -20.058009], [-44.192455, -20.058006], [-44.192455, -20.058003], [-44.192454, -20.058], [-44.192453, -20.057997], [-44.192452, -20.057994], [-44.19245, -20.057991], [-44.192448, -20.057988], [-44.192446, -20.057986], [-44.192444, -20.057983], [-44.192442, -20.057981], [-44.19244, -20.057979], [-44.192437, -20.057977], [-44.192434, -20.057975], [-44.192432, -20.057973], [-44.192429, -20.057972], [-44.192264, -20.057897], [-44.192136, -20.057839], [-44.192049, -20.0578], [-44.192046, -20.057799], [-44.192042, -20.057798], [-44.192039, -20.057797], [-44.192036, -20.057796], [-44.192033, -20.057796], [-44.19203, -20.057795], [-44.192026, -20.057795], [-44.192023, -20.057796], [-44.19202, -20.057796], [-44.192017, -20.057797], [-44.192013, -20.057798], [-44.19201, -20.057799], [-44.192007, -20.0578], [-44.192004, -20.057801], [-44.192002, -20.057803], [-44.191999, -20.057805], [-44.191996, -20.057807], [-44.191994, -20.057809], [-44.191992, -20.057811], [-44.19199, -20.057813], [-44.191988, -20.057816], [-44.191986, -20.057819], [-44.191985, -20.057821], [-44.191907, -20.057976], [-44.191858, -20.058074], [-44.191858, -20.058074]]]}}, {"type": "Feature", "properties": {"bairro": "Vila Lourdes", "pasta": "08_VILA_LOURDES", "tipo": "Quadra", "QUADRA": "05"}, "geometry": {"type": "Polygon", "coordinates": [[[-44.191207, -20.057893], [-44.191158, -20.057991], [-44.191109, -20.05809], [-44.19106, -20.058188], [-44.190991, -20.058327], [-44.191255, -20.058434], [-44.191517, -20.058541], [-44.191579, -20.058418], [-44.191579, -20.058418], [-44.191626, -20.058323], [-44.191677, -20.058222], [-44.191726, -20.058124], [-44.191775, -20.058026], [-44.191774, -20.058026], [-44.191824, -20.057928], [-44.191823, -20.057928], [-44.191901, -20.057773], [-44.191902, -20.05777], [-44.191903, -20.057767], [-44.191904, -20.057764], [-44.191905, -20.057761], [-44.191905, -20.057758], [-44.191905, -20.057755], [-44.191905, -20.057752], [-44.191905, -20.057749], [-44.191905, -20.057746], [-44.191904, -20.057743], [-44.191903, -20.05774], [-44.191902, -20.057737], [-44.191901, -20.057734], [-44.191899, -20.057731], [-44.191898, -20.057728], [-44.191896, -20.057726], [-44.191894, -20.057724], [-44.191891, -20.057721], [-44.191889, -20.057719], [-44.191886, -20.057717], [-44.191884, -20.057716], [-44.191881, -20.057714], [-44.191878, -20.057713], [-44.191791, -20.057674], [-44.191662, -20.057616], [-44.191532, -20.057559], [-44.191445, -20.05752], [-44.191442, -20.057519], [-44.191439, -20.057518], [-44.191436, -20.057517], [-44.191433, -20.057516], [-44.19143, -20.057516], [-44.191426, -20.057516], [-44.191423, -20.057516], [-44.19142, -20.057516], [-44.191417, -20.057517], [-44.191414, -20.057517], [-44.19141, -20.057518], [-44.191407, -20.057519], [-44.191404, -20.05752], [-44.191401, -20.057522], [-44.191399, -20.057523], [-44.191396, -20.057525], [-44.191393, -20.057527], [-44.191391, -20.057529], [-44.191389, -20.057531], [-44.191387, -20.057534], [-44.191385, -20.057536], [-44.191383, -20.057539], [-44.191382, -20.057542], [-44.191304, -20.057697], [-44.191256, -20.057795], [-44.191207, -20.057893]]]}}, {"type": "Feature", "properties": {"bairro": "Vila Lourdes", "pasta": "08_VILA_LOURDES", "tipo": "Quadra", "QUADRA": "04"}, "geometry": {"type": "Polygon", "coordinates": [[[-44.191057, -20.057959], [-44.191106, -20.057861], [-44.191154, -20.057762], [-44.191203, -20.057664], [-44.191281, -20.057509], [-44.191282, -20.057506], [-44.191283, -20.057503], [-44.191284, -20.0575], [-44.191285, -20.057497], [-44.191285, -20.057494], [-44.191285, -20.057491], [-44.191285, -20.057488], [-44.191285, -20.057485], [-44.191284, -20.057482], [-44.191284, -20.057479], [-44.191283, -20.057476], [-44.191282, -20.057473], [-44.19128, -20.05747], [-44.191279, -20.057467], [-44.191277, -20.057465], [-44.191275, -20.057462], [-44.191273, -20.05746], [-44.191271, -20.057458], [-44.191269, -20.057456], [-44.191266, -20.057454], [-44.191263, -20.057452], [-44.191261, -20.05745], [-44.191258, -20.057449], [-44.191171, -20.05741], [-44.191041, -20.057353], [-44.190912, -20.057295], [-44.190825, -20.057257], [-44.190822, -20.057255], [-44.190819, -20.057254], [-44.190816, -20.057253], [-44.190813, -20.057253], [-44.190809, -20.057252], [-44.190806, -20.057252], [-44.190803, -20.057252], [-44.1908, -20.057252], [-44.190796, -20.057253], [-44.190793, -20.057254], [-44.19079, -20.057254], [-44.190787, -20.057255], [-44.190784, -20.057257], [-44.190781, -20.057258], [-44.190778, -20.05726], [-44.190776, -20.057262], [-44.190773, -20.057263], [-44.190771, -20.057266], [-44.190769, -20.057268], [-44.190767, -20.05727], [-44.190765, -20.057273], [-44.190763, -20.057275], [-44.190761, -20.057278], [-44.190684, -20.057434], [-44.190635, -20.057532], [-44.190586, -20.05763], [-44.190538, -20.057728], [-44.190489, -20.057826], [-44.19044, -20.057924], [-44.19037, -20.058064], [-44.190633, -20.058172], [-44.190896, -20.05828], [-44.190959, -20.058155], [-44.191006, -20.05806], [-44.191057, -20.057959]]]}}, {"type": "Feature", "properties": {"bairro": "Vila Lourdes", "pasta": "08_VILA_LOURDES", "tipo": "Quadra", "QUADRA": "03"}, "geometry": {"type": "Polygon", "coordinates": [[[-44.190452, -20.057063], [-44.190322, -20.057005], [-44.190235, -20.056966], [-44.190232, -20.056965], [-44.190229, -20.056964], [-44.190226, -20.056963], [-44.190223, -20.056963], [-44.19022, -20.056962], [-44.190216, -20.056962], [-44.190213, -20.056962], [-44.19021, -20.056962], [-44.190207, -20.056963], [-44.190203, -20.056963], [-44.1902, -20.056964], [-44.190197, -20.056965], [-44.190194, -20.056967], [-44.190191, -20.056968], [-44.190189, -20.05697], [-44.190186, -20.056971], [-44.190183, -20.056973], [-44.190181, -20.056975], [-44.190179, -20.056978], [-44.190177, -20.05698], [-44.190175, -20.056983], [-44.190173, -20.056985], [-44.190172, -20.056988], [-44.190094, -20.057143], [-44.190045, -20.057241], [-44.189997, -20.05734], [-44.189948, -20.057438], [-44.189899, -20.057536], [-44.18985, -20.057634], [-44.18976, -20.057814], [-44.190024, -20.057921], [-44.190288, -20.058028], [-44.190369, -20.057865], [-44.190416, -20.05777], [-44.190467, -20.057669], [-44.190516, -20.05757], [-44.190565, -20.057472], [-44.190613, -20.057374], [-44.190691, -20.057219], [-44.190692, -20.057216], [-44.190693, -20.057213], [-44.190694, -20.05721], [-44.190695, -20.057207], [-44.190695, -20.057204], [-44.190695, -20.057201], [-44.190695, -20.057198], [-44.190695, -20.057195], [-44.190695, -20.057192], [-44.190694, -20.057189], [-44.190693, -20.057186], [-44.190692, -20.057183], [-44.190691, -20.05718], [-44.190689, -20.057177], [-44.190687, -20.057175], [-44.190685, -20.057172], [-44.190683, -20.05717], [-44.190681, -20.057168], [-44.190679, -20.057165], [-44.190676, -20.057163], [-44.190674, -20.057162], [-44.190671, -20.05716], [-44.190668, -20.057159], [-44.190581, -20.05712], [-44.190452, -20.057063]]]}}, {"type": "Feature", "properties": {"bairro": "Vila Lourdes", "pasta": "08_VILA_LOURDES", "tipo": "Quadra", "QUADRA": "02"}, "geometry": {"type": "Polygon", "coordinates": [[[-44.189818, -20.057458], [-44.189867, -20.05736], [-44.189916, -20.057262], [-44.189966, -20.057164], [-44.190015, -20.057066], [-44.190077, -20.056944], [-44.190078, -20.056941], [-44.190079, -20.056938], [-44.19008, -20.056935], [-44.19008, -20.056932], [-44.190081, -20.056929], [-44.190081, -20.056926], [-44.190081, -20.056923], [-44.190081, -20.05692], [-44.19008, -20.056917], [-44.19008, -20.056914], [-44.190079, -20.056911], [-44.190078, -20.056908], [-44.190077, -20.056905], [-44.190075, -20.056902], [-44.190073, -20.0569], [-44.190071, -20.056897], [-44.190069, -20.056895], [-44.190067, -20.056893], [-44.190065, -20.05689], [-44.190062, -20.056888], [-44.19006, -20.056887], [-44.190057, -20.056885], [-44.190054, -20.056884], [-44.189942, -20.056833], [-44.189786, -20.056763], [-44.189679, -20.056703], [-44.189676, -20.056702], [-44.189673, -20.056701], [-44.18967, -20.0567], [-44.189667, -20.056699], [-44.189664, -20.056698], [-44.189661, -20.056698], [-44.189657, -20.056697], [-44.189654, -20.056697], [-44.189651, -20.056697], [-44.189648, -20.056698], [-44.189644, -20.056698], [-44.189641, -20.056699], [-44.189638, -20.0567], [-44.189635, -20.056701], [-44.189632, -20.056702], [-44.189629, -20.056704], [-44.189627, -20.056706], [-44.189624, -20.056708], [-44.189622, -20.05671], [-44.189619, -20.056712], [-44.189617, -20.056714], [-44.189615, -20.056717], [-44.189614, -20.056719], [-44.189535, -20.056843], [-44.189466, -20.056952], [-44.189407, -20.057045], [-44.189348, -20.057138], [-44.189289, -20.057231], [-44.18923, -20.057324], [-44.189171, -20.057417], [-44.189097, -20.057534], [-44.189394, -20.057667], [-44.189656, -20.057778], [-44.189726, -20.05764], [-44.189768, -20.057556], [-44.189818, -20.057458]]]}}, {"type": "Feature", "properties": {"bairro": "Vila Lourdes", "pasta": "08_VILA_LOURDES", "tipo": "Quadra", "QUADRA": "01"}, "geometry": {"type": "Polygon", "coordinates": [[[-44.188946, -20.057049], [-44.188882, -20.057132], [-44.188821, -20.057225], [-44.188724, -20.057363], [-44.188993, -20.057486], [-44.189063, -20.05737], [-44.189124, -20.057277], [-44.189188, -20.057194], [-44.189249, -20.057104], [-44.189315, -20.057009], [-44.189378, -20.05692], [-44.189456, -20.056835], [-44.189548, -20.056682], [-44.18955, -20.056679], [-44.189551, -20.056677], [-44.189552, -20.056675], [-44.189553, -20.056672], [-44.189554, -20.05667], [-44.189555, -20.056667], [-44.189555, -20.056664], [-44.189555, -20.056662], [-44.189556, -20.056659], [-44.189556, -20.056656], [-44.189555, -20.056654], [-44.189555, -20.056651], [-44.189554, -20.056648], [-44.189553, -20.056646], [-44.189552, -20.056643], [-44.189551, -20.056641], [-44.18955, -20.056639], [-44.189548, -20.056636], [-44.189547, -20.056634], [-44.189545, -20.056632], [-44.189543, -20.05663], [-44.189541, -20.056628], [-44.189538, -20.056627], [-44.189397, -20.056544], [-44.189327, -20.056501], [-44.189203, -20.056684], [-44.189136, -20.056775], [-44.189073, -20.056863], [-44.18904, -20.056911], [-44.18904, -20.056911], [-44.188946, -20.057049]]]}}, {"type": "Feature", "properties": {"bairro": "Vila Lourdes", "pasta": "08_VILA_LOURDES", "tipo": "Quadra", "QUADRA": "07"}, "geometry": {"type": "Polygon", "coordinates": [[[-44.191681, -20.057215], [-44.191494, -20.057179], [-44.191205, -20.057116], [-44.190714, -20.056997], [-44.190671, -20.056977], [-44.190549, -20.056927], [-44.190426, -20.056876], [-44.190305, -20.056822], [-44.190188, -20.056759], [-44.190071, -20.056698], [-44.189958, -20.056631], [-44.189842, -20.056568], [-44.18978, -20.056526], [-44.18967, -20.056454], [-44.189566, -20.056374], [-44.189469, -20.056286], [-44.189366, -20.056206], [-44.189266, -20.056122], [-44.189172, -20.056033], [-44.189079, -20.05595], [-44.189009, -20.055887], [-44.188779, -20.056024], [-44.188777, -20.056027], [-44.188776, -20.05603], [-44.188775, -20.056033], [-44.188774, -20.056035], [-44.188773, -20.056038], [-44.188772, -20.056042], [-44.188772, -20.056045], [-44.188772, -20.056048], [-44.188772, -20.056051], [-44.188772, -20.056054], [-44.188773, -20.056057], [-44.188774, -20.05606], [-44.188775, -20.056063], [-44.188776, -20.056066], [-44.188777, -20.056068], [-44.188779, -20.056071], [-44.188781, -20.056074], [-44.188783, -20.056076], [-44.188785, -20.056078], [-44.188787, -20.056081], [-44.18879, -20.056083], [-44.188792, -20.056085], [-44.188795, -20.056086], [-44.189695, -20.056595], [-44.189695, -20.056595], [-44.189836, -20.056668], [-44.189974, -20.056749], [-44.190158, -20.056834], [-44.190678, -20.057066], [-44.191118, -20.057239], [-44.191377, -20.057357], [-44.19155, -20.057435], [-44.191722, -20.057513], [-44.191851, -20.057571], [-44.191981, -20.05763], [-44.19211, -20.057688], [-44.19224, -20.057747], [-44.192369, -20.057805], [-44.192498, -20.057864], [-44.192628, -20.057922], [-44.192757, -20.057981], [-44.192886, -20.058039], [-44.193016, -20.058098], [-44.193145, -20.058156], [-44.193275, -20.058215], [-44.193404, -20.058273], [-44.193533, -20.058332], [-44.193663, -20.05839], [-44.193792, -20.058449], [-44.193921, -20.058507], [-44.194051, -20.058566], [-44.19418, -20.058624], [-44.19431, -20.058683], [-44.194439, -20.058741], [-44.194568, -20.0588], [-44.194704, -20.058865], [-44.19477, -20.058915], [-44.194805, -20.058941], [-44.194841, -20.05897], [-44.194877, -20.059], [-44.194991, -20.059085], [-44.195049, -20.059135], [-44.195134, -20.059238], [-44.195215, -20.059158], [-44.195155, -20.059088], [-44.195096, -20.059005], [-44.195047, -20.058941], [-44.19498, -20.05884], [-44.194952, -20.058791], [-44.194839, -20.058593], [-44.194785, -20.058516], [-44.194736, -20.058457], [-44.194599, -20.058348], [-44.1945, -20.05825], [-44.194396, -20.058156], [-44.194289, -20.058065], [-44.19418, -20.057978], [-44.194067, -20.057894], [-44.193956, -20.057808], [-44.193809, -20.057721], [-44.19368, -20.057662], [-44.193545, -20.057616], [-44.193408, -20.057575], [-44.19327, -20.05754], [-44.193131, -20.057507], [-44.192992, -20.057473], [-44.192852, -20.057443], [-44.192713, -20.05741], [-44.192574, -20.057377], [-44.192432, -20.057353], [-44.192292, -20.057326], [-44.192151, -20.0573], [-44.192011, -20.057273], [-44.191869, -20.057249], [-44.191681, -20.057215]]]}}, {"type": "Feature", "properties": {"bairro": "Vila Ondina", "pasta": "09_VILA_ONDINA", "tipo": "Quadra", "QUADRA": "20"}, "geometry": {"type": "Polygon", "coordinates": [[[-44.187884, -20.059948], [-44.188405, -20.060325], [-44.188465, -20.060203], [-44.188466, -20.060201], [-44.188466, -20.060199], [-44.188467, -20.060197], [-44.188467, -20.060195], [-44.188467, -20.060193], [-44.188467, -20.060191], [-44.188467, -20.060189], [-44.188467, -20.060187], [-44.188466, -20.060185], [-44.188466, -20.060183], [-44.188465, -20.060181], [-44.188464, -20.06018], [-44.188463, -20.060178], [-44.188462, -20.060176], [-44.188461, -20.060174], [-44.18846, -20.060173], [-44.188459, -20.060171], [-44.188457, -20.06017], [-44.188455, -20.060168], [-44.188454, -20.060167], [-44.188452, -20.060166], [-44.187922, -20.059934], [-44.18792, -20.059934], [-44.187917, -20.059933], [-44.187915, -20.059933], [-44.187913, -20.059933], [-44.187911, -20.059933], [-44.187908, -20.059933], [-44.187906, -20.059934], [-44.187904, -20.059934], [-44.187902, -20.059935], [-44.187899, -20.059935], [-44.187897, -20.059936], [-44.187895, -20.059937], [-44.187893, -20.059938], [-44.187892, -20.05994], [-44.18789, -20.059941], [-44.187888, -20.059943], [-44.187887, -20.059944], [-44.187885, -20.059946], [-44.187884, -20.059948]]]}}, {"type": "Feature", "properties": {"bairro": "Vila Ondina", "pasta": "09_VILA_ONDINA", "tipo": "Quadra", "QUADRA": "27"}, "geometry": {"type": "Polygon", "coordinates": [[[-44.191513, -20.062609], [-44.191605, -20.062679], [-44.191804, -20.062831], [-44.191894, -20.062367], [-44.191781, -20.062318], [-44.191677, -20.062272], [-44.191573, -20.062227], [-44.191427, -20.062163], [-44.191425, -20.062162], [-44.191423, -20.062162], [-44.191421, -20.062161], [-44.191419, -20.062161], [-44.191416, -20.062161], [-44.191414, -20.062161], [-44.191412, -20.062161], [-44.19141, -20.062161], [-44.191408, -20.062162], [-44.191406, -20.062162], [-44.191404, -20.062163], [-44.191402, -20.062163], [-44.1914, -20.062164], [-44.191398, -20.062165], [-44.191396, -20.062166], [-44.191395, -20.062168], [-44.191393, -20.062169], [-44.191391, -20.06217], [-44.19139, -20.062172], [-44.191389, -20.062174], [-44.191387, -20.062175], [-44.191327, -20.062299], [-44.191263, -20.06243], [-44.19142, -20.062538], [-44.191513, -20.062609]]]}}, {"type": "Feature", "properties": {"bairro": "Vila Ondina", "pasta": "09_VILA_ONDINA", "tipo": "Quadra", "QUADRA": "26"}, "geometry": {"type": "Polygon", "coordinates": [[[-44.191908, -20.062274], [-44.191959, -20.061997], [-44.192001, -20.061717], [-44.191889, -20.061668], [-44.191708, -20.061589], [-44.191706, -20.061588], [-44.191704, -20.061588], [-44.191702, -20.061587], [-44.1917, -20.061587], [-44.191697, -20.061587], [-44.191695, -20.061587], [-44.191693, -20.061587], [-44.191691, -20.061587], [-44.191689, -20.061587], [-44.191687, -20.061588], [-44.191685, -20.061589], [-44.191683, -20.061589], [-44.191681, -20.06159], [-44.191679, -20.061591], [-44.191677, -20.061592], [-44.191675, -20.061594], [-44.191674, -20.061595], [-44.191672, -20.061596], [-44.191671, -20.061598], [-44.19167, -20.061599], [-44.191668, -20.061601], [-44.19162, -20.0617], [-44.19156, -20.061823], [-44.1915, -20.061946], [-44.191451, -20.062045], [-44.191451, -20.062047], [-44.19145, -20.062049], [-44.19145, -20.062051], [-44.19145, -20.062053], [-44.19145, -20.062055], [-44.19145, -20.062057], [-44.19145, -20.062059], [-44.191451, -20.062061], [-44.191451, -20.062063], [-44.191452, -20.062064], [-44.191453, -20.062066], [-44.191454, -20.062068], [-44.191455, -20.06207], [-44.191456, -20.062072], [-44.191457, -20.062073], [-44.191459, -20.062075], [-44.19146, -20.062076], [-44.191462, -20.062078], [-44.191463, -20.062079], [-44.191465, -20.06208], [-44.191467, -20.062081], [-44.191648, -20.06216], [-44.191752, -20.062205], [-44.191908, -20.062274]]]}}, {"type": "Feature", "properties": {"bairro": "Vila Ondina", "pasta": "09_VILA_ONDINA", "tipo": "Quadra", "QUADRA": "12"}, "geometry": {"type": "Polygon", "coordinates": [[[-44.191808, -20.061284], [-44.191755, -20.061391], [-44.191719, -20.061465], [-44.191719, -20.061467], [-44.191718, -20.061469], [-44.191718, -20.061471], [-44.191718, -20.061473], [-44.191718, -20.061475], [-44.191718, -20.061477], [-44.191718, -20.061479], [-44.191718, -20.061481], [-44.191719, -20.061483], [-44.19172, -20.061485], [-44.191721, -20.061486], [-44.191721, -20.061488], [-44.191723, -20.06149], [-44.191724, -20.061492], [-44.191725, -20.061493], [-44.191726, -20.061495], [-44.191728, -20.061496], [-44.19173, -20.061498], [-44.191731, -20.061499], [-44.191733, -20.0615], [-44.191735, -20.061501], [-44.19202, -20.061626], [-44.192029, -20.06151], [-44.192051, -20.06139], [-44.192072, -20.06126], [-44.192097, -20.061092], [-44.192164, -20.060663], [-44.192477, -20.060561], [-44.192794, -20.06056], [-44.192854, -20.060437], [-44.192902, -20.060339], [-44.192951, -20.06024], [-44.193034, -20.06007], [-44.193035, -20.060068], [-44.193035, -20.060066], [-44.193036, -20.060064], [-44.193036, -20.060062], [-44.193036, -20.06006], [-44.193036, -20.060058], [-44.193036, -20.060056], [-44.193036, -20.060054], [-44.193036, -20.060052], [-44.193035, -20.06005], [-44.193034, -20.060048], [-44.193034, -20.060046], [-44.193033, -20.060044], [-44.193032, -20.060042], [-44.19303, -20.060041], [-44.193029, -20.060039], [-44.193028, -20.060037], [-44.193026, -20.060036], [-44.193025, -20.060035], [-44.193023, -20.060033], [-44.193021, -20.060032], [-44.192917, -20.059987], [-44.192787, -20.05993], [-44.192656, -20.059873], [-44.192526, -20.059816], [-44.19243, -20.060013], [-44.192382, -20.060111], [-44.192333, -20.06021], [-44.192285, -20.060308], [-44.192237, -20.060406], [-44.192121, -20.060644], [-44.191936, -20.061022], [-44.191864, -20.061169], [-44.191808, -20.061284]]]}}, {"type": "Feature", "properties": {"bairro": "Vila Ondina", "pasta": "09_VILA_ONDINA", "tipo": "Quadra", "QUADRA": "11"}, "geometry": {"type": "Polygon", "coordinates": [[[-44.193841, -20.060391], [-44.193563, -20.060269], [-44.193459, -20.060224], [-44.193355, -20.060178], [-44.193174, -20.060099], [-44.193172, -20.060099], [-44.19317, -20.060098], [-44.193168, -20.060098], [-44.193166, -20.060097], [-44.193164, -20.060097], [-44.193162, -20.060097], [-44.19316, -20.060097], [-44.193158, -20.060097], [-44.193155, -20.060098], [-44.193153, -20.060098], [-44.193151, -20.060099], [-44.193149, -20.0601], [-44.193147, -20.060101], [-44.193145, -20.060102], [-44.193144, -20.060103], [-44.193142, -20.060104], [-44.19314, -20.060105], [-44.193139, -20.060107], [-44.193137, -20.060108], [-44.193136, -20.06011], [-44.193135, -20.060112], [-44.193087, -20.06021], [-44.193026, -20.060333], [-44.192914, -20.060563], [-44.193315, -20.060519], [-44.193443, -20.060515], [-44.193841, -20.060391]]]}}, {"type": "Feature", "properties": {"bairro": "Vila Ondina", "pasta": "09_VILA_ONDINA", "tipo": "Quadra", "QUADRA": "10"}, "geometry": {"type": "Polygon", "coordinates": [[[-44.194563, -20.059881], [-44.19409, -20.059663], [-44.19404, -20.059761], [-44.19399, -20.059858], [-44.19394, -20.059956], [-44.193889, -20.060053], [-44.193802, -20.060222], [-44.193801, -20.060224], [-44.193801, -20.060226], [-44.1938, -20.060228], [-44.1938, -20.06023], [-44.1938, -20.060232], [-44.1938, -20.060234], [-44.1938, -20.060236], [-44.1938, -20.060238], [-44.1938, -20.06024], [-44.193801, -20.060242], [-44.193801, -20.060244], [-44.193802, -20.060246], [-44.193803, -20.060248], [-44.193804, -20.06025], [-44.193805, -20.060251], [-44.193806, -20.060253], [-44.193808, -20.060255], [-44.193809, -20.060256], [-44.193811, -20.060257], [-44.193813, -20.060259], [-44.193814, -20.06026], [-44.193944, -20.060319], [-44.194207, -20.0602], [-44.194309, -20.060126], [-44.194402, -20.060048], [-44.194487, -20.059966], [-44.194563, -20.059881]]]}}, {"type": "Feature", "properties": {"bairro": "Vila Ondina", "pasta": "09_VILA_ONDINA", "tipo": "Quadra", "QUADRA": "09"}, "geometry": {"type": "Polygon", "coordinates": [[[-44.19321, -20.059959], [-44.193209, -20.059961], [-44.193208, -20.059963], [-44.193208, -20.059965], [-44.193208, -20.059967], [-44.193207, -20.059969], [-44.193207, -20.059971], [-44.193208, -20.059973], [-44.193208, -20.059975], [-44.193208, -20.059977], [-44.193209, -20.059979], [-44.193209, -20.05998], [-44.19321, -20.059982], [-44.193211, -20.059984], [-44.193212, -20.059986], [-44.193213, -20.059988], [-44.193215, -20.059989], [-44.193216, -20.059991], [-44.193218, -20.059992], [-44.193219, -20.059994], [-44.193221, -20.059995], [-44.193223, -20.059996], [-44.193327, -20.060042], [-44.193457, -20.060098], [-44.193588, -20.060155], [-44.193692, -20.060201], [-44.193694, -20.060202], [-44.193696, -20.060202], [-44.193698, -20.060202], [-44.1937, -20.060202], [-44.193703, -20.060202], [-44.193705, -20.060202], [-44.193707, -20.060202], [-44.193709, -20.060202], [-44.193711, -20.060201], [-44.193713, -20.060201], [-44.193715, -20.0602], [-44.193717, -20.060199], [-44.193719, -20.060198], [-44.193721, -20.060197], [-44.193722, -20.060196], [-44.193724, -20.060194], [-44.193725, -20.060193], [-44.193727, -20.060191], [-44.193728, -20.06019], [-44.193729, -20.060188], [-44.19373, -20.060186], [-44.193814, -20.060015], [-44.193862, -20.059917], [-44.19391, -20.059819], [-44.193959, -20.05972], [-44.194007, -20.059622], [-44.193746, -20.059508], [-44.193486, -20.059394], [-44.193438, -20.059493], [-44.19339, -20.059591], [-44.193341, -20.059689], [-44.193293, -20.059788], [-44.19321, -20.059959]]]}}, {"type": "Feature", "properties": {"bairro": "Vila Ondina", "pasta": "09_VILA_ONDINA", "tipo": "Quadra", "QUADRA": "25"}, "geometry": {"type": "Polygon", "coordinates": [[[-44.191192, -20.062359], [-44.191256, -20.062228], [-44.191305, -20.062129], [-44.191353, -20.062031], [-44.191401, -20.061933], [-44.191449, -20.061834], [-44.191497, -20.061736], [-44.191581, -20.061565], [-44.191581, -20.061563], [-44.191582, -20.061561], [-44.191583, -20.061559], [-44.191583, -20.061557], [-44.191583, -20.061555], [-44.191583, -20.061553], [-44.191583, -20.061551], [-44.191583, -20.061549], [-44.191582, -20.061547], [-44.191582, -20.061545], [-44.191581, -20.061543], [-44.19158, -20.061541], [-44.191579, -20.061539], [-44.191578, -20.061538], [-44.191577, -20.061536], [-44.191576, -20.061534], [-44.191574, -20.061533], [-44.191573, -20.061531], [-44.191571, -20.06153], [-44.19157, -20.061529], [-44.191568, -20.061528], [-44.191459, -20.06148], [-44.191329, -20.061423], [-44.191199, -20.061366], [-44.19109, -20.061319], [-44.191088, -20.061318], [-44.191086, -20.061318], [-44.191084, -20.061318], [-44.191081, -20.061317], [-44.191079, -20.061317], [-44.191077, -20.061317], [-44.191075, -20.061318], [-44.191073, -20.061318], [-44.191071, -20.061319], [-44.191069, -20.061319], [-44.191067, -20.06132], [-44.191065, -20.061321], [-44.191063, -20.061322], [-44.191061, -20.061323], [-44.191059, -20.061324], [-44.191058, -20.061326], [-44.191056, -20.061327], [-44.191055, -20.061329], [-44.191054, -20.06133], [-44.191052, -20.061332], [-44.191051, -20.061334], [-44.190968, -20.061504], [-44.19092, -20.061603], [-44.190871, -20.061701], [-44.190823, -20.0618], [-44.190775, -20.061898], [-44.190715, -20.062021], [-44.190951, -20.062194], [-44.191192, -20.062359]]]}}, {"type": "Feature", "properties": {"bairro": "Vila Ondina", "pasta": "09_VILA_ONDINA", "tipo": "Quadra", "QUADRA": "24"}, "geometry": {"type": "Polygon", "coordinates": [[[-44.190201, -20.061468], [-44.19014, -20.061591], [-44.190384, -20.061767], [-44.190623, -20.061951], [-44.190695, -20.061803], [-44.190743, -20.061705], [-44.190791, -20.061606], [-44.190839, -20.061508], [-44.190947, -20.061288], [-44.190948, -20.061286], [-44.190948, -20.061284], [-44.190949, -20.061282], [-44.190949, -20.06128], [-44.190949, -20.061278], [-44.190949, -20.061276], [-44.190949, -20.061274], [-44.190949, -20.061272], [-44.190949, -20.06127], [-44.190948, -20.061268], [-44.190947, -20.061266], [-44.190947, -20.061264], [-44.190946, -20.061263], [-44.190945, -20.061261], [-44.190943, -20.061259], [-44.190942, -20.061257], [-44.190941, -20.061256], [-44.190939, -20.061254], [-44.190938, -20.061253], [-44.190936, -20.061252], [-44.190934, -20.061251], [-44.190851, -20.061215], [-44.190743, -20.061167], [-44.190634, -20.06112], [-44.190526, -20.061072], [-44.190443, -20.061036], [-44.190441, -20.061036], [-44.190439, -20.061035], [-44.190437, -20.061035], [-44.190435, -20.061035], [-44.190433, -20.061035], [-44.19043, -20.061035], [-44.190428, -20.061035], [-44.190426, -20.061036], [-44.190424, -20.061036], [-44.190422, -20.061037], [-44.19042, -20.061037], [-44.190418, -20.061038], [-44.190416, -20.061039], [-44.190415, -20.06104], [-44.190413, -20.061042], [-44.190411, -20.061043], [-44.19041, -20.061044], [-44.190408, -20.061046], [-44.190407, -20.061048], [-44.190406, -20.061049], [-44.190405, -20.061051], [-44.190297, -20.061271], [-44.190249, -20.061369], [-44.190201, -20.061468]]]}}, {"type": "Feature", "properties": {"bairro": "Vila Ondina", "pasta": "09_VILA_ONDINA", "tipo": "Quadra", "QUADRA": "23"}, "geometry": {"type": "Polygon", "coordinates": [[[-44.18967, -20.06107], [-44.189606, -20.061201], [-44.189838, -20.061372], [-44.19007, -20.061543], [-44.190142, -20.061396], [-44.190191, -20.061297], [-44.190239, -20.061199], [-44.190322, -20.061028], [-44.190323, -20.061026], [-44.190324, -20.061024], [-44.190324, -20.061022], [-44.190324, -20.06102], [-44.190325, -20.061018], [-44.190325, -20.061016], [-44.190324, -20.061014], [-44.190324, -20.061012], [-44.190324, -20.06101], [-44.190323, -20.061008], [-44.190323, -20.061006], [-44.190322, -20.061005], [-44.190321, -20.061003], [-44.19032, -20.061001], [-44.190319, -20.060999], [-44.190317, -20.060998], [-44.190316, -20.060996], [-44.190314, -20.060995], [-44.190313, -20.060993], [-44.190311, -20.060992], [-44.190309, -20.060991], [-44.190205, -20.060945], [-44.190075, -20.060888], [-44.189944, -20.060832], [-44.18984, -20.060786], [-44.189838, -20.060785], [-44.189836, -20.060785], [-44.189834, -20.060785], [-44.189832, -20.060784], [-44.189829, -20.060784], [-44.189827, -20.060785], [-44.189825, -20.060785], [-44.189823, -20.060785], [-44.189821, -20.060786], [-44.189819, -20.060786], [-44.189817, -20.060787], [-44.189815, -20.060788], [-44.189813, -20.060789], [-44.189811, -20.06079], [-44.18981, -20.060791], [-44.189808, -20.060793], [-44.189807, -20.060794], [-44.189805, -20.060796], [-44.189804, -20.060797], [-44.189803, -20.060799], [-44.189802, -20.060801], [-44.189718, -20.060971], [-44.18967, -20.06107]]]}}, {"type": "Feature", "properties": {"bairro": "Vila Ondina", "pasta": "09_VILA_ONDINA", "tipo": "Quadra", "QUADRA": "22"}, "geometry": {"type": "Polygon", "coordinates": [[[-44.189067, -20.06081], [-44.189532, -20.061152], [-44.189588, -20.061037], [-44.189636, -20.060939], [-44.189733, -20.060742], [-44.189602, -20.060685], [-44.189472, -20.060628], [-44.189342, -20.060571], [-44.189212, -20.060514], [-44.189116, -20.060711], [-44.189067, -20.06081]]]}}, {"type": "Feature", "properties": {"bairro": "Vila Ondina", "pasta": "09_VILA_ONDINA", "tipo": "Quadra", "QUADRA": "21"}, "geometry": {"type": "Polygon", "coordinates": [[[-44.188996, -20.060757], [-44.189123, -20.060496], [-44.189124, -20.060494], [-44.189125, -20.060492], [-44.189125, -20.06049], [-44.189126, -20.060488], [-44.189126, -20.060486], [-44.189126, -20.060484], [-44.189126, -20.060482], [-44.189125, -20.06048], [-44.189125, -20.060478], [-44.189124, -20.060476], [-44.189124, -20.060474], [-44.189123, -20.060472], [-44.189122, -20.06047], [-44.189121, -20.060468], [-44.18912, -20.060467], [-44.189119, -20.060465], [-44.189117, -20.060464], [-44.189116, -20.060462], [-44.189114, -20.060461], [-44.189112, -20.06046], [-44.189111, -20.060458], [-44.189032, -20.060424], [-44.188911, -20.060371], [-44.188772, -20.06031], [-44.188641, -20.060253], [-44.188639, -20.060253], [-44.188637, -20.060252], [-44.188635, -20.060252], [-44.188633, -20.060252], [-44.188631, -20.060252], [-44.188629, -20.060252], [-44.188626, -20.060252], [-44.188624, -20.060253], [-44.188622, -20.060253], [-44.18862, -20.060254], [-44.188618, -20.060255], [-44.188616, -20.060256], [-44.188614, -20.060257], [-44.188613, -20.060258], [-44.188611, -20.060259], [-44.188609, -20.06026], [-44.188608, -20.060262], [-44.188606, -20.060263], [-44.188605, -20.060265], [-44.188604, -20.060266], [-44.188603, -20.060268], [-44.188531, -20.060414], [-44.188671, -20.060515], [-44.188796, -20.060605], [-44.188904, -20.060687], [-44.188996, -20.060757]]]}}, {"type": "Feature", "properties": {"bairro": "Vila Ondina", "pasta": "09_VILA_ONDINA", "tipo": "Quadra", "QUADRA": "13"}, "geometry": {"type": "Polygon", "coordinates": [[[-44.191201, -20.061029], [-44.191117, -20.061199], [-44.191116, -20.061201], [-44.191116, -20.061203], [-44.191115, -20.061205], [-44.191115, -20.061207], [-44.191115, -20.061209], [-44.191115, -20.061211], [-44.191115, -20.061213], [-44.191115, -20.061215], [-44.191115, -20.061217], [-44.191116, -20.061219], [-44.191117, -20.061221], [-44.191117, -20.061223], [-44.191118, -20.061225], [-44.191119, -20.061227], [-44.191121, -20.061228], [-44.191122, -20.06123], [-44.191123, -20.061232], [-44.191125, -20.061233], [-44.191126, -20.061234], [-44.191128, -20.061236], [-44.19113, -20.061237], [-44.191234, -20.061282], [-44.191369, -20.061341], [-44.191503, -20.0614], [-44.191608, -20.061446], [-44.19161, -20.061446], [-44.191612, -20.061447], [-44.191614, -20.061447], [-44.191616, -20.061447], [-44.191618, -20.061447], [-44.191621, -20.061447], [-44.191623, -20.061447], [-44.191625, -20.061446], [-44.191627, -20.061446], [-44.191629, -20.061445], [-44.191631, -20.061444], [-44.191633, -20.061444], [-44.191635, -20.061443], [-44.191637, -20.061441], [-44.191638, -20.06144], [-44.19164, -20.061439], [-44.191641, -20.061437], [-44.191643, -20.061436], [-44.191644, -20.061434], [-44.191645, -20.061433], [-44.191646, -20.061431], [-44.19173, -20.06126], [-44.191778, -20.061162], [-44.191826, -20.061063], [-44.191874, -20.060965], [-44.191923, -20.060866], [-44.191971, -20.060768], [-44.192019, -20.06067], [-44.192067, -20.060571], [-44.192115, -20.060473], [-44.192163, -20.060374], [-44.192212, -20.060276], [-44.19226, -20.060177], [-44.192308, -20.060079], [-44.192356, -20.059981], [-44.192452, -20.059784], [-44.192322, -20.059727], [-44.192188, -20.059668], [-44.192053, -20.059609], [-44.191923, -20.059552], [-44.191827, -20.059749], [-44.191779, -20.059848], [-44.19173, -20.059946], [-44.191682, -20.060045], [-44.191634, -20.060143], [-44.191586, -20.060241], [-44.191538, -20.06034], [-44.19149, -20.060438], [-44.191441, -20.060537], [-44.191393, -20.060635], [-44.191345, -20.060733], [-44.191297, -20.060832], [-44.191249, -20.06093], [-44.191201, -20.061029]]]}}, {"type": "Feature", "properties": {"bairro": "Vila Ondina", "pasta": "09_VILA_ONDINA", "tipo": "Quadra", "QUADRA": "08"}, "geometry": {"type": "Polygon", "coordinates": [[[-44.192602, -20.059693], [-44.192601, -20.059695], [-44.192601, -20.059697], [-44.1926, -20.059699], [-44.1926, -20.059701], [-44.1926, -20.059703], [-44.1926, -20.059705], [-44.1926, -20.059707], [-44.1926, -20.059709], [-44.192601, -20.059711], [-44.192601, -20.059713], [-44.192602, -20.059715], [-44.192603, -20.059717], [-44.192604, -20.059719], [-44.192605, -20.05972], [-44.192606, -20.059722], [-44.192607, -20.059724], [-44.192609, -20.059725], [-44.19261, -20.059727], [-44.192612, -20.059728], [-44.192613, -20.059729], [-44.192615, -20.05973], [-44.19272, -20.059776], [-44.19285, -20.059833], [-44.19298, -20.05989], [-44.193084, -20.059936], [-44.193087, -20.059936], [-44.193089, -20.059936], [-44.193091, -20.059937], [-44.193093, -20.059937], [-44.193095, -20.059937], [-44.193097, -20.059937], [-44.193099, -20.059937], [-44.193101, -20.059936], [-44.193103, -20.059936], [-44.193106, -20.059935], [-44.193108, -20.059934], [-44.193109, -20.059933], [-44.193111, -20.059932], [-44.193113, -20.059931], [-44.193115, -20.05993], [-44.193116, -20.059929], [-44.193118, -20.059927], [-44.193119, -20.059926], [-44.193121, -20.059924], [-44.193122, -20.059922], [-44.193123, -20.059921], [-44.193207, -20.05975], [-44.193255, -20.059652], [-44.193303, -20.059553], [-44.193351, -20.059455], [-44.193399, -20.059356], [-44.193139, -20.059242], [-44.192878, -20.059129], [-44.19283, -20.059227], [-44.192782, -20.059326], [-44.192734, -20.059424], [-44.192686, -20.059522], [-44.192602, -20.059693]]]}}, {"type": "Feature", "properties": {"bairro": "Vila Ondina", "pasta": "09_VILA_ONDINA", "tipo": "Quadra", "QUADRA": "07"}, "geometry": {"type": "Polygon", "coordinates": [[[-44.192332, -20.05889], [-44.192252, -20.059003], [-44.192174, -20.059123], [-44.192109, -20.059223], [-44.191992, -20.059403], [-44.191991, -20.059406], [-44.191989, -20.059408], [-44.191988, -20.059411], [-44.191986, -20.059414], [-44.191985, -20.059417], [-44.191985, -20.05942], [-44.191984, -20.059423], [-44.191984, -20.059426], [-44.191984, -20.059429], [-44.191984, -20.059432], [-44.191984, -20.059435], [-44.191985, -20.059438], [-44.191986, -20.059441], [-44.191987, -20.059444], [-44.191988, -20.059447], [-44.191989, -20.059449], [-44.191991, -20.059452], [-44.191993, -20.059455], [-44.191995, -20.059457], [-44.191997, -20.059459], [-44.191999, -20.059461], [-44.192112, -20.059511], [-44.192242, -20.059568], [-44.192372, -20.059624], [-44.192477, -20.05967], [-44.192479, -20.059671], [-44.192481, -20.059671], [-44.192483, -20.059671], [-44.192485, -20.059671], [-44.192487, -20.059671], [-44.19249, -20.059671], [-44.192492, -20.059671], [-44.192494, -20.059671], [-44.192496, -20.05967], [-44.192498, -20.05967], [-44.1925, -20.059669], [-44.192502, -20.059668], [-44.192504, -20.059667], [-44.192506, -20.059666], [-44.192507, -20.059665], [-44.192509, -20.059663], [-44.19251, -20.059662], [-44.192512, -20.05966], [-44.192513, -20.059659], [-44.192514, -20.059657], [-44.192515, -20.059655], [-44.192599, -20.059484], [-44.192647, -20.059386], [-44.192695, -20.059288], [-44.192743, -20.059189], [-44.192792, -20.059091], [-44.192531, -20.058977], [-44.192332, -20.05889]]]}}, {"type": "Feature", "properties": {"bairro": "Vila Ondina", "pasta": "09_VILA_ONDINA", "tipo": "Quadra", "QUADRA": "06"}, "geometry": {"type": "Polygon", "coordinates": [[[-44.191337, -20.05916], [-44.191336, -20.059162], [-44.191335, -20.059164], [-44.191335, -20.059166], [-44.191335, -20.059168], [-44.191334, -20.05917], [-44.191334, -20.059172], [-44.191334, -20.059174], [-44.191335, -20.059176], [-44.191335, -20.059178], [-44.191336, -20.05918], [-44.191336, -20.059182], [-44.191337, -20.059184], [-44.191338, -20.059185], [-44.191339, -20.059187], [-44.19134, -20.059189], [-44.191342, -20.05919], [-44.191343, -20.059192], [-44.191344, -20.059193], [-44.191346, -20.059195], [-44.191348, -20.059196], [-44.19135, -20.059197], [-44.191454, -20.059243], [-44.191584, -20.0593], [-44.191714, -20.059357], [-44.191827, -20.059406], [-44.19183, -20.059406], [-44.191833, -20.059407], [-44.191836, -20.059407], [-44.191839, -20.059407], [-44.191842, -20.059407], [-44.191846, -20.059406], [-44.191849, -20.059406], [-44.191851, -20.059405], [-44.191854, -20.059404], [-44.191857, -20.059403], [-44.19186, -20.059401], [-44.191862, -20.0594], [-44.191865, -20.059398], [-44.191867, -20.059396], [-44.191869, -20.059394], [-44.191871, -20.059392], [-44.191873, -20.05939], [-44.191875, -20.059387], [-44.191877, -20.059385], [-44.191984, -20.059236], [-44.19205, -20.059145], [-44.192107, -20.05905], [-44.192168, -20.058957], [-44.192229, -20.058865], [-44.191873, -20.058709], [-44.191613, -20.058595], [-44.191565, -20.058694], [-44.191517, -20.058792], [-44.191468, -20.058891], [-44.19142, -20.058989], [-44.191337, -20.05916]]]}}, {"type": "Feature", "properties": {"bairro": "Vila Ondina", "pasta": "09_VILA_ONDINA", "tipo": "Quadra", "QUADRA": "05"}, "geometry": {"type": "Polygon", "coordinates": [[[-44.190716, -20.058888], [-44.190715, -20.05889], [-44.190714, -20.058892], [-44.190714, -20.058894], [-44.190713, -20.058896], [-44.190713, -20.058898], [-44.190713, -20.0589], [-44.190713, -20.058902], [-44.190714, -20.058904], [-44.190714, -20.058906], [-44.190715, -20.058908], [-44.190715, -20.05891], [-44.190716, -20.058911], [-44.190717, -20.058913], [-44.190718, -20.058915], [-44.190719, -20.058917], [-44.190721, -20.058918], [-44.190722, -20.05892], [-44.190723, -20.058921], [-44.190725, -20.058923], [-44.190727, -20.058924], [-44.190728, -20.058925], [-44.190833, -20.058971], [-44.190963, -20.059028], [-44.191093, -20.059084], [-44.191198, -20.05913], [-44.1912, -20.059131], [-44.191202, -20.059131], [-44.191204, -20.059131], [-44.191206, -20.059132], [-44.191208, -20.059132], [-44.191211, -20.059131], [-44.191213, -20.059131], [-44.191215, -20.059131], [-44.191217, -20.05913], [-44.191219, -20.05913], [-44.191221, -20.059129], [-44.191223, -20.059128], [-44.191225, -20.059127], [-44.191226, -20.059126], [-44.191228, -20.059125], [-44.19123, -20.059123], [-44.191231, -20.059122], [-44.191233, -20.05912], [-44.191234, -20.059119], [-44.191235, -20.059117], [-44.191236, -20.059115], [-44.19132, -20.058945], [-44.191368, -20.058846], [-44.191416, -20.058748], [-44.191464, -20.058649], [-44.191513, -20.058551], [-44.191252, -20.058437], [-44.190992, -20.058323], [-44.190944, -20.058422], [-44.190895, -20.05852], [-44.190847, -20.058619], [-44.190799, -20.058717], [-44.190716, -20.058888]]]}}, {"type": "Feature", "properties": {"bairro": "Vila Ondina", "pasta": "09_VILA_ONDINA", "tipo": "Quadra", "QUADRA": "04"}, "geometry": {"type": "Polygon", "coordinates": [[[-44.190107, -20.058634], [-44.190106, -20.058636], [-44.190105, -20.058638], [-44.190105, -20.05864], [-44.190105, -20.058642], [-44.190105, -20.058644], [-44.190105, -20.058646], [-44.190105, -20.058648], [-44.190105, -20.05865], [-44.190106, -20.058652], [-44.190106, -20.058654], [-44.190107, -20.058656], [-44.190108, -20.058658], [-44.190109, -20.058659], [-44.19011, -20.058661], [-44.190111, -20.058663], [-44.190112, -20.058664], [-44.190114, -20.058666], [-44.190115, -20.058667], [-44.190117, -20.058669], [-44.190119, -20.05867], [-44.19012, -20.058671], [-44.190226, -20.058714], [-44.190357, -20.058768], [-44.190489, -20.058823], [-44.190594, -20.058866], [-44.190596, -20.058867], [-44.190599, -20.058867], [-44.190601, -20.058867], [-44.190603, -20.058867], [-44.190605, -20.058867], [-44.190607, -20.058867], [-44.190609, -20.058867], [-44.190611, -20.058866], [-44.190613, -20.058866], [-44.190615, -20.058865], [-44.190617, -20.058864], [-44.190619, -20.058863], [-44.190621, -20.058862], [-44.190623, -20.058861], [-44.190625, -20.05886], [-44.190626, -20.058859], [-44.190628, -20.058857], [-44.190629, -20.058856], [-44.19063, -20.058854], [-44.190631, -20.058852], [-44.190632, -20.058851], [-44.190712, -20.058678], [-44.190758, -20.058579], [-44.190804, -20.058479], [-44.19085, -20.05838], [-44.190896, -20.05828], [-44.190633, -20.058172], [-44.19037, -20.058064], [-44.190324, -20.058163], [-44.190278, -20.058263], [-44.190232, -20.058362], [-44.190186, -20.058461], [-44.190107, -20.058634]]]}}, {"type": "Feature", "properties": {"bairro": "Vila Ondina", "pasta": "09_VILA_ONDINA", "tipo": "Quadra", "QUADRA": "03"}, "geometry": {"type": "Polygon", "coordinates": [[[-44.189496, -20.058385], [-44.189496, -20.058387], [-44.189495, -20.058388], [-44.189495, -20.05839], [-44.189494, -20.058392], [-44.189494, -20.058394], [-44.189494, -20.058397], [-44.189494, -20.058399], [-44.189494, -20.058401], [-44.189495, -20.058403], [-44.189495, -20.058405], [-44.189496, -20.058406], [-44.189497, -20.058408], [-44.189498, -20.05841], [-44.189499, -20.058412], [-44.1895, -20.058414], [-44.189501, -20.058415], [-44.189503, -20.058417], [-44.189504, -20.058418], [-44.189506, -20.05842], [-44.189507, -20.058421], [-44.189509, -20.058422], [-44.189979, -20.058627], [-44.189981, -20.058628], [-44.189983, -20.058628], [-44.189985, -20.058628], [-44.189987, -20.058628], [-44.189989, -20.058628], [-44.189991, -20.058628], [-44.189993, -20.058628], [-44.189996, -20.058628], [-44.189998, -20.058627], [-44.19, -20.058627], [-44.190002, -20.058626], [-44.190004, -20.058625], [-44.190005, -20.058624], [-44.190007, -20.058623], [-44.190009, -20.058622], [-44.190011, -20.05862], [-44.190012, -20.058619], [-44.190013, -20.058617], [-44.190015, -20.058616], [-44.190016, -20.058614], [-44.190017, -20.058612], [-44.190244, -20.05814], [-44.19029, -20.058041], [-44.190033, -20.057934], [-44.189765, -20.057822], [-44.189496, -20.058385]]]}}, {"type": "Feature", "properties": {"bairro": "Vila Ondina", "pasta": "09_VILA_ONDINA", "tipo": "Quadra", "QUADRA": "02"}, "geometry": {"type": "Polygon", "coordinates": [[[-44.188821, -20.058102], [-44.18882, -20.058104], [-44.188819, -20.058106], [-44.188819, -20.058108], [-44.188819, -20.05811], [-44.188818, -20.058112], [-44.188818, -20.058114], [-44.188818, -20.058116], [-44.188819, -20.058118], [-44.188819, -20.05812], [-44.18882, -20.058122], [-44.18882, -20.058124], [-44.188821, -20.058125], [-44.188822, -20.058127], [-44.188823, -20.058129], [-44.188824, -20.058131], [-44.188826, -20.058132], [-44.188827, -20.058134], [-44.188828, -20.058135], [-44.18883, -20.058137], [-44.188832, -20.058138], [-44.188834, -20.058139], [-44.188947, -20.058188], [-44.189099, -20.058255], [-44.18925, -20.058321], [-44.189364, -20.058371], [-44.189366, -20.058371], [-44.189368, -20.058372], [-44.18937, -20.058372], [-44.189372, -20.058372], [-44.189374, -20.058372], [-44.189376, -20.058372], [-44.189378, -20.058372], [-44.189381, -20.058371], [-44.189383, -20.058371], [-44.189385, -20.05837], [-44.189387, -20.058369], [-44.189389, -20.058368], [-44.18939, -20.058367], [-44.189392, -20.058366], [-44.189394, -20.058365], [-44.189396, -20.058364], [-44.189397, -20.058362], [-44.189398, -20.058361], [-44.1894, -20.058359], [-44.189401, -20.058358], [-44.189402, -20.058356], [-44.189486, -20.058185], [-44.189534, -20.058087], [-44.189582, -20.057988], [-44.18963, -20.05789], [-44.189678, -20.057791], [-44.189388, -20.057664], [-44.189097, -20.057537], [-44.189049, -20.057636], [-44.189, -20.057734], [-44.188952, -20.057832], [-44.188904, -20.057931], [-44.188821, -20.058102]]]}}, {"type": "Feature", "properties": {"bairro": "Vila Ondina", "pasta": "09_VILA_ONDINA", "tipo": "Quadra", "QUADRA": "01"}, "geometry": {"type": "MultiPolygon", "coordinates": [[[[-44.188901, -20.057691], [-44.188638, -20.057583], [-44.188592, -20.057682], [-44.188546, -20.057781], [-44.188455, -20.05798], [-44.188586, -20.058034], [-44.188692, -20.058078], [-44.188694, -20.058078], [-44.188696, -20.058079], [-44.188698, -20.058079], [-44.1887, -20.058079], [-44.188702, -20.058079], [-44.188704, -20.058079], [-44.188706, -20.058079], [-44.188709, -20.058078], [-44.188711, -20.058078], [-44.188713, -20.058077], [-44.188715, -20.058076], [-44.188716, -20.058075], [-44.188718, -20.058074], [-44.18872, -20.058073], [-44.188722, -20.058072], [-44.188723, -20.05807], [-44.188725, -20.058069], [-44.188726, -20.058067], [-44.188727, -20.058066], [-44.188729, -20.058064], [-44.18873, -20.058062], [-44.188809, -20.05789], [-44.188855, -20.05779], [-44.188901, -20.057691]]], [[[-44.18877, -20.057637], [-44.188638, -20.057583], [-44.188684, -20.057483], [-44.18873, -20.057384], [-44.188993, -20.057492], [-44.188947, -20.057592], [-44.188901, -20.057691], [-44.18877, -20.057637]]]]}}, {"type": "Feature", "properties": {"bairro": "Vila Ondina", "pasta": "09_VILA_ONDINA", "tipo": "Quadra", "QUADRA": "19"}, "geometry": {"type": "MultiPolygon", "coordinates": [[[[-44.188406, -20.058078], [-44.188314, -20.058277], [-44.188268, -20.058376], [-44.188223, -20.058476], [-44.188486, -20.058584], [-44.188532, -20.058484], [-44.188577, -20.058385], [-44.188669, -20.058186], [-44.188537, -20.058132], [-44.188406, -20.058078]]], [[[-44.18804, -20.058873], [-44.188085, -20.058774], [-44.188131, -20.058674], [-44.188177, -20.058575], [-44.188223, -20.058476], [-44.188486, -20.058584], [-44.18844, -20.058683], [-44.188394, -20.058783], [-44.188348, -20.058882], [-44.188303, -20.058981], [-44.18804, -20.058873]]], [[[-44.188211, -20.05918], [-44.188165, -20.05928], [-44.188119, -20.059379], [-44.188074, -20.059479], [-44.187811, -20.059371], [-44.187856, -20.059271], [-44.187902, -20.059172], [-44.187948, -20.059072], [-44.187948, -20.059072], [-44.187994, -20.058973], [-44.18804, -20.058873], [-44.188303, -20.058982], [-44.188257, -20.059081], [-44.188211, -20.05918]]], [[[-44.187875, -20.059867], [-44.187873, -20.059867], [-44.187871, -20.059867], [-44.187869, -20.059867], [-44.187867, -20.059866], [-44.187865, -20.059866], [-44.187759, -20.059822], [-44.187627, -20.059768], [-44.187719, -20.059569], [-44.187719, -20.059569], [-44.187765, -20.05947], [-44.187811, -20.059371], [-44.188074, -20.059479], [-44.188028, -20.059578], [-44.187982, -20.059678], [-44.187903, -20.05985], [-44.187902, -20.059852], [-44.1879, -20.059854], [-44.187899, -20.059855], [-44.187898, -20.059857], [-44.187896, -20.059858], [-44.187895, -20.05986], [-44.187893, -20.059861], [-44.187891, -20.059862], [-44.187889, -20.059863], [-44.187888, -20.059864], [-44.187886, -20.059865], [-44.187884, -20.059865], [-44.187881, -20.059866], [-44.187879, -20.059866], [-44.187877, -20.059867], [-44.187875, -20.059867]]]]}}, {"type": "Feature", "properties": {"bairro": "Vila Ondina", "pasta": "09_VILA_ONDINA", "tipo": "Quadra", "QUADRA": "18"}, "geometry": {"type": "Polygon", "coordinates": [[[-44.188088, -20.059732], [-44.188008, -20.059905], [-44.188007, -20.059906], [-44.188007, -20.059908], [-44.188006, -20.05991], [-44.188006, -20.059912], [-44.188006, -20.059914], [-44.188006, -20.059916], [-44.188006, -20.059918], [-44.188007, -20.05992], [-44.188007, -20.059922], [-44.188008, -20.059924], [-44.188008, -20.059926], [-44.188009, -20.059928], [-44.18801, -20.05993], [-44.188011, -20.059932], [-44.188012, -20.059933], [-44.188014, -20.059935], [-44.188015, -20.059937], [-44.188017, -20.059938], [-44.188018, -20.059939], [-44.18802, -20.05994], [-44.188022, -20.059942], [-44.188127, -20.059985], [-44.188263, -20.060041], [-44.188399, -20.060097], [-44.188504, -20.060141], [-44.188507, -20.060141], [-44.188509, -20.060142], [-44.188511, -20.060142], [-44.188513, -20.060142], [-44.188515, -20.060142], [-44.188517, -20.060142], [-44.188519, -20.060142], [-44.188521, -20.060141], [-44.188523, -20.060141], [-44.188526, -20.06014], [-44.188527, -20.060139], [-44.188529, -20.060138], [-44.188531, -20.060137], [-44.188533, -20.060136], [-44.188535, -20.060135], [-44.188536, -20.060133], [-44.188538, -20.060132], [-44.188539, -20.06013], [-44.18854, -20.060129], [-44.188542, -20.060127], [-44.188543, -20.060125], [-44.188622, -20.059953], [-44.188668, -20.059853], [-44.188714, -20.059754], [-44.18876, -20.059655], [-44.188806, -20.059555], [-44.188852, -20.059456], [-44.188898, -20.059357], [-44.188944, -20.059257], [-44.18899, -20.059158], [-44.189036, -20.059059], [-44.189082, -20.058959], [-44.189128, -20.05886], [-44.189174, -20.05876], [-44.18922, -20.058661], [-44.189311, -20.058462], [-44.18918, -20.058408], [-44.189044, -20.058352], [-44.188908, -20.058296], [-44.188777, -20.058242], [-44.188685, -20.05844], [-44.188639, -20.05854], [-44.188593, -20.058639], [-44.188547, -20.058738], [-44.188501, -20.058838], [-44.188455, -20.058937], [-44.188409, -20.059037], [-44.188363, -20.059136], [-44.188318, -20.059235], [-44.188272, -20.059335], [-44.188226, -20.059434], [-44.18818, -20.059533], [-44.188134, -20.059633], [-44.188088, -20.059732]]]}}, {"type": "Feature", "properties": {"bairro": "Vila Ondina", "pasta": "09_VILA_ONDINA", "tipo": "Quadra", "QUADRA": "17"}, "geometry": {"type": "Polygon", "coordinates": [[[-44.188716, -20.059983], [-44.188633, -20.060153], [-44.188632, -20.060155], [-44.188632, -20.060157], [-44.188631, -20.060159], [-44.188631, -20.060161], [-44.188631, -20.060163], [-44.188631, -20.060165], [-44.188631, -20.060167], [-44.188631, -20.060169], [-44.188631, -20.060171], [-44.188632, -20.060173], [-44.188633, -20.060175], [-44.188633, -20.060177], [-44.188634, -20.060179], [-44.188635, -20.060181], [-44.188637, -20.060182], [-44.188638, -20.060184], [-44.188639, -20.060186], [-44.188641, -20.060187], [-44.188642, -20.060188], [-44.188644, -20.06019], [-44.188646, -20.060191], [-44.18875, -20.060236], [-44.188885, -20.060295], [-44.189019, -20.060354], [-44.189124, -20.0604], [-44.189126, -20.0604], [-44.189128, -20.060401], [-44.18913, -20.060401], [-44.189132, -20.060401], [-44.189134, -20.060401], [-44.189137, -20.060401], [-44.189139, -20.060401], [-44.189141, -20.0604], [-44.189143, -20.0604], [-44.189145, -20.060399], [-44.189147, -20.060398], [-44.189149, -20.060397], [-44.189151, -20.060396], [-44.189152, -20.060395], [-44.189154, -20.060394], [-44.189156, -20.060393], [-44.189157, -20.060391], [-44.189159, -20.06039], [-44.18916, -20.060388], [-44.189161, -20.060387], [-44.189162, -20.060385], [-44.189246, -20.060214], [-44.189294, -20.060116], [-44.189342, -20.060017], [-44.18939, -20.059919], [-44.189439, -20.05982], [-44.189487, -20.059722], [-44.189535, -20.059623], [-44.189583, -20.059525], [-44.189631, -20.059427], [-44.189679, -20.059328], [-44.189728, -20.05923], [-44.189776, -20.059131], [-44.189824, -20.059033], [-44.189872, -20.058935], [-44.189968, -20.058738], [-44.189838, -20.058681], [-44.189704, -20.058622], [-44.189569, -20.058563], [-44.189439, -20.058506], [-44.189343, -20.058703], [-44.189294, -20.058802], [-44.189246, -20.0589], [-44.189198, -20.058998], [-44.18915, -20.059097], [-44.189102, -20.059195], [-44.189054, -20.059294], [-44.189005, -20.059392], [-44.188957, -20.059491], [-44.188909, -20.059589], [-44.188861, -20.059687], [-44.188813, -20.059786], [-44.188765, -20.059884], [-44.188716, -20.059983]]]}}, {"type": "Feature", "properties": {"bairro": "Vila Ondina", "pasta": "09_VILA_ONDINA", "tipo": "Quadra", "QUADRA": "16"}, "geometry": {"type": "Polygon", "coordinates": [[[-44.189321, -20.060236], [-44.189237, -20.060407], [-44.189236, -20.060408], [-44.189236, -20.06041], [-44.189235, -20.060412], [-44.189235, -20.060414], [-44.189235, -20.060416], [-44.189235, -20.060418], [-44.189235, -20.06042], [-44.189235, -20.060422], [-44.189236, -20.060424], [-44.189236, -20.060426], [-44.189237, -20.060428], [-44.189238, -20.06043], [-44.189239, -20.060432], [-44.18924, -20.060434], [-44.189241, -20.060435], [-44.189242, -20.060437], [-44.189243, -20.060439], [-44.189245, -20.06044], [-44.189247, -20.060441], [-44.189248, -20.060443], [-44.18925, -20.060444], [-44.189355, -20.060489], [-44.189489, -20.060548], [-44.189624, -20.060607], [-44.189728, -20.060653], [-44.18973, -20.060653], [-44.189732, -20.060654], [-44.189734, -20.060654], [-44.189736, -20.060654], [-44.189739, -20.060654], [-44.189741, -20.060654], [-44.189743, -20.060654], [-44.189745, -20.060653], [-44.189747, -20.060653], [-44.189749, -20.060652], [-44.189751, -20.060651], [-44.189753, -20.060651], [-44.189755, -20.06065], [-44.189757, -20.060648], [-44.189758, -20.060647], [-44.18976, -20.060646], [-44.189762, -20.060644], [-44.189763, -20.060643], [-44.189764, -20.060641], [-44.189765, -20.06064], [-44.189767, -20.060638], [-44.18985, -20.060467], [-44.189898, -20.060369], [-44.189946, -20.06027], [-44.189995, -20.060172], [-44.190043, -20.060073], [-44.190091, -20.059975], [-44.190139, -20.059877], [-44.190187, -20.059778], [-44.190235, -20.05968], [-44.190284, -20.059581], [-44.190332, -20.059483], [-44.19038, -20.059385], [-44.190428, -20.059286], [-44.190476, -20.059188], [-44.190573, -20.058991], [-44.190442, -20.058934], [-44.190308, -20.058875], [-44.190173, -20.058816], [-44.190043, -20.058759], [-44.189947, -20.058956], [-44.189899, -20.059055], [-44.189851, -20.059153], [-44.189802, -20.059252], [-44.189754, -20.05935], [-44.189706, -20.059448], [-44.189658, -20.059547], [-44.18961, -20.059645], [-44.189562, -20.059744], [-44.189513, -20.059842], [-44.189465, -20.05994], [-44.189417, -20.060039], [-44.189369, -20.060137], [-44.189321, -20.060236]]]}}, {"type": "Feature", "properties": {"bairro": "Vila Ondina", "pasta": "09_VILA_ONDINA", "tipo": "Quadra", "QUADRA": "15"}, "geometry": {"type": "Polygon", "coordinates": [[[-44.189931, -20.060499], [-44.189847, -20.060669], [-44.189846, -20.060671], [-44.189846, -20.060673], [-44.189845, -20.060675], [-44.189845, -20.060677], [-44.189845, -20.060679], [-44.189845, -20.060681], [-44.189845, -20.060683], [-44.189845, -20.060685], [-44.189846, -20.060687], [-44.189846, -20.060689], [-44.189847, -20.060691], [-44.189848, -20.060693], [-44.189849, -20.060695], [-44.18985, -20.060697], [-44.189851, -20.060698], [-44.189852, -20.0607], [-44.189854, -20.060702], [-44.189855, -20.060703], [-44.189857, -20.060704], [-44.189858, -20.060706], [-44.18986, -20.060707], [-44.189965, -20.060752], [-44.190099, -20.060811], [-44.190234, -20.06087], [-44.190338, -20.060916], [-44.19034, -20.060916], [-44.190342, -20.060917], [-44.190344, -20.060917], [-44.190347, -20.060917], [-44.190349, -20.060917], [-44.190351, -20.060917], [-44.190353, -20.060917], [-44.190355, -20.060916], [-44.190357, -20.060916], [-44.190359, -20.060915], [-44.190361, -20.060914], [-44.190363, -20.060914], [-44.190365, -20.060912], [-44.190367, -20.060911], [-44.190368, -20.06091], [-44.19037, -20.060909], [-44.190372, -20.060907], [-44.190373, -20.060906], [-44.190374, -20.060904], [-44.190376, -20.060903], [-44.190377, -20.060901], [-44.19046, -20.06073], [-44.190508, -20.060632], [-44.190557, -20.060533], [-44.190605, -20.060435], [-44.190653, -20.060336], [-44.190701, -20.060238], [-44.190749, -20.06014], [-44.190797, -20.060041], [-44.190846, -20.059943], [-44.190894, -20.059844], [-44.190942, -20.059746], [-44.19099, -20.059647], [-44.191038, -20.059549], [-44.191086, -20.059451], [-44.191183, -20.059254], [-44.191052, -20.059197], [-44.190918, -20.059138], [-44.190783, -20.059079], [-44.190653, -20.059022], [-44.190557, -20.059219], [-44.190509, -20.059318], [-44.190461, -20.059416], [-44.190412, -20.059515], [-44.190364, -20.059613], [-44.190316, -20.059711], [-44.190268, -20.05981], [-44.19022, -20.059908], [-44.190172, -20.060007], [-44.190123, -20.060105], [-44.190075, -20.060203], [-44.190027, -20.060302], [-44.189979, -20.0604], [-44.189931, -20.060499]]]}}, {"type": "Feature", "properties": {"bairro": "Vila Ondina", "pasta": "09_VILA_ONDINA", "tipo": "Quadra", "QUADRA": "14"}, "geometry": {"type": "Polygon", "coordinates": [[[-44.190544, -20.060755], [-44.190461, -20.060926], [-44.19046, -20.060927], [-44.19046, -20.060929], [-44.190459, -20.060931], [-44.190459, -20.060933], [-44.190459, -20.060935], [-44.190459, -20.060937], [-44.190459, -20.060939], [-44.190459, -20.060941], [-44.190459, -20.060943], [-44.19046, -20.060945], [-44.190461, -20.060947], [-44.190461, -20.060949], [-44.190462, -20.060951], [-44.190463, -20.060953], [-44.190465, -20.060954], [-44.190466, -20.060956], [-44.190467, -20.060958], [-44.190469, -20.060959], [-44.19047, -20.06096], [-44.190472, -20.060962], [-44.190474, -20.060963], [-44.190578, -20.061008], [-44.190713, -20.061067], [-44.190847, -20.061126], [-44.190952, -20.061172], [-44.190954, -20.061172], [-44.190956, -20.061173], [-44.190958, -20.061173], [-44.19096, -20.061173], [-44.190962, -20.061173], [-44.190965, -20.061173], [-44.190967, -20.061173], [-44.190969, -20.061172], [-44.190971, -20.061172], [-44.190973, -20.061171], [-44.190975, -20.06117], [-44.190977, -20.06117], [-44.190979, -20.061169], [-44.19098, -20.061167], [-44.190982, -20.061166], [-44.190984, -20.061165], [-44.190985, -20.061163], [-44.190987, -20.061162], [-44.190988, -20.06116], [-44.190989, -20.061159], [-44.19099, -20.061157], [-44.191074, -20.060986], [-44.191122, -20.060888], [-44.19117, -20.060789], [-44.191218, -20.060691], [-44.191267, -20.060592], [-44.191315, -20.060494], [-44.191363, -20.060396], [-44.191411, -20.060297], [-44.191459, -20.060199], [-44.191507, -20.0601], [-44.191556, -20.060002], [-44.191604, -20.059904], [-44.191652, -20.059805], [-44.1917, -20.059707], [-44.191796, -20.05951], [-44.191666, -20.059453], [-44.191532, -20.059394], [-44.191397, -20.059335], [-44.191267, -20.059278], [-44.191171, -20.059475], [-44.191122, -20.059574], [-44.191074, -20.059672], [-44.191026, -20.059771], [-44.190978, -20.059869], [-44.19093, -20.059967], [-44.190882, -20.060066], [-44.190833, -20.060164], [-44.190785, -20.060263], [-44.190737, -20.060361], [-44.190689, -20.060459], [-44.190641, -20.060558], [-44.190593, -20.060656], [-44.190544, -20.060755]]]}}, {"type": "Feature", "properties": {"bairro": "Campo Verde", "pasta": "11_CAMPO_VERDE", "tipo": "Quadra", "id": null, "QUADRA": "02"}, "geometry": {"type": "MultiPolygon", "coordinates": [[[[-44.189306, -20.054739], [-44.189184, -20.054761], [-44.189049, -20.054785], [-44.188956, -20.054802], [-44.188861, -20.054819], [-44.188862, -20.054822], [-44.188932, -20.055217], [-44.189019, -20.055147], [-44.189102, -20.055081], [-44.189168, -20.055028], [-44.189225, -20.054995], [-44.189477, -20.054989], [-44.189334, -20.054895], [-44.189306, -20.054739]]], [[[-44.188932, -20.055217], [-44.188899, -20.055243], [-44.188718, -20.054845], [-44.188861, -20.054819], [-44.188932, -20.055217]]]]}}, {"type": "Feature", "properties": {"bairro": "Campo Verde", "pasta": "11_CAMPO_VERDE", "tipo": "Quadra", "id": null, "QUADRA": "31"}, "geometry": {"type": "Polygon", "coordinates": [[[-44.190575, -20.05489], [-44.190559, -20.054801], [-44.190542, -20.054712], [-44.190526, -20.054623], [-44.19051, -20.054534], [-44.190493, -20.054445], [-44.190477, -20.054356], [-44.190461, -20.054267], [-44.190437, -20.054136], [-44.190105, -20.054233], [-44.190121, -20.054322], [-44.190138, -20.054411], [-44.190154, -20.054501], [-44.19017, -20.05459], [-44.190187, -20.054679], [-44.190203, -20.054768], [-44.19022, -20.054857], [-44.190236, -20.054946], [-44.190268, -20.055118], [-44.190599, -20.055021], [-44.190575, -20.05489]]]}}, {"type": "Feature", "properties": {"bairro": "Campo Verde", "pasta": "11_CAMPO_VERDE", "tipo": "Quadra", "id": null, "QUADRA": "03"}, "geometry": {"type": "MultiPolygon", "coordinates": [[[[-44.189386, -20.054698], [-44.189401, -20.054812], [-44.189408, -20.054865], [-44.189586, -20.054985], [-44.189688, -20.055053], [-44.189786, -20.055038], [-44.189897, -20.055022], [-44.190015, -20.055005], [-44.189976, -20.05473], [-44.189961, -20.054621], [-44.189962, -20.054621], [-44.189946, -20.05451], [-44.189656, -20.054551], [-44.189656, -20.054548], [-44.189641, -20.054437], [-44.189626, -20.054326], [-44.189342, -20.054367], [-44.189357, -20.054479], [-44.189371, -20.054587], [-44.189386, -20.054698]]], [[[-44.189886, -20.054081], [-44.189899, -20.054173], [-44.18964, -20.054211], [-44.189611, -20.054215], [-44.189626, -20.054326], [-44.189342, -20.054367], [-44.189328, -20.054256], [-44.189314, -20.054156], [-44.189301, -20.054056], [-44.189279, -20.053887], [-44.189277, -20.053868], [-44.189279, -20.053858], [-44.189304, -20.053781], [-44.18934, -20.053667], [-44.189371, -20.053569], [-44.189401, -20.053474], [-44.189433, -20.053376], [-44.189464, -20.053276], [-44.189498, -20.053172], [-44.189525, -20.053087], [-44.189555, -20.052992], [-44.189615, -20.052804], [-44.189773, -20.052858], [-44.189932, -20.052913], [-44.190093, -20.052968], [-44.190252, -20.053022], [-44.190192, -20.053196], [-44.190161, -20.053285], [-44.190132, -20.053371], [-44.190101, -20.05346], [-44.190069, -20.053551], [-44.19004, -20.053637], [-44.190009, -20.053725], [-44.189979, -20.053813], [-44.189948, -20.053903], [-44.189917, -20.053992], [-44.189886, -20.054081]], [[-44.189628, -20.054119], [-44.189627, -20.054112], [-44.18964, -20.054211], [-44.189628, -20.054119]]], [[[-44.189831, -20.054524], [-44.189714, -20.05454], [-44.189656, -20.054548], [-44.189641, -20.05444], [-44.189931, -20.054398], [-44.189947, -20.054509], [-44.189831, -20.054524]]], [[[-44.189699, -20.054428], [-44.189641, -20.054437], [-44.189626, -20.054328], [-44.189611, -20.054219], [-44.189901, -20.054177], [-44.189917, -20.054289], [-44.189916, -20.054289], [-44.189932, -20.054397], [-44.189816, -20.054413], [-44.189699, -20.054428]]]]}}, {"type": "Feature", "properties": {"bairro": "Campo Verde", "pasta": "11_CAMPO_VERDE", "tipo": "Quadra", "id": null, "QUADRA": "06"}, "geometry": {"type": "Polygon", "coordinates": [[[-44.190916, -20.05394], [-44.191015, -20.053912], [-44.191254, -20.053845], [-44.191144, -20.053693], [-44.191043, -20.053553], [-44.190987, -20.053475], [-44.190933, -20.053399], [-44.190908, -20.053365], [-44.190896, -20.053331], [-44.190899, -20.053321], [-44.190948, -20.053148], [-44.190949, -20.053114], [-44.190779, -20.053103], [-44.190604, -20.053092], [-44.190436, -20.053081], [-44.190389, -20.05322], [-44.190359, -20.053311], [-44.19033, -20.053396], [-44.190301, -20.053484], [-44.190273, -20.053567], [-44.190244, -20.053652], [-44.190212, -20.053747], [-44.190167, -20.053883], [-44.190135, -20.053977], [-44.190089, -20.054114], [-44.190098, -20.054169], [-44.190433, -20.054075], [-44.190471, -20.054065], [-44.190596, -20.05403], [-44.190715, -20.053996], [-44.190814, -20.053968], [-44.190916, -20.05394]], [[-44.190827, -20.053649], [-44.190829, -20.053655], [-44.190916, -20.05394], [-44.190827, -20.053649]], [[-44.190983, -20.053806], [-44.190923, -20.053607], [-44.190982, -20.053803], [-44.191015, -20.053912], [-44.190983, -20.053806]], [[-44.190694, -20.053611], [-44.190693, -20.053612], [-44.190987, -20.053475], [-44.190694, -20.053611]]]}}, {"type": "Feature", "properties": {"bairro": "Campo Verde", "pasta": "11_CAMPO_VERDE", "tipo": "Quadra", "id": null, "QUADRA": "05"}, "geometry": {"type": "MultiPolygon", "coordinates": [[[[-44.192539, -20.054281], [-44.192591, -20.054331], [-44.192604, -20.05436], [-44.192607, -20.05439], [-44.192605, -20.054418], [-44.192601, -20.054447], [-44.192586, -20.05447], [-44.192559, -20.054501], [-44.192553, -20.054505], [-44.192555, -20.054505], [-44.192522, -20.054516], [-44.192485, -20.054515], [-44.192478, -20.054682], [-44.192476, -20.054494], [-44.192468, -20.054494], [-44.19243, -20.054489], [-44.192402, -20.054477], [-44.192385, -20.054462], [-44.192384, -20.054461], [-44.192363, -20.05444], [-44.192336, -20.054405], [-44.192329, -20.054358], [-44.192333, -20.054323], [-44.19235, -20.054285], [-44.192352, -20.05426], [-44.19234, -20.054237], [-44.192298, -20.054214], [-44.192296, -20.054213], [-44.192213, -20.054168], [-44.192122, -20.054139], [-44.192031, -20.054111], [-44.19194, -20.054084], [-44.191849, -20.054057], [-44.191758, -20.054029], [-44.191667, -20.054002], [-44.191576, -20.053975], [-44.191483, -20.053947], [-44.191376, -20.053915], [-44.191357, -20.053911], [-44.19134, -20.053911], [-44.191328, -20.053915], [-44.191321, -20.053922], [-44.19134, -20.05419], [-44.1914, -20.054209], [-44.191496, -20.054238], [-44.191587, -20.054265], [-44.191679, -20.054293], [-44.19177, -20.05432], [-44.191861, -20.054348], [-44.191952, -20.054375], [-44.192043, -20.054403], [-44.192134, -20.054431], [-44.192225, -20.054458], [-44.192167, -20.054659], [-44.192208, -20.05467], [-44.192475, -20.054748], [-44.192474, -20.054771], [-44.192812, -20.054555], [-44.192922, -20.054598], [-44.193041, -20.054646], [-44.193388, -20.054784], [-44.193441, -20.05475], [-44.193446, -20.054746], [-44.193271, -20.0545], [-44.193211, -20.054415], [-44.193155, -20.054336], [-44.193087, -20.05424], [-44.193022, -20.054148], [-44.192958, -20.054059], [-44.192891, -20.053963], [-44.192825, -20.053871], [-44.19276, -20.05378], [-44.192696, -20.053689], [-44.192455, -20.053842], [-44.192218, -20.053992], [-44.192282, -20.054084], [-44.192379, -20.054182], [-44.192539, -20.054281]], [[-44.192587, -20.054027], [-44.192655, -20.054124], [-44.192587, -20.054027], [-44.192519, -20.053932], [-44.192587, -20.054027]], [[-44.192839, -20.054537], [-44.192914, -20.054489], [-44.192839, -20.054537], [-44.192839, -20.054537]]], [[[-44.192428, -20.053311], [-44.192495, -20.053406], [-44.19256, -20.053497], [-44.192628, -20.053593], [-44.192696, -20.053689], [-44.192696, -20.053689], [-44.192455, -20.053842], [-44.192218, -20.053992], [-44.192154, -20.053899], [-44.192088, -20.053805], [-44.192023, -20.053711], [-44.191959, -20.053619], [-44.191887, -20.053515], [-44.19178, -20.053361], [-44.19163, -20.053146], [-44.191895, -20.053169], [-44.192082, -20.053186], [-44.192212, -20.053197], [-44.192356, -20.05321], [-44.192428, -20.053311]], [[-44.191891, -20.053512], [-44.192065, -20.053396], [-44.191887, -20.053515], [-44.191891, -20.053512]]]]}}, {"type": "Feature", "properties": {"bairro": "Campo Verde", "pasta": "11_CAMPO_VERDE", "tipo": "Quadra", "id": null, "QUADRA": "07"}, "geometry": {"type": "Polygon", "coordinates": [[[-44.191833, -20.053946], [-44.192175, -20.05405], [-44.192179, -20.054051], [-44.192173, -20.054043], [-44.191957, -20.053761], [-44.191833, -20.053599], [-44.191756, -20.053498], [-44.191677, -20.053395], [-44.191599, -20.053292], [-44.19152, -20.053189], [-44.191494, -20.053155], [-44.191245, -20.053139], [-44.191061, -20.053127], [-44.191023, -20.053322], [-44.191049, -20.053357], [-44.19113, -20.053466], [-44.191208, -20.053571], [-44.191288, -20.053677], [-44.191369, -20.053786], [-44.191388, -20.053811], [-44.19157, -20.053866], [-44.191833, -20.053946]]]}}, {"type": "Feature", "properties": {"bairro": "Campo Verde", "pasta": "11_CAMPO_VERDE", "tipo": "Quadra", "id": null, "QUADRA": "29"}, "geometry": {"type": "Polygon", "coordinates": [[[-44.19388, -20.053846], [-44.193865, -20.053824], [-44.193572, -20.053839], [-44.19331, -20.053851], [-44.193415, -20.054001], [-44.193483, -20.054097], [-44.193483, -20.054097], [-44.193548, -20.054189], [-44.193617, -20.054288], [-44.193684, -20.054382], [-44.193741, -20.054463], [-44.19383, -20.054412], [-44.19397, -20.054377], [-44.194042, -20.05436], [-44.194165, -20.054247], [-44.194084, -20.054133], [-44.194016, -20.054037], [-44.193949, -20.053942], [-44.19388, -20.053846]]]}}, {"type": "Feature", "properties": {"bairro": "Campo Verde", "pasta": "11_CAMPO_VERDE", "tipo": "Quadra", "id": null, "QUADRA": "30"}, "geometry": {"type": "Polygon", "coordinates": [[[-44.193976, -20.053804], [-44.194067, -20.053921], [-44.194135, -20.054009], [-44.194257, -20.054165], [-44.194165, -20.054247], [-44.194042, -20.05436], [-44.19397, -20.054377], [-44.19383, -20.054412], [-44.193741, -20.054463], [-44.193984, -20.054775], [-44.194071, -20.054748], [-44.194297, -20.054618], [-44.194522, -20.054499], [-44.194814, -20.054311], [-44.194715, -20.053912], [-44.194694, -20.053815], [-44.194679, -20.053728], [-44.194669, -20.053695], [-44.194647, -20.05367], [-44.19461, -20.05365], [-44.194564, -20.053647], [-44.194516, -20.053664], [-44.194481, -20.053673], [-44.194355, -20.053706], [-44.194213, -20.053743], [-44.193976, -20.053804]]]}}, {"type": "Feature", "properties": {"bairro": "Campo Verde", "pasta": "11_CAMPO_VERDE", "tipo": "Quadra", "id": null, "QUADRA": "28"}, "geometry": {"type": "Polygon", "coordinates": [[[-44.193586, -20.053291], [-44.193482, -20.053299], [-44.193365, -20.053304], [-44.193254, -20.053308], [-44.193246, -20.053309], [-44.193139, -20.053307], [-44.192899, -20.053302], [-44.193058, -20.053523], [-44.193233, -20.053767], [-44.193266, -20.053765], [-44.193392, -20.053761], [-44.193517, -20.053756], [-44.193647, -20.053744], [-44.193772, -20.053732], [-44.193905, -20.053715], [-44.194032, -20.053695], [-44.194036, -20.053694], [-44.194155, -20.053667], [-44.19427, -20.053638], [-44.194273, -20.053638], [-44.194392, -20.053605], [-44.194491, -20.053577], [-44.194512, -20.053569], [-44.194744, -20.053482], [-44.194731, -20.053437], [-44.194752, -20.053203], [-44.194663, -20.05301], [-44.19456, -20.053063], [-44.194446, -20.053103], [-44.194347, -20.053138], [-44.194239, -20.053169], [-44.194137, -20.053199], [-44.194028, -20.053226], [-44.19392, -20.053245], [-44.193808, -20.053265], [-44.193701, -20.05328], [-44.193586, -20.053291]]]}}, {"type": "Feature", "properties": {"bairro": "Campo Verde", "pasta": "11_CAMPO_VERDE", "tipo": "Quadra", "id": null, "QUADRA": "25"}, "geometry": {"type": "Polygon", "coordinates": [[[-44.193002, -20.052659], [-44.192933, -20.052569], [-44.192899, -20.052525], [-44.192702, -20.052527], [-44.192525, -20.052529], [-44.192323, -20.052532], [-44.192482, -20.052738], [-44.19255, -20.052826], [-44.192621, -20.052918], [-44.192691, -20.053009], [-44.19276, -20.053098], [-44.192829, -20.053188], [-44.192859, -20.053226], [-44.193143, -20.053221], [-44.193428, -20.053217], [-44.193276, -20.053018], [-44.193206, -20.052927], [-44.193139, -20.052839], [-44.193071, -20.05275], [-44.193002, -20.052659]]]}}, {"type": "Feature", "properties": {"bairro": "Campo Verde", "pasta": "11_CAMPO_VERDE", "tipo": "Quadra", "id": null, "QUADRA": "26"}, "geometry": {"type": "Polygon", "coordinates": [[[-44.193368, -20.052956], [-44.193437, -20.053045], [-44.193504, -20.053133], [-44.193564, -20.05321], [-44.193822, -20.053172], [-44.193842, -20.053169], [-44.194069, -20.053117], [-44.193953, -20.052966], [-44.193882, -20.052873], [-44.193815, -20.052786], [-44.193747, -20.052697], [-44.193677, -20.052606], [-44.193607, -20.052516], [-44.19359, -20.052494], [-44.193454, -20.052508], [-44.193312, -20.052519], [-44.193033, -20.052522], [-44.19316, -20.052687], [-44.193229, -20.052775], [-44.193299, -20.052866], [-44.193368, -20.052956]]]}}, {"type": "Feature", "properties": {"bairro": "Campo Verde", "pasta": "11_CAMPO_VERDE", "tipo": "Quadra", "id": null, "QUADRA": "27"}, "geometry": {"type": "Polygon", "coordinates": [[[-44.194402, -20.052739], [-44.194333, -20.052638], [-44.194296, -20.052583], [-44.194275, -20.052544], [-44.194224, -20.052448], [-44.194174, -20.052354], [-44.193939, -20.052431], [-44.193697, -20.052487], [-44.193786, -20.052603], [-44.193856, -20.052694], [-44.193923, -20.05278], [-44.193993, -20.052872], [-44.194059, -20.052958], [-44.194167, -20.053098], [-44.194301, -20.053052], [-44.194419, -20.053011], [-44.19454, -20.052969], [-44.194402, -20.052739]], [[-44.194211, -20.052858], [-44.194253, -20.052832], [-44.194215, -20.052855], [-44.194211, -20.052858]]]}}, {"type": "Feature", "properties": {"bairro": "Campo Verde", "pasta": "11_CAMPO_VERDE", "tipo": "Quadra", "id": null, "QUADRA": "08"}, "geometry": {"type": "Polygon", "coordinates": [[[-44.19363, -20.051615], [-44.193745, -20.05158], [-44.193859, -20.051537], [-44.193708, -20.051217], [-44.193612, -20.051249], [-44.193562, -20.051266], [-44.193522, -20.051275], [-44.193455, -20.051291], [-44.19343, -20.051294], [-44.193331, -20.051308], [-44.193229, -20.051316], [-44.193211, -20.051317], [-44.193133, -20.051317], [-44.193028, -20.051318], [-44.192912, -20.051318], [-44.192821, -20.051319], [-44.192814, -20.051667], [-44.192927, -20.051669], [-44.192927, -20.051669], [-44.193037, -20.051668], [-44.193145, -20.051668], [-44.193256, -20.051666], [-44.193259, -20.051666], [-44.193385, -20.051657], [-44.193387, -20.051657], [-44.193508, -20.051641], [-44.193514, -20.051639], [-44.19363, -20.051615]]]}}, {"type": "Feature", "properties": {"bairro": "Campo Verde", "pasta": "11_CAMPO_VERDE", "tipo": "Quadra", "id": null, "QUADRA": "23"}, "geometry": {"type": "Polygon", "coordinates": [[[-44.191286, -20.050663], [-44.191282, -20.050763], [-44.191278, -20.050864], [-44.191274, -20.050965], [-44.191269, -20.051092], [-44.191307, -20.051144], [-44.191371, -20.051234], [-44.191446, -20.051338], [-44.191552, -20.051485], [-44.191699, -20.051688], [-44.191719, -20.051689], [-44.191729, -20.051442], [-44.191738, -20.051244], [-44.191744, -20.051101], [-44.191749, -20.050989], [-44.191753, -20.050889], [-44.191758, -20.050787], [-44.191761, -20.050718], [-44.191747, -20.050688], [-44.191716, -20.050654], [-44.191672, -20.050627], [-44.191605, -20.050609], [-44.191544, -20.050594], [-44.191291, -20.050534], [-44.191286, -20.050663]]]}}, {"type": "Feature", "properties": {"bairro": "Campo Verde", "pasta": "11_CAMPO_VERDE", "tipo": "Quadra", "id": null, "QUADRA": "22"}, "geometry": {"type": "Polygon", "coordinates": [[[-44.191177, -20.050511], [-44.191177, -20.050505], [-44.19111, -20.050488], [-44.191067, -20.050482], [-44.191022, -20.050491], [-44.190983, -20.050512], [-44.190975, -20.050518], [-44.190884, -20.050579], [-44.191009, -20.050739], [-44.191174, -20.050949], [-44.191176, -20.050697], [-44.191177, -20.050511]]]}}, {"type": "Feature", "properties": {"bairro": "Campo Verde", "pasta": "11_CAMPO_VERDE", "tipo": "Quadra", "id": null, "QUADRA": "13"}, "geometry": {"type": "Polygon", "coordinates": [[[-44.190012, -20.050985], [-44.190264, -20.051001], [-44.190403, -20.051009], [-44.190403, -20.051009], [-44.190541, -20.051018], [-44.19075, -20.051029], [-44.19059, -20.050819], [-44.190489, -20.050684], [-44.19042, -20.050591], [-44.190327, -20.050468], [-44.190181, -20.050707], [-44.190102, -20.050838], [-44.190012, -20.050985]], [[-44.190541, -20.051018], [-44.190541, -20.051018], [-44.19075, -20.051029], [-44.19059, -20.050819], [-44.19075, -20.051029], [-44.190541, -20.051018]]]}}, {"type": "Feature", "properties": {"bairro": "Campo Verde", "pasta": "11_CAMPO_VERDE", "tipo": "Quadra", "id": null, "QUADRA": "11"}, "geometry": {"type": "Polygon", "coordinates": [[[-44.190723, -20.051145], [-44.19062, -20.051138], [-44.190519, -20.051132], [-44.190418, -20.051125], [-44.190316, -20.051118], [-44.190216, -20.051112], [-44.190112, -20.051105], [-44.190017, -20.051099], [-44.189957, -20.051095], [-44.189851, -20.05127], [-44.189771, -20.0514], [-44.189676, -20.051557], [-44.189946, -20.051575], [-44.190077, -20.051584], [-44.190181, -20.051591], [-44.190181, -20.05159], [-44.190281, -20.051597], [-44.190381, -20.051604], [-44.190381, -20.051604], [-44.190484, -20.051611], [-44.190585, -20.051618], [-44.190687, -20.051625], [-44.190788, -20.051631], [-44.19089, -20.051638], [-44.190998, -20.051646], [-44.191203, -20.051659], [-44.191015, -20.051407], [-44.191012, -20.051403], [-44.190824, -20.051151], [-44.190723, -20.051145]]]}}, {"type": "Feature", "properties": {"bairro": "Campo Verde", "pasta": "11_CAMPO_VERDE", "tipo": "Quadra", "id": null, "QUADRA": "12"}, "geometry": {"type": "Polygon", "coordinates": [[[-44.189427, -20.051074], [-44.189419, -20.051099], [-44.189409, -20.051119], [-44.189406, -20.051123], [-44.189392, -20.051139], [-44.189375, -20.051155], [-44.189355, -20.051166], [-44.189327, -20.051176], [-44.189297, -20.051179], [-44.189269, -20.051174], [-44.189244, -20.051163], [-44.189233, -20.051155], [-44.189255, -20.051287], [-44.189255, -20.05129], [-44.189205, -20.051526], [-44.189378, -20.051534], [-44.189509, -20.051539], [-44.189552, -20.051541], [-44.189688, -20.051309], [-44.189825, -20.051077], [-44.189655, -20.051067], [-44.189538, -20.05106], [-44.189427, -20.051054], [-44.189427, -20.051074]]]}}, {"type": "Feature", "properties": {"bairro": "Campo Verde", "pasta": "11_CAMPO_VERDE", "tipo": "Quadra", "id": null, "QUADRA": "14"}, "geometry": {"type": "Polygon", "coordinates": [[[-44.18927, -20.050439], [-44.189266, -20.050502], [-44.189325, -20.05056], [-44.189316, -20.050691], [-44.189265, -20.050937], [-44.189426, -20.050947], [-44.189531, -20.050954], [-44.189636, -20.05096], [-44.189741, -20.050967], [-44.189846, -20.050973], [-44.189884, -20.050976], [-44.190034, -20.050736], [-44.190184, -20.050496], [-44.189986, -20.050484], [-44.189881, -20.050477], [-44.189776, -20.050471], [-44.189671, -20.050464], [-44.189566, -20.050458], [-44.189461, -20.050451], [-44.18927, -20.050439]]]}}, {"type": "Feature", "properties": {"bairro": "Campo Verde", "pasta": "11_CAMPO_VERDE", "tipo": "Quadra", "id": null, "QUADRA": "15"}, "geometry": {"type": "Polygon", "coordinates": [[[-44.189387, -20.049904], [-44.189395, -20.050003], [-44.189396, -20.050116], [-44.189386, -20.05033], [-44.189495, -20.050338], [-44.189606, -20.050346], [-44.189718, -20.050354], [-44.189828, -20.050361], [-44.18994, -20.050369], [-44.190053, -20.050379], [-44.190225, -20.050393], [-44.190242, -20.050363], [-44.190094, -20.050169], [-44.18995, -20.049978], [-44.189932, -20.049963], [-44.189913, -20.049953], [-44.189892, -20.049944], [-44.18987, -20.049941], [-44.189759, -20.049933], [-44.189649, -20.049924], [-44.189539, -20.049915], [-44.189387, -20.049904]]]}}, {"type": "Feature", "properties": {"bairro": "Campo Verde", "pasta": "11_CAMPO_VERDE", "tipo": "Quadra", "id": null, "QUADRA": "10"}, "geometry": {"type": "Polygon", "coordinates": [[[-44.190864, -20.051819], [-44.190771, -20.052084], [-44.190679, -20.052348], [-44.190828, -20.052361], [-44.190943, -20.05237], [-44.191057, -20.05238], [-44.191171, -20.05239], [-44.191285, -20.0524], [-44.191476, -20.052416], [-44.191769, -20.052441], [-44.191553, -20.052138], [-44.191476, -20.05203], [-44.191356, -20.051861], [-44.191291, -20.051856], [-44.191176, -20.051846], [-44.191062, -20.051836], [-44.190948, -20.051826], [-44.190864, -20.051819]]]}}, {"type": "Feature", "properties": {"bairro": "Campo Verde", "pasta": "11_CAMPO_VERDE", "tipo": "Quadra", "id": null, "QUADRA": "20"}, "geometry": {"type": "Polygon", "coordinates": [[[-44.189705, -20.047068], [-44.189724, -20.047056], [-44.189716, -20.04703], [-44.189715, -20.047002], [-44.189724, -20.046964], [-44.189745, -20.046926], [-44.189774, -20.046898], [-44.189814, -20.046883], [-44.189867, -20.046882], [-44.189896, -20.046887], [-44.189926, -20.046901], [-44.189764, -20.046739], [-44.189607, -20.046581], [-44.189617, -20.046613], [-44.18962, -20.046647], [-44.189618, -20.046671], [-44.189614, -20.046689], [-44.189601, -20.04671], [-44.189578, -20.046737], [-44.189552, -20.046751], [-44.189521, -20.046763], [-44.189477, -20.046778], [-44.189443, -20.046794], [-44.189429, -20.046805], [-44.189415, -20.046816], [-44.189387, -20.046846], [-44.18935, -20.046888], [-44.18933, -20.046908], [-44.189311, -20.046928], [-44.189252, -20.046983], [-44.189247, -20.046987], [-44.189205, -20.047023], [-44.18918, -20.047039], [-44.189154, -20.047051], [-44.189129, -20.047062], [-44.189019, -20.047106], [-44.189167, -20.047288], [-44.189344, -20.047506], [-44.189348, -20.047455], [-44.189356, -20.047412], [-44.189373, -20.047361], [-44.189386, -20.047337], [-44.189402, -20.04731], [-44.189434, -20.047259], [-44.189469, -20.047218], [-44.189513, -20.047179], [-44.189595, -20.047133], [-44.189626, -20.047115], [-44.189705, -20.047068]], [[-44.189558, -20.046928], [-44.189695, -20.047059], [-44.189705, -20.047068], [-44.189558, -20.046928]], [[-44.189363, -20.047108], [-44.189464, -20.047213], [-44.189469, -20.047218], [-44.189363, -20.047108]]]}}, {"type": "Feature", "properties": {"bairro": "Campo Verde", "pasta": "11_CAMPO_VERDE", "tipo": "Quadra", "id": null, "QUADRA": "19"}, "geometry": {"type": "Polygon", "coordinates": [[[-44.189295, -20.046788], [-44.189348, -20.046738], [-44.18935, -20.046703], [-44.189185, -20.046547], [-44.189151, -20.046603], [-44.189129, -20.046627], [-44.189078, -20.046685], [-44.189058, -20.046701], [-44.189004, -20.046746], [-44.188979, -20.046763], [-44.188925, -20.0468], [-44.188889, -20.04682], [-44.188826, -20.046835], [-44.188761, -20.046848], [-44.188687, -20.046853], [-44.18862, -20.046863], [-44.188502, -20.046879], [-44.188391, -20.046904], [-44.188224, -20.046942], [-44.18835, -20.047132], [-44.188445, -20.047116], [-44.188561, -20.047091], [-44.188675, -20.047061], [-44.188812, -20.047033], [-44.188945, -20.047003], [-44.189097, -20.046947], [-44.18921, -20.046865], [-44.189295, -20.046788]]]}}, {"type": "Feature", "properties": {"bairro": "Campo Verde", "pasta": "11_CAMPO_VERDE", "tipo": "Quadra", "id": null, "QUADRA": "18"}, "geometry": {"type": "Polygon", "coordinates": [[[-44.187192, -20.047734], [-44.187289, -20.04768], [-44.187388, -20.047626], [-44.187482, -20.047574], [-44.187578, -20.047522], [-44.187672, -20.04747], [-44.187768, -20.047417], [-44.187865, -20.047364], [-44.187973, -20.047304], [-44.187835, -20.047138], [-44.18774, -20.047191], [-44.187648, -20.047241], [-44.187554, -20.047293], [-44.187458, -20.047346], [-44.187362, -20.047399], [-44.187264, -20.047453], [-44.187169, -20.047504], [-44.187075, -20.047556], [-44.186976, -20.047611], [-44.186882, -20.047662], [-44.186802, -20.047706], [-44.186782, -20.047713], [-44.186671, -20.047752], [-44.186655, -20.047758], [-44.18657, -20.047795], [-44.186467, -20.04784], [-44.186415, -20.047855], [-44.186353, -20.047869], [-44.186173, -20.047912], [-44.186235, -20.047959], [-44.186292, -20.047999], [-44.186334, -20.04803], [-44.186367, -20.048061], [-44.186388, -20.048086], [-44.186398, -20.048105], [-44.186495, -20.048082], [-44.186607, -20.048055], [-44.186708, -20.048], [-44.186805, -20.047946], [-44.186903, -20.047893], [-44.187001, -20.047839], [-44.187096, -20.047786], [-44.187192, -20.047734]]]}}, {"type": "Feature", "properties": {"bairro": "Campo Verde", "pasta": "11_CAMPO_VERDE", "tipo": "Quadra", "id": null, "QUADRA": "17"}, "geometry": {"type": "Polygon", "coordinates": [[[-44.187958, -20.047895], [-44.18809, -20.047929], [-44.188282, -20.047979], [-44.188551, -20.048048], [-44.188384, -20.047837], [-44.188268, -20.047689], [-44.188187, -20.047586], [-44.188122, -20.047503], [-44.188031, -20.047383], [-44.187898, -20.047464], [-44.187768, -20.047536], [-44.187633, -20.04761], [-44.187384, -20.047747], [-44.187706, -20.04783], [-44.187848, -20.047867], [-44.187958, -20.047895]]]}}, {"type": "Feature", "properties": {"bairro": "Campo Verde", "pasta": "11_CAMPO_VERDE", "tipo": "Quadra", "id": null, "QUADRA": "16"}, "geometry": {"type": "Polygon", "coordinates": [[[-44.187462, -20.04788], [-44.187359, -20.047853], [-44.18725, -20.047825], [-44.187165, -20.047873], [-44.18708, -20.047921], [-44.187163, -20.048044], [-44.187283, -20.04805], [-44.187297, -20.048052], [-44.187402, -20.048067], [-44.187516, -20.048086], [-44.187587, -20.048099], [-44.187625, -20.048109], [-44.187652, -20.048116], [-44.187734, -20.048141], [-44.187842, -20.048175], [-44.187942, -20.04821], [-44.188019, -20.04824], [-44.18804, -20.04825], [-44.188115, -20.048284], [-44.188126, -20.04829], [-44.188213, -20.048334], [-44.18823, -20.048342], [-44.1883, -20.04838], [-44.188346, -20.048405], [-44.188383, -20.048428], [-44.188484, -20.04849], [-44.188529, -20.048319], [-44.188671, -20.04822], [-44.188644, -20.048186], [-44.188464, -20.04814], [-44.188373, -20.048116], [-44.188283, -20.048093], [-44.188191, -20.048069], [-44.188099, -20.048045], [-44.187997, -20.048019], [-44.187896, -20.047992], [-44.187785, -20.047964], [-44.187677, -20.047936], [-44.187569, -20.047908], [-44.187462, -20.04788]]]}}, {"type": "Feature", "properties": {"bairro": "Campo Verde", "pasta": "11_CAMPO_VERDE", "tipo": "Quadra", "id": null, "QUADRA": "21"}, "geometry": {"type": "Polygon", "coordinates": [[[-44.188609, -20.047468], [-44.188673, -20.047552], [-44.188741, -20.047639], [-44.188805, -20.047724], [-44.188869, -20.047807], [-44.188936, -20.047895], [-44.188998, -20.047976], [-44.189063, -20.048061], [-44.189131, -20.048149], [-44.189199, -20.048238], [-44.18922, -20.048265], [-44.189224, -20.048264], [-44.189242, -20.048262], [-44.189257, -20.048261], [-44.189272, -20.048262], [-44.189292, -20.048267], [-44.18931, -20.048274], [-44.189326, -20.048282], [-44.18934, -20.048294], [-44.189576, -20.048136], [-44.189573, -20.04812], [-44.18957, -20.048096], [-44.189573, -20.048071], [-44.189579, -20.04805], [-44.189586, -20.048034], [-44.189586, -20.048018], [-44.189565, -20.047991], [-44.189497, -20.047901], [-44.189438, -20.047823], [-44.189372, -20.047736], [-44.189304, -20.047646], [-44.189238, -20.04756], [-44.189175, -20.047477], [-44.189109, -20.04739], [-44.189109, -20.04739], [-44.189109, -20.04739], [-44.189042, -20.047302], [-44.188979, -20.047218], [-44.188925, -20.047147], [-44.188904, -20.04712], [-44.188622, -20.047194], [-44.188437, -20.047243], [-44.188545, -20.047384], [-44.188609, -20.047468]], [[-44.188799, -20.04734], [-44.188803, -20.047337], [-44.188609, -20.047468], [-44.188799, -20.04734]]]}}, {"type": "Feature", "properties": {"bairro": "Campo Verde", "pasta": "11_CAMPO_VERDE", "tipo": "Quadra", "id": null, "QUADRA": "09"}, "geometry": {"type": "Polygon", "coordinates": [[[-44.191214, -20.0525], [-44.191099, -20.052492], [-44.190985, -20.052485], [-44.19087, -20.052478], [-44.190756, -20.052471], [-44.190641, -20.052463], [-44.190578, -20.052666], [-44.190526, -20.052826], [-44.19047, -20.052996], [-44.190718, -20.053012], [-44.190832, -20.053019], [-44.190947, -20.053026], [-44.191061, -20.053033], [-44.191176, -20.053041], [-44.19129, -20.053048], [-44.191405, -20.053055], [-44.191519, -20.053062], [-44.191633, -20.05307], [-44.191748, -20.053077], [-44.191862, -20.053084], [-44.192058, -20.053096], [-44.192293, -20.053111], [-44.19209, -20.05285], [-44.191995, -20.052724], [-44.191856, -20.05254], [-44.191786, -20.052536], [-44.191672, -20.052529], [-44.191557, -20.052521], [-44.191443, -20.052514], [-44.191328, -20.052507], [-44.191214, -20.0525]], [[-44.190727, -20.052885], [-44.190737, -20.052741], [-44.190718, -20.053012], [-44.190727, -20.052885]], [[-44.192074, -20.052861], [-44.191868, -20.053001], [-44.19209, -20.05285], [-44.192074, -20.052861]]]}}, {"type": "Feature", "properties": {"bairro": "Campo Verde", "pasta": "11_CAMPO_VERDE", "tipo": "Quadra", "id": null, "QUADRA": "24"}, "geometry": {"type": "Polygon", "coordinates": [[[-44.19415, -20.052269], [-44.19405, -20.052057], [-44.194014, -20.051982], [-44.193757, -20.051984], [-44.193643, -20.051984], [-44.193528, -20.051985], [-44.193418, -20.051985], [-44.193309, -20.051985], [-44.193197, -20.051986], [-44.193085, -20.051986], [-44.192976, -20.051986], [-44.192863, -20.051986], [-44.192752, -20.051983], [-44.192637, -20.051981], [-44.192526, -20.051978], [-44.192412, -20.051976], [-44.192296, -20.051973], [-44.192189, -20.051969], [-44.192082, -20.051965], [-44.191914, -20.051959], [-44.192087, -20.052195], [-44.19226, -20.052431], [-44.192307, -20.052431], [-44.192422, -20.052431], [-44.192536, -20.052431], [-44.19265, -20.052431], [-44.192765, -20.052431], [-44.192879, -20.052431], [-44.192991, -20.052431], [-44.193101, -20.052431], [-44.193218, -20.052431], [-44.193352, -20.052427], [-44.193487, -20.052418], [-44.19362, -20.052403], [-44.193752, -20.052378], [-44.193883, -20.052348], [-44.19402, -20.052309], [-44.19415, -20.052269]]]}}, {"type": "Feature", "properties": {"bairro": "Campo Verde", "pasta": "11_CAMPO_VERDE", "tipo": "Quadra", "id": null, "QUADRA": "04"}, "geometry": {"type": "Polygon", "coordinates": [[[-44.190674, -20.05182], [-44.190521, -20.05181], [-44.190407, -20.051802], [-44.190292, -20.051794], [-44.190178, -20.051786], [-44.190063, -20.051778], [-44.189966, -20.051771], [-44.189885, -20.051995], [-44.189855, -20.052081], [-44.189824, -20.052166], [-44.189794, -20.052252], [-44.189763, -20.052337], [-44.189732, -20.052423], [-44.189702, -20.052507], [-44.189626, -20.052719], [-44.189755, -20.052764], [-44.189881, -20.052809], [-44.190007, -20.052853], [-44.190136, -20.052898], [-44.190261, -20.052943], [-44.190344, -20.05271], [-44.190374, -20.052624], [-44.190403, -20.052541], [-44.190433, -20.052458], [-44.190463, -20.052373], [-44.190494, -20.052287], [-44.190524, -20.0522], [-44.190571, -20.052081], [-44.190674, -20.05182]]]}}, {"type": "Feature", "properties": {"bairro": "Campo Verde", "pasta": "11_CAMPO_VERDE", "tipo": "Quadra", "id": null, "QUADRA": "01"}, "geometry": {"type": "Polygon", "coordinates": [[[-44.189362, -20.053075], [-44.188812, -20.052937], [-44.188594, -20.053883], [-44.188581, -20.054003], [-44.188584, -20.054119], [-44.188593, -20.054219], [-44.18862, -20.054343], [-44.188654, -20.054449], [-44.188693, -20.054555], [-44.188766, -20.054725], [-44.189292, -20.054643], [-44.189166, -20.053907], [-44.189155, -20.053843], [-44.189362, -20.053075]]]}}, {"type": "Feature", "properties": {"bairro": "Chacaras Maria Antonieta", "pasta": "12_CHACARAS_MARIA_ANTONIETA", "tipo": "Quadra", "QUADRA": "01"}, "geometry": {"type": "Polygon", "coordinates": [[[-44.156945, -20.062206], [-44.155792, -20.064081], [-44.156618, -20.064535], [-44.157772, -20.06266], [-44.156945, -20.062206]]]}}, {"type": "Feature", "properties": {"bairro": "Chacaras Maria Antonieta", "pasta": "12_CHACARAS_MARIA_ANTONIETA", "tipo": "Quadra", "QUADRA": "02"}, "geometry": {"type": "Polygon", "coordinates": [[[-44.157868, -20.062718], [-44.156715, -20.064593], [-44.157541, -20.065047], [-44.158695, -20.063172], [-44.157868, -20.062718]]]}}, {"type": "Feature", "properties": {"bairro": "Chacaras Maria Antonieta", "pasta": "12_CHACARAS_MARIA_ANTONIETA", "tipo": "Quadra", "QUADRA": "03"}, "geometry": {"type": "Polygon", "coordinates": [[[-44.158799, -20.063222], [-44.157645, -20.065097], [-44.158472, -20.065551], [-44.159625, -20.063676], [-44.158799, -20.063222]]]}}, {"type": "Feature", "properties": {"bairro": "Chacaras Maria Antonieta", "pasta": "12_CHACARAS_MARIA_ANTONIETA", "tipo": "Quadra", "QUADRA": "04"}, "geometry": {"type": "Polygon", "coordinates": [[[-44.159339, -20.064346], [-44.158869, -20.065133], [-44.160227, -20.065856], [-44.160429, -20.065942], [-44.160703, -20.066046], [-44.160739, -20.065144], [-44.160729, -20.065093], [-44.159339, -20.064346]]]}}, {"type": "Feature", "properties": {"bairro": "Chacaras Maria Antonieta", "pasta": "12_CHACARAS_MARIA_ANTONIETA", "tipo": "Quadra", "QUADRA": "05"}, "geometry": {"type": "Polygon", "coordinates": [[[-44.160747, -20.062083], [-44.159406, -20.064241], [-44.160691, -20.064956], [-44.160772, -20.064612], [-44.160803, -20.064419], [-44.160875, -20.06425], [-44.160947, -20.06408], [-44.160995, -20.063896], [-44.161038, -20.063709], [-44.161097, -20.063535], [-44.161195, -20.063379], [-44.161283, -20.063219], [-44.161372, -20.063058], [-44.16146, -20.062898], [-44.161582, -20.062756], [-44.16172, -20.062623], [-44.160747, -20.062083]]]}}, {"type": "Feature", "properties": {"bairro": "Chacaras Maria Antonieta", "pasta": "12_CHACARAS_MARIA_ANTONIETA", "tipo": "Quadra", "QUADRA": "06"}, "geometry": {"type": "Polygon", "coordinates": [[[-44.15981, -20.06156], [-44.158849, -20.063122], [-44.159676, -20.063576], [-44.160637, -20.062014], [-44.15981, -20.06156]]]}}, {"type": "Feature", "properties": {"bairro": "Chacaras Maria Antonieta", "pasta": "12_CHACARAS_MARIA_ANTONIETA", "tipo": "Quadra", "QUADRA": "07"}, "geometry": {"type": "Polygon", "coordinates": [[[-44.158894, -20.061054], [-44.157933, -20.062617], [-44.15876, -20.063071], [-44.159721, -20.061508], [-44.158894, -20.061054]]]}}, {"type": "Feature", "properties": {"bairro": "Chacaras Maria Antonieta", "pasta": "12_CHACARAS_MARIA_ANTONIETA", "tipo": "Quadra", "QUADRA": "08"}, "geometry": {"type": "Polygon", "coordinates": [[[-44.158384, -20.060742], [-44.158392, -20.060709], [-44.157989, -20.060497], [-44.157486, -20.061325], [-44.158164, -20.061698], [-44.157923, -20.062088], [-44.157881, -20.062065], [-44.15764, -20.062455], [-44.15783, -20.06256], [-44.158805, -20.060974], [-44.158384, -20.060742]]]}}, {"type": "Feature", "properties": {"bairro": "Chacaras Maria Antonieta", "pasta": "12_CHACARAS_MARIA_ANTONIETA", "tipo": "Quadra", "QUADRA": "09"}, "geometry": {"type": "Polygon", "coordinates": [[[-44.155729, -20.064181], [-44.154665, -20.065919], [-44.155086, -20.066127], [-44.155499, -20.066354], [-44.156556, -20.064635], [-44.155729, -20.064181]]]}}, {"type": "Feature", "properties": {"bairro": "Chacaras Maria Antonieta", "pasta": "12_CHACARAS_MARIA_ANTONIETA", "tipo": "Quadra", "QUADRA": "10"}, "geometry": {"type": "Polygon", "coordinates": [[[-44.156668, -20.064688], [-44.155591, -20.066396], [-44.156448, -20.066804], [-44.157489, -20.06515], [-44.156668, -20.064688]]]}}, {"type": "Feature", "properties": {"bairro": "Chacaras Maria Antonieta", "pasta": "12_CHACARAS_MARIA_ANTONIETA", "tipo": "Quadra", "QUADRA": "11"}, "geometry": {"type": "Polygon", "coordinates": [[[-44.157574, -20.065198], [-44.156552, -20.066859], [-44.15741, -20.067259], [-44.158401, -20.065652], [-44.157574, -20.065198]]]}}, {"type": "Feature", "properties": {"bairro": "Chacaras Maria Antonieta", "pasta": "12_CHACARAS_MARIA_ANTONIETA", "tipo": "Quadra", "QUADRA": "12"}, "geometry": {"type": "Polygon", "coordinates": [[[-44.15813, -20.066334], [-44.157522, -20.067317], [-44.157702, -20.067417], [-44.157563, -20.070177], [-44.15834, -20.070308], [-44.15813, -20.066334]]]}}, {"type": "Feature", "properties": {"bairro": "Chacaras Maria Antonieta", "pasta": "12_CHACARAS_MARIA_ANTONIETA", "tipo": "Quadra", "QUADRA": "13"}, "geometry": {"type": "Polygon", "coordinates": [[[-44.158484, -20.065706], [-44.158251, -20.066078], [-44.158231, -20.066147], [-44.15846, -20.07033], [-44.15865, -20.070367], [-44.159172, -20.069691], [-44.158739, -20.065858], [-44.158484, -20.065706]]]}}, {"type": "Feature", "properties": {"bairro": "Anexo Maria Antonieta", "pasta": "13_ANEXO_MARIA_ANTONIETA", "tipo": "Quadra", "QUADRA": "14"}, "geometry": {"type": "Polygon", "coordinates": [[[-44.157496, -20.067302], [-44.157014, -20.068091], [-44.157661, -20.068471], [-44.157648, -20.068229], [-44.157667, -20.06803], [-44.157681, -20.067599], [-44.157702, -20.067417], [-44.157496, -20.067302]]]}}, {"type": "Feature", "properties": {"bairro": "Anexo Maria Antonieta", "pasta": "13_ANEXO_MARIA_ANTONIETA", "tipo": "Quadra", "QUADRA": "15"}, "geometry": {"type": "Polygon", "coordinates": [[[-44.15654, -20.066854], [-44.156093, -20.067588], [-44.156932, -20.068022], [-44.157397, -20.067264], [-44.15654, -20.066854]]]}}, {"type": "Feature", "properties": {"bairro": "Anexo Maria Antonieta", "pasta": "13_ANEXO_MARIA_ANTONIETA", "tipo": "Quadra", "QUADRA": "16"}, "geometry": {"type": "Polygon", "coordinates": [[[-44.156448, -20.066804], [-44.155591, -20.066396], [-44.155139, -20.067137], [-44.155999, -20.067536], [-44.156448, -20.066804]]]}}, {"type": "Feature", "properties": {"bairro": "Anexo Maria Antonieta", "pasta": "13_ANEXO_MARIA_ANTONIETA", "tipo": "Quadra", "QUADRA": "17"}, "geometry": {"type": "Polygon", "coordinates": [[[-44.155499, -20.066354], [-44.154691, -20.065933], [-44.154211, -20.066714], [-44.155043, -20.067097], [-44.155499, -20.066354]]]}}, {"type": "Feature", "properties": {"bairro": "Residencial Maria Antonieta", "pasta": "14_RESIDENCIAL_MARIA_ANTONIETA", "tipo": "Quadra", "id": null, "QUADRA": "12"}, "geometry": {"type": "Polygon", "coordinates": [[[-44.160068, -20.059589], [-44.15916, -20.061099], [-44.159383, -20.061219], [-44.16031, -20.059676], [-44.160068, -20.059589]]]}}, {"type": "Feature", "properties": {"bairro": "Residencial Maria Antonieta", "pasta": "14_RESIDENCIAL_MARIA_ANTONIETA", "tipo": "Quadra", "id": null, "QUADRA": "03"}, "geometry": {"type": "Polygon", "coordinates": [[[-44.160092, -20.06023], [-44.159802, -20.060698], [-44.161039, -20.061383], [-44.161329, -20.060915], [-44.160092, -20.06023]]]}}, {"type": "Feature", "properties": {"bairro": "Residencial Maria Antonieta", "pasta": "14_RESIDENCIAL_MARIA_ANTONIETA", "tipo": "Quadra", "id": null, "QUADRA": "02"}, "geometry": {"type": "Polygon", "coordinates": [[[-44.159755, -20.060794], [-44.159464, -20.061262], [-44.160702, -20.061947], [-44.160992, -20.061479], [-44.159755, -20.060794]]]}}, {"type": "Feature", "properties": {"bairro": "Residencial Maria Antonieta", "pasta": "14_RESIDENCIAL_MARIA_ANTONIETA", "tipo": "Quadra", "id": null, "QUADRA": "09"}, "geometry": {"type": "Polygon", "coordinates": [[[-44.16036, -20.05981], [-44.160149, -20.060146], [-44.161382, -20.060837], [-44.161622, -20.060457], [-44.161075, -20.060087], [-44.160968, -20.060037], [-44.16036, -20.05981]]]}}, {"type": "Feature", "properties": {"bairro": "Residencial Maria Antonieta", "pasta": "14_RESIDENCIAL_MARIA_ANTONIETA", "tipo": "Quadra", "id": null, "QUADRA": "10"}, "geometry": {"type": "Polygon", "coordinates": [[[-44.161736, -20.060517], [-44.161673, -20.060529], [-44.161569, -20.060691], [-44.161465, -20.060872], [-44.161595, -20.06094], [-44.16174, -20.061006], [-44.162033, -20.061137], [-44.162079, -20.061146], [-44.16209, -20.060987], [-44.16208, -20.060751], [-44.161894, -20.06063], [-44.161736, -20.060517]]]}}, {"type": "Feature", "properties": {"bairro": "Residencial Maria Antonieta", "pasta": "14_RESIDENCIAL_MARIA_ANTONIETA", "tipo": "Quadra", "id": null, "QUADRA": "11"}, "geometry": {"type": "Polygon", "coordinates": [[[-44.162521, -20.060929], [-44.162177, -20.060711], [-44.162198, -20.061225], [-44.16251, -20.061189], [-44.162521, -20.060929]]]}}, {"type": "Feature", "properties": {"bairro": "Residencial Maria Antonieta", "pasta": "14_RESIDENCIAL_MARIA_ANTONIETA", "tipo": "Quadra", "id": null, "QUADRA": "08"}, "geometry": {"type": "Polygon", "coordinates": [[[-44.162518, -20.061248], [-44.162225, -20.061309], [-44.162084, -20.061238], [-44.161555, -20.061005], [-44.161413, -20.060946], [-44.161122, -20.061429], [-44.161782, -20.061784], [-44.162038, -20.061554], [-44.162069, -20.06153], [-44.162105, -20.061527], [-44.162228, -20.061508], [-44.162526, -20.06143], [-44.162518, -20.061248]]]}}, {"type": "Feature", "properties": {"bairro": "Residencial Maria Antonieta", "pasta": "14_RESIDENCIAL_MARIA_ANTONIETA", "tipo": "Quadra", "id": null, "QUADRA": "01"}, "geometry": {"type": "Polygon", "coordinates": [[[-44.161067, -20.061524], [-44.160783, -20.061995], [-44.161357, -20.062304], [-44.161699, -20.061864], [-44.161067, -20.061524]]]}}, {"type": "Feature", "properties": {"bairro": "Serra Dos Bandeirantes", "pasta": "15_SERRA_DOS_BANDEIRANTES", "tipo": "Quadra", "QUADRA": "17"}, "geometry": {"type": "Polygon", "coordinates": [[[-44.149155, -20.0854], [-44.149146, -20.085111], [-44.149136, -20.084822], [-44.149123, -20.084448], [-44.149124, -20.084445], [-44.149124, -20.084442], [-44.149124, -20.084439], [-44.149124, -20.084436], [-44.149123, -20.084433], [-44.149122, -20.084431], [-44.149122, -20.084428], [-44.14912, -20.084425], [-44.149119, -20.084422], [-44.149118, -20.08442], [-44.149116, -20.084417], [-44.149114, -20.084415], [-44.149112, -20.084413], [-44.14911, -20.084411], [-44.149108, -20.084409], [-44.149105, -20.084407], [-44.149103, -20.084405], [-44.1491, -20.084404], [-44.149097, -20.084403], [-44.149095, -20.084402], [-44.149092, -20.084401], [-44.149089, -20.0844], [-44.149086, -20.084399], [-44.149083, -20.084399], [-44.149079, -20.084399], [-44.149076, -20.084399], [-44.149073, -20.084399], [-44.14907, -20.0844], [-44.149067, -20.0844], [-44.149064, -20.084401], [-44.149061, -20.084402], [-44.149059, -20.084403], [-44.149056, -20.084405], [-44.149053, -20.084406], [-44.149051, -20.084408], [-44.149049, -20.08441], [-44.149046, -20.084412], [-44.149044, -20.084414], [-44.149042, -20.084416], [-44.149041, -20.084419], [-44.149039, -20.084421], [-44.149038, -20.084424], [-44.149037, -20.084427], [-44.148829, -20.084748], [-44.148634, -20.085044], [-44.148551, -20.085305], [-44.148475, -20.085596], [-44.14841, -20.085842], [-44.14841, -20.085842], [-44.148361, -20.086043], [-44.148361, -20.086072], [-44.148363, -20.086101], [-44.148366, -20.086129], [-44.148372, -20.086158], [-44.148379, -20.086186], [-44.148388, -20.086213], [-44.148399, -20.08624], [-44.148407, -20.086261], [-44.148416, -20.086281], [-44.148427, -20.086301], [-44.148439, -20.08632], [-44.148452, -20.086338], [-44.148466, -20.086356], [-44.148481, -20.086372], [-44.148498, -20.086388], [-44.148515, -20.086402], [-44.148534, -20.086415], [-44.148553, -20.086428], [-44.148573, -20.086439], [-44.148594, -20.086449], [-44.148722, -20.086494], [-44.148861, -20.086525], [-44.148885, -20.086531], [-44.148908, -20.086537], [-44.148932, -20.086542], [-44.148955, -20.086548], [-44.148979, -20.086553], [-44.149002, -20.086558], [-44.149026, -20.086562], [-44.149194, -20.086556], [-44.149185, -20.086267], [-44.149175, -20.085978], [-44.149165, -20.085689], [-44.149155, -20.0854]]]}}, {"type": "Feature", "properties": {"bairro": "Serra Dos Bandeirantes", "pasta": "15_SERRA_DOS_BANDEIRANTES", "tipo": "Quadra", "QUADRA": "16"}, "geometry": {"type": "Polygon", "coordinates": [[[-44.150084, -20.084107], [-44.150077, -20.083907], [-44.15007, -20.083706], [-44.150064, -20.083506], [-44.150056, -20.083275], [-44.14976, -20.083283], [-44.149611, -20.083519], [-44.149224, -20.084133], [-44.14923, -20.084334], [-44.149237, -20.084534], [-44.149244, -20.084735], [-44.149251, -20.084935], [-44.149257, -20.085135], [-44.149264, -20.085336], [-44.149271, -20.085536], [-44.149277, -20.085737], [-44.149284, -20.085937], [-44.149291, -20.086138], [-44.149298, -20.086338], [-44.149305, -20.086546], [-44.149735, -20.086529], [-44.150165, -20.086511], [-44.150158, -20.086313], [-44.150151, -20.086112], [-44.150144, -20.085912], [-44.150138, -20.085711], [-44.150131, -20.085511], [-44.150124, -20.08531], [-44.150118, -20.08511], [-44.150111, -20.084909], [-44.150104, -20.084709], [-44.150097, -20.084508], [-44.150091, -20.084308], [-44.150084, -20.084107]]]}}, {"type": "Feature", "properties": {"bairro": "Serra Dos Bandeirantes", "pasta": "15_SERRA_DOS_BANDEIRANTES", "tipo": "Quadra", "QUADRA": "15"}, "geometry": {"type": "Polygon", "coordinates": [[[-44.150172, -20.083499], [-44.150179, -20.0837], [-44.150186, -20.0839], [-44.150193, -20.084101], [-44.150199, -20.084301], [-44.150206, -20.084502], [-44.150213, -20.084702], [-44.150219, -20.084903], [-44.150226, -20.085103], [-44.150233, -20.085304], [-44.15024, -20.085504], [-44.150246, -20.085704], [-44.150253, -20.085905], [-44.15026, -20.086105], [-44.150267, -20.086306], [-44.150274, -20.086514], [-44.150704, -20.086496], [-44.151134, -20.086479], [-44.151127, -20.08628], [-44.15112, -20.08608], [-44.151113, -20.085879], [-44.151107, -20.085679], [-44.1511, -20.085478], [-44.151093, -20.085278], [-44.151087, -20.085077], [-44.15108, -20.084877], [-44.151073, -20.084676], [-44.151066, -20.084476], [-44.15106, -20.084275], [-44.151053, -20.084075], [-44.151046, -20.083874], [-44.151039, -20.083674], [-44.151033, -20.083473], [-44.151026, -20.083273], [-44.151019, -20.083072], [-44.151012, -20.082861], [-44.150582, -20.082874], [-44.150152, -20.082887], [-44.150159, -20.083098], [-44.150166, -20.083299], [-44.150172, -20.083499]]]}}, {"type": "Feature", "properties": {"bairro": "Serra Dos Bandeirantes", "pasta": "15_SERRA_DOS_BANDEIRANTES", "tipo": "Quadra", "QUADRA": "13"}, "geometry": {"type": "Polygon", "coordinates": [[[-44.150976, -20.081952], [-44.150965, -20.081634], [-44.150799, -20.081639], [-44.150595, -20.081964], [-44.150548, -20.082036], [-44.150274, -20.082471], [-44.150139, -20.082683], [-44.150143, -20.082785], [-44.150573, -20.082773], [-44.151003, -20.08276], [-44.150996, -20.082559], [-44.15099, -20.082359], [-44.150983, -20.082158], [-44.150976, -20.081952]]]}}, {"type": "Feature", "properties": {"bairro": "Serra Dos Bandeirantes", "pasta": "15_SERRA_DOS_BANDEIRANTES", "tipo": "Quadra", "QUADRA": "14"}, "geometry": {"type": "Polygon", "coordinates": [[[-44.151129, -20.083225], [-44.151239, -20.086479], [-44.152099, -20.086444], [-44.151997, -20.083421], [-44.151195, -20.082889], [-44.151192, -20.082888], [-44.151188, -20.082887], [-44.151184, -20.082886], [-44.15118, -20.082886], [-44.151176, -20.082886], [-44.151172, -20.082886], [-44.151168, -20.082886], [-44.151164, -20.082887], [-44.15116, -20.082888], [-44.151157, -20.082889], [-44.151153, -20.082891], [-44.151149, -20.082892], [-44.151146, -20.082894], [-44.151143, -20.082896], [-44.15114, -20.082898], [-44.151137, -20.082901], [-44.151134, -20.082903], [-44.151131, -20.082906], [-44.151129, -20.082909], [-44.151127, -20.082912], [-44.151125, -20.082916], [-44.151123, -20.082919], [-44.151122, -20.082923], [-44.15112, -20.082926], [-44.15112, -20.08293], [-44.151129, -20.083225]]]}}, {"type": "Feature", "properties": {"bairro": "Serra Dos Bandeirantes", "pasta": "15_SERRA_DOS_BANDEIRANTES", "tipo": "Quadra", "QUADRA": "19"}, "geometry": {"type": "Polygon", "coordinates": [[[-44.152619, -20.082875], [-44.15262, -20.082877], [-44.152627, -20.083026], [-44.152634, -20.083227], [-44.15264, -20.083427], [-44.152647, -20.083628], [-44.152654, -20.083828], [-44.152661, -20.084029], [-44.152667, -20.084229], [-44.152674, -20.08443], [-44.152681, -20.08463], [-44.152688, -20.084831], [-44.152694, -20.085031], [-44.152701, -20.085231], [-44.152708, -20.085432], [-44.152714, -20.085632], [-44.152721, -20.085833], [-44.152728, -20.086033], [-44.152736, -20.086272], [-44.152737, -20.086276], [-44.152739, -20.086279], [-44.152741, -20.086283], [-44.152744, -20.086286], [-44.152746, -20.08629], [-44.152749, -20.086293], [-44.152752, -20.086296], [-44.152755, -20.086298], [-44.152758, -20.086301], [-44.152762, -20.086303], [-44.152766, -20.086305], [-44.152769, -20.086307], [-44.152773, -20.086309], [-44.152777, -20.08631], [-44.152781, -20.086311], [-44.152786, -20.086312], [-44.15279, -20.086312], [-44.152794, -20.086313], [-44.152799, -20.086313], [-44.152803, -20.086312], [-44.152807, -20.086312], [-44.153162, -20.086149], [-44.153194, -20.086141], [-44.153225, -20.086131], [-44.153255, -20.08612], [-44.153285, -20.086107], [-44.153313, -20.086092], [-44.153341, -20.086075], [-44.153367, -20.086057], [-44.153393, -20.086037], [-44.153416, -20.086016], [-44.153439, -20.085994], [-44.15346, -20.08597], [-44.153479, -20.085945], [-44.153497, -20.085919], [-44.153516, -20.085888], [-44.153532, -20.085855], [-44.153547, -20.085821], [-44.153558, -20.085787], [-44.153567, -20.085751], [-44.153573, -20.085715], [-44.153576, -20.085679], [-44.153577, -20.085643], [-44.153575, -20.085607], [-44.153568, -20.085406], [-44.153561, -20.085206], [-44.153555, -20.085005], [-44.153548, -20.084805], [-44.153541, -20.084604], [-44.153534, -20.084404], [-44.153528, -20.084203], [-44.153521, -20.084003], [-44.153514, -20.083802], [-44.153507, -20.083602], [-44.153501, -20.083401], [-44.153494, -20.083201], [-44.153487, -20.083], [-44.15348, -20.0828], [-44.15305, -20.082813], [-44.15266, -20.082824], [-44.152658, -20.082824], [-44.152655, -20.082824], [-44.152652, -20.082824], [-44.15265, -20.082824], [-44.152647, -20.082825], [-44.152644, -20.082826], [-44.152642, -20.082826], [-44.152639, -20.082827], [-44.152637, -20.082829], [-44.152634, -20.08283], [-44.152632, -20.082831], [-44.15263, -20.082833], [-44.152628, -20.082835], [-44.152626, -20.082836], [-44.152624, -20.082838], [-44.152623, -20.08284], [-44.152621, -20.082843], [-44.15262, -20.082845], [-44.152619, -20.082847], [-44.152618, -20.08285], [-44.152617, -20.082852], [-44.152617, -20.082855], [-44.152616, -20.082857], [-44.152616, -20.08286], [-44.152616, -20.082862], [-44.152616, -20.082865], [-44.152617, -20.082867], [-44.152617, -20.08287], [-44.152618, -20.082872], [-44.152619, -20.082875]]]}}, {"type": "Feature", "properties": {"bairro": "Serra Dos Bandeirantes", "pasta": "15_SERRA_DOS_BANDEIRANTES", "tipo": "Quadra", "QUADRA": "20"}, "geometry": {"type": "Polygon", "coordinates": [[[-44.15278, -20.081801], [-44.152526, -20.081658], [-44.152298, -20.081526], [-44.152293, -20.081532], [-44.152288, -20.081537], [-44.152282, -20.081542], [-44.152277, -20.081547], [-44.152271, -20.081551], [-44.152264, -20.081555], [-44.152258, -20.081558], [-44.152251, -20.081562], [-44.152244, -20.081564], [-44.152237, -20.081567], [-44.152229, -20.081568], [-44.152222, -20.08157], [-44.152214, -20.081571], [-44.152207, -20.081571], [-44.152199, -20.081571], [-44.15218, -20.081625], [-44.152165, -20.08168], [-44.152153, -20.081736], [-44.152146, -20.081792], [-44.152141, -20.081849], [-44.152141, -20.081905], [-44.152144, -20.081962], [-44.152151, -20.082019], [-44.152162, -20.082074], [-44.152177, -20.082129], [-44.152195, -20.082184], [-44.152214, -20.082228], [-44.152236, -20.082272], [-44.15226, -20.082314], [-44.152285, -20.082356], [-44.152313, -20.082397], [-44.152342, -20.082436], [-44.152373, -20.082475], [-44.152404, -20.082508], [-44.152435, -20.082543], [-44.152464, -20.082579], [-44.152492, -20.082615], [-44.152519, -20.082652], [-44.152544, -20.08269], [-44.152568, -20.082729], [-44.15263, -20.082726], [-44.152869, -20.082718], [-44.153117, -20.08271], [-44.153483, -20.082699], [-44.15348, -20.082666], [-44.153477, -20.082633], [-44.153476, -20.0826], [-44.153474, -20.082567], [-44.153474, -20.082534], [-44.153474, -20.082501], [-44.153474, -20.082468], [-44.153475, -20.082441], [-44.153478, -20.082413], [-44.153482, -20.082385], [-44.153488, -20.082358], [-44.153496, -20.082331], [-44.153506, -20.082304], [-44.153517, -20.082278], [-44.153529, -20.082253], [-44.153543, -20.082229], [-44.153288, -20.082087], [-44.153034, -20.081944], [-44.15278, -20.081801]]]}}, {"type": "Feature", "properties": {"bairro": "Serra Dos Bandeirantes", "pasta": "15_SERRA_DOS_BANDEIRANTES", "tipo": "Quadra", "QUADRA": "04"}, "geometry": {"type": "Polygon", "coordinates": [[[-44.155453, -20.076375], [-44.155377, -20.076209], [-44.155367, -20.076199], [-44.155356, -20.07619], [-44.155344, -20.076182], [-44.155332, -20.076174], [-44.15532, -20.076167], [-44.155307, -20.076161], [-44.155293, -20.076155], [-44.155279, -20.07615], [-44.155265, -20.076147], [-44.155251, -20.076144], [-44.155237, -20.076141], [-44.15481, -20.076111], [-44.154349, -20.076077], [-44.154346, -20.076078], [-44.154342, -20.076078], [-44.154339, -20.076079], [-44.154335, -20.07608], [-44.154332, -20.076081], [-44.154329, -20.076082], [-44.154326, -20.076084], [-44.154323, -20.076086], [-44.15432, -20.076088], [-44.154317, -20.07609], [-44.154315, -20.076092], [-44.154312, -20.076094], [-44.15431, -20.076097], [-44.154308, -20.0761], [-44.154306, -20.076103], [-44.154305, -20.076106], [-44.154303, -20.076109], [-44.154302, -20.076112], [-44.154301, -20.076115], [-44.154301, -20.076118], [-44.1543, -20.076121], [-44.1543, -20.076125], [-44.1543, -20.076128], [-44.1543, -20.076131], [-44.154301, -20.076135], [-44.154301, -20.076138], [-44.154302, -20.076141], [-44.154399, -20.076351], [-44.154475, -20.076516], [-44.154552, -20.076682], [-44.154628, -20.076848], [-44.154705, -20.077013], [-44.154781, -20.077179], [-44.154857, -20.077345], [-44.154934, -20.07751], [-44.15501, -20.077676], [-44.155087, -20.077842], [-44.155163, -20.078007], [-44.15524, -20.078173], [-44.155316, -20.078339], [-44.155406, -20.078534], [-44.155559, -20.078865], [-44.155561, -20.078867], [-44.155563, -20.07887], [-44.155565, -20.078872], [-44.155568, -20.078874], [-44.155571, -20.078877], [-44.155574, -20.078878], [-44.155576, -20.07888], [-44.15558, -20.078882], [-44.155583, -20.078883], [-44.155586, -20.078884], [-44.155589, -20.078885], [-44.155593, -20.078886], [-44.155596, -20.078886], [-44.1556, -20.078887], [-44.155603, -20.078887], [-44.155607, -20.078887], [-44.15561, -20.078886], [-44.155614, -20.078886], [-44.155617, -20.078885], [-44.15562, -20.078884], [-44.155623, -20.078883], [-44.155627, -20.078881], [-44.15563, -20.078879], [-44.155633, -20.078878], [-44.155635, -20.078876], [-44.155638, -20.078874], [-44.15564, -20.078871], [-44.155643, -20.078869], [-44.155645, -20.078866], [-44.155647, -20.078863], [-44.155649, -20.078861], [-44.15565, -20.078858], [-44.155651, -20.078855], [-44.155733, -20.078399], [-44.155772, -20.078196], [-44.155879, -20.077608], [-44.155912, -20.077369], [-44.155835, -20.077203], [-44.155759, -20.077037], [-44.155683, -20.076872], [-44.155606, -20.076706], [-44.15553, -20.07654], [-44.155453, -20.076375]]]}}, {"type": "Feature", "properties": {"bairro": "Serra Dos Bandeirantes", "pasta": "15_SERRA_DOS_BANDEIRANTES", "tipo": "Quadra", "QUADRA": "05"}, "geometry": {"type": "Polygon", "coordinates": [[[-44.155288, -20.07851], [-44.15521, -20.078345], [-44.155131, -20.07818], [-44.155053, -20.078016], [-44.154975, -20.077851], [-44.154896, -20.077686], [-44.154818, -20.077521], [-44.154382, -20.077706], [-44.153945, -20.077891], [-44.154024, -20.078056], [-44.154102, -20.078221], [-44.15418, -20.078386], [-44.154259, -20.078551], [-44.154337, -20.078715], [-44.154416, -20.07888], [-44.154494, -20.079045], [-44.154572, -20.07921], [-44.154651, -20.079375], [-44.154729, -20.07954], [-44.154807, -20.079705], [-44.154925, -20.079953], [-44.154927, -20.079955], [-44.154929, -20.079958], [-44.154931, -20.079961], [-44.154933, -20.079963], [-44.154935, -20.079965], [-44.154937, -20.079968], [-44.15494, -20.07997], [-44.154943, -20.079971], [-44.154946, -20.079973], [-44.154949, -20.079974], [-44.154952, -20.079976], [-44.154955, -20.079977], [-44.154958, -20.079977], [-44.154961, -20.079978], [-44.154965, -20.079978], [-44.154968, -20.079979], [-44.154971, -20.079978], [-44.154975, -20.079978], [-44.154978, -20.079978], [-44.154981, -20.079977], [-44.154984, -20.079976], [-44.154988, -20.079975], [-44.154991, -20.079974], [-44.154993, -20.079972], [-44.154996, -20.07997], [-44.154999, -20.079968], [-44.155001, -20.079966], [-44.155004, -20.079964], [-44.155006, -20.079962], [-44.155008, -20.079959], [-44.15501, -20.079957], [-44.15526, -20.079555], [-44.155558, -20.079078], [-44.155523, -20.079005], [-44.155445, -20.07884], [-44.155366, -20.078675], [-44.155288, -20.07851]]]}}, {"type": "Feature", "properties": {"bairro": "Serra Dos Bandeirantes", "pasta": "15_SERRA_DOS_BANDEIRANTES", "tipo": "Quadra", "QUADRA": "06"}, "geometry": {"type": "Polygon", "coordinates": [[[-44.154618, -20.077101], [-44.15454, -20.076936], [-44.154461, -20.076771], [-44.154383, -20.076606], [-44.154305, -20.076441], [-44.154226, -20.076276], [-44.154148, -20.076112], [-44.154129, -20.076071], [-44.153556, -20.076036], [-44.153128, -20.076009], [-44.153124, -20.07601], [-44.15312, -20.07601], [-44.153117, -20.076011], [-44.153113, -20.076013], [-44.15311, -20.076014], [-44.153106, -20.076016], [-44.153103, -20.076017], [-44.1531, -20.07602], [-44.153097, -20.076022], [-44.153095, -20.076024], [-44.153092, -20.076027], [-44.15309, -20.07603], [-44.153088, -20.076033], [-44.153086, -20.076036], [-44.153084, -20.076039], [-44.153083, -20.076042], [-44.153082, -20.076046], [-44.153081, -20.076049], [-44.15308, -20.076053], [-44.15308, -20.076056], [-44.153079, -20.07606], [-44.15308, -20.076063], [-44.15308, -20.076067], [-44.153081, -20.07607], [-44.153082, -20.076074], [-44.153189, -20.0763], [-44.153275, -20.076482], [-44.153354, -20.076647], [-44.153432, -20.076811], [-44.153511, -20.076976], [-44.153589, -20.077141], [-44.153667, -20.077306], [-44.153746, -20.077471], [-44.153824, -20.077636], [-44.153902, -20.077801], [-44.154339, -20.077615], [-44.154775, -20.07743], [-44.154696, -20.077265], [-44.154618, -20.077101]]]}}, {"type": "Feature", "properties": {"bairro": "Serra Dos Bandeirantes", "pasta": "15_SERRA_DOS_BANDEIRANTES", "tipo": "Quadra", "QUADRA": "08"}, "geometry": {"type": "Polygon", "coordinates": [[[-44.151993, -20.076234], [-44.152008, -20.076256], [-44.152023, -20.076278], [-44.152039, -20.0763], [-44.152054, -20.076322], [-44.152069, -20.076343], [-44.152084, -20.076365], [-44.152086, -20.076369], [-44.152088, -20.076372], [-44.15209, -20.076376], [-44.152091, -20.076379], [-44.152093, -20.076383], [-44.15296, -20.078203], [-44.153832, -20.077832], [-44.152958, -20.075988], [-44.152337, -20.07595], [-44.152048, -20.075932], [-44.152037, -20.075933], [-44.152026, -20.075934], [-44.152015, -20.075936], [-44.152005, -20.07594], [-44.151995, -20.075943], [-44.151985, -20.075948], [-44.151975, -20.075953], [-44.151966, -20.075958], [-44.151957, -20.075965], [-44.151948, -20.075972], [-44.151941, -20.075979], [-44.151933, -20.075987], [-44.151927, -20.075995], [-44.15192, -20.076004], [-44.151915, -20.076013], [-44.15191, -20.076022], [-44.151906, -20.076032], [-44.151903, -20.076042], [-44.1519, -20.076052], [-44.151899, -20.076063], [-44.151898, -20.076073], [-44.151897, -20.076083], [-44.151898, -20.076094], [-44.151899, -20.076104], [-44.151901, -20.076114], [-44.151904, -20.076125], [-44.151907, -20.076135], [-44.151911, -20.076144], [-44.151916, -20.076154], [-44.151922, -20.076163], [-44.151928, -20.076171], [-44.151935, -20.076179], [-44.151942, -20.076187], [-44.15195, -20.076194], [-44.151959, -20.076201], [-44.151968, -20.076207], [-44.151977, -20.076213], [-44.151993, -20.076234]]]}}, {"type": "Feature", "properties": {"bairro": "Serra Dos Bandeirantes", "pasta": "15_SERRA_DOS_BANDEIRANTES", "tipo": "Quadra", "QUADRA": "07"}, "geometry": {"type": "Polygon", "coordinates": [[[-44.152953, -20.078299], [-44.153031, -20.078464], [-44.15311, -20.078629], [-44.153188, -20.078794], [-44.153267, -20.078959], [-44.153345, -20.079123], [-44.153424, -20.079288], [-44.153502, -20.079453], [-44.153581, -20.079618], [-44.153659, -20.079782], [-44.153738, -20.079947], [-44.153816, -20.080112], [-44.153895, -20.080277], [-44.153973, -20.080442], [-44.154052, -20.080606], [-44.15413, -20.080771], [-44.154243, -20.081008], [-44.154247, -20.081011], [-44.154251, -20.081013], [-44.154255, -20.081015], [-44.154259, -20.081017], [-44.154263, -20.081019], [-44.154268, -20.081021], [-44.154273, -20.081022], [-44.154277, -20.081023], [-44.154282, -20.081023], [-44.154287, -20.081023], [-44.154292, -20.081023], [-44.154296, -20.081023], [-44.154301, -20.081022], [-44.154306, -20.081021], [-44.15431, -20.08102], [-44.154315, -20.081018], [-44.154319, -20.081016], [-44.154323, -20.081014], [-44.154327, -20.081012], [-44.154578, -20.08061], [-44.154875, -20.080133], [-44.154845, -20.080071], [-44.154767, -20.079906], [-44.154688, -20.079741], [-44.15461, -20.079576], [-44.154531, -20.079412], [-44.154453, -20.079247], [-44.154374, -20.079082], [-44.154296, -20.078917], [-44.154217, -20.078752], [-44.154139, -20.078588], [-44.15406, -20.078423], [-44.153982, -20.078258], [-44.153903, -20.078093], [-44.153825, -20.077929], [-44.153389, -20.078114], [-44.152953, -20.078299]]]}}, {"type": "Feature", "properties": {"bairro": "Serra Dos Bandeirantes", "pasta": "15_SERRA_DOS_BANDEIRANTES", "tipo": "Quadra", "QUADRA": "11"}, "geometry": {"type": "Polygon", "coordinates": [[[-44.153518, -20.079667], [-44.153513, -20.07966], [-44.153508, -20.079653], [-44.153502, -20.079647], [-44.153496, -20.07964], [-44.153489, -20.079635], [-44.153482, -20.07963], [-44.153475, -20.079625], [-44.153467, -20.079621], [-44.153459, -20.079617], [-44.153451, -20.079614], [-44.153442, -20.079611], [-44.153434, -20.079609], [-44.153425, -20.079607], [-44.153416, -20.079607], [-44.153407, -20.079606], [-44.153398, -20.079606], [-44.153389, -20.079607], [-44.15338, -20.079609], [-44.153372, -20.079611], [-44.153363, -20.079613], [-44.153355, -20.079616], [-44.153347, -20.07962], [-44.153339, -20.079624], [-44.153332, -20.079629], [-44.153324, -20.079634], [-44.153318, -20.07964], [-44.153312, -20.079646], [-44.153306, -20.079652], [-44.1533, -20.079659], [-44.153296, -20.079666], [-44.153291, -20.079674], [-44.153288, -20.079681], [-44.153285, -20.079689], [-44.153232, -20.079866], [-44.153223, -20.079896], [-44.153213, -20.079926], [-44.153201, -20.079955], [-44.153188, -20.079984], [-44.153173, -20.080012], [-44.153157, -20.080039], [-44.153139, -20.080066], [-44.153006, -20.080272], [-44.152874, -20.080478], [-44.152742, -20.080685], [-44.152609, -20.080891], [-44.152476, -20.081099], [-44.152342, -20.081307], [-44.152347, -20.081317], [-44.152352, -20.081328], [-44.152356, -20.081338], [-44.152359, -20.081349], [-44.152362, -20.08136], [-44.152363, -20.081372], [-44.152364, -20.081383], [-44.152364, -20.081394], [-44.152363, -20.081405], [-44.152361, -20.081417], [-44.152359, -20.081428], [-44.152597, -20.081564], [-44.152849, -20.081709], [-44.153102, -20.081854], [-44.153355, -20.081998], [-44.153607, -20.082143], [-44.153793, -20.081853], [-44.153927, -20.081646], [-44.15406, -20.081438], [-44.154205, -20.081212], [-44.154217, -20.081194], [-44.15402, -20.080764], [-44.153904, -20.080512], [-44.153902, -20.080509], [-44.153899, -20.080507], [-44.153897, -20.080504], [-44.153894, -20.080502], [-44.153891, -20.0805], [-44.153889, -20.080498], [-44.153885, -20.080496], [-44.153882, -20.080495], [-44.153879, -20.080493], [-44.153875, -20.080492], [-44.153872, -20.080491], [-44.153868, -20.08049], [-44.153865, -20.08049], [-44.153861, -20.08049], [-44.153858, -20.08049], [-44.153854, -20.08049], [-44.15385, -20.08049], [-44.153847, -20.080491], [-44.153843, -20.080492], [-44.15384, -20.080493], [-44.153837, -20.080494], [-44.153833, -20.080496], [-44.15383, -20.080497], [-44.153827, -20.080499], [-44.153824, -20.080501], [-44.153822, -20.080504], [-44.153819, -20.080506], [-44.153592, -20.080861], [-44.153459, -20.081067], [-44.153394, -20.081169], [-44.153399, -20.081176], [-44.153404, -20.081184], [-44.153408, -20.081192], [-44.153412, -20.0812], [-44.153415, -20.081208], [-44.153418, -20.081217], [-44.15342, -20.081225], [-44.153421, -20.081234], [-44.153422, -20.081243], [-44.153422, -20.081252], [-44.153422, -20.081261], [-44.153421, -20.08127], [-44.153419, -20.081278], [-44.153417, -20.081287], [-44.153414, -20.081295], [-44.153411, -20.081304], [-44.153407, -20.081312], [-44.153402, -20.081319], [-44.153397, -20.081327], [-44.153392, -20.081334], [-44.153386, -20.081341], [-44.153379, -20.081347], [-44.153372, -20.081353], [-44.153365, -20.081359], [-44.153357, -20.081364], [-44.153349, -20.081369], [-44.15334, -20.081373], [-44.153332, -20.081376], [-44.153323, -20.081379], [-44.153314, -20.081382], [-44.153305, -20.081384], [-44.153295, -20.081385], [-44.153286, -20.081386], [-44.153276, -20.081386], [-44.153267, -20.081385], [-44.153258, -20.081384], [-44.153248, -20.081383], [-44.153239, -20.08138], [-44.15323, -20.081378], [-44.153221, -20.081374], [-44.153213, -20.08137], [-44.153205, -20.081366], [-44.153197, -20.081361], [-44.153189, -20.081356], [-44.153182, -20.08135], [-44.153175, -20.081344], [-44.153169, -20.081337], [-44.153163, -20.08133], [-44.153158, -20.081323], [-44.153153, -20.081315], [-44.153149, -20.081307], [-44.153145, -20.081299], [-44.153142, -20.08129], [-44.15314, -20.081282], [-44.153138, -20.081273], [-44.153136, -20.081264], [-44.153136, -20.081255], [-44.153136, -20.081246], [-44.153136, -20.081238], [-44.153138, -20.081229], [-44.153139, -20.08122], [-44.153142, -20.081211], [-44.153145, -20.081203], [-44.153148, -20.081195], [-44.153153, -20.081187], [-44.153157, -20.081179], [-44.153162, -20.081171], [-44.153168, -20.081164], [-44.153174, -20.081158], [-44.153181, -20.081151], [-44.153188, -20.081145], [-44.153196, -20.08114], [-44.153203, -20.081135], [-44.153212, -20.08113], [-44.15322, -20.081127], [-44.153229, -20.081123], [-44.153238, -20.08112], [-44.153247, -20.081118], [-44.153256, -20.081116], [-44.153266, -20.081115], [-44.153275, -20.081115], [-44.153284, -20.081115], [-44.153294, -20.081115], [-44.153303, -20.081117], [-44.153368, -20.081015], [-44.153501, -20.080809], [-44.153633, -20.080602], [-44.153766, -20.080396], [-44.153815, -20.080319], [-44.153609, -20.079867], [-44.153609, -20.079867], [-44.153518, -20.079667]]]}}, {"type": "Feature", "properties": {"bairro": "Serra Dos Bandeirantes", "pasta": "15_SERRA_DOS_BANDEIRANTES", "tipo": "Quadra", "QUADRA": "03"}, "geometry": {"type": "MultiPolygon", "coordinates": [[[[-44.151918, -20.075365], [-44.151714, -20.075367], [-44.151558, -20.075312], [-44.151377, -20.075252], [-44.151199, -20.075186], [-44.151021, -20.075119], [-44.150843, -20.075053], [-44.150665, -20.074987], [-44.150487, -20.074921], [-44.150312, -20.075342], [-44.15049, -20.075408], [-44.150668, -20.075474], [-44.150846, -20.07554], [-44.151024, -20.075606], [-44.151202, -20.075672], [-44.151381, -20.075738], [-44.151415, -20.075749], [-44.151449, -20.075759], [-44.151484, -20.075769], [-44.151519, -20.075779], [-44.151553, -20.075789], [-44.151588, -20.075798], [-44.151623, -20.075807], [-44.151885, -20.075816], [-44.151918, -20.075365]]], [[[-44.15345, -20.07592], [-44.153259, -20.075908], [-44.153068, -20.075895], [-44.152877, -20.075882], [-44.152686, -20.07587], [-44.152496, -20.075857], [-44.152305, -20.075845], [-44.152114, -20.075832], [-44.151923, -20.07582], [-44.151956, -20.075369], [-44.152147, -20.075381], [-44.152338, -20.075394], [-44.152529, -20.075407], [-44.15272, -20.075419], [-44.15291, -20.075432], [-44.153101, -20.075444], [-44.153292, -20.075457], [-44.153483, -20.07547], [-44.153674, -20.075482], [-44.153864, -20.075495], [-44.153831, -20.075945], [-44.15364, -20.075933], [-44.15345, -20.07592]]]]}}, {"type": "Feature", "properties": {"bairro": "Serra Dos Bandeirantes", "pasta": "15_SERRA_DOS_BANDEIRANTES", "tipo": "Quadra", "QUADRA": "02"}, "geometry": {"type": "Polygon", "coordinates": [[[-44.154606, -20.075553], [-44.154543, -20.076001], [-44.155115, -20.076041], [-44.155201, -20.076038], [-44.155305, -20.076065], [-44.155322, -20.07607], [-44.155338, -20.076075], [-44.155354, -20.076082], [-44.15537, -20.07609], [-44.155385, -20.076098], [-44.1554, -20.076107], [-44.155414, -20.076118], [-44.155427, -20.076128], [-44.155439, -20.07614], [-44.155451, -20.076153], [-44.155462, -20.076166], [-44.155539, -20.076331], [-44.155977, -20.076149], [-44.155973, -20.076132], [-44.155972, -20.076115], [-44.155971, -20.076098], [-44.155972, -20.076081], [-44.155974, -20.076064], [-44.155977, -20.076047], [-44.155981, -20.076031], [-44.155987, -20.076015], [-44.155994, -20.075999], [-44.156002, -20.075984], [-44.156011, -20.075969], [-44.156021, -20.075955], [-44.156032, -20.075942], [-44.156044, -20.075929], [-44.156057, -20.075917], [-44.156071, -20.075907], [-44.156086, -20.075897], [-44.156101, -20.075888], [-44.156117, -20.07588], [-44.156123, -20.075607], [-44.156115, -20.075605], [-44.156107, -20.075602], [-44.156099, -20.075599], [-44.156091, -20.075595], [-44.156084, -20.075591], [-44.156077, -20.075586], [-44.15607, -20.075582], [-44.155743, -20.075623], [-44.155432, -20.075615], [-44.154606, -20.075553]]]}}, {"type": "Feature", "properties": {"bairro": "Serra Dos Bandeirantes", "pasta": "15_SERRA_DOS_BANDEIRANTES", "tipo": "Quadra", "QUADRA": "12"}, "geometry": {"type": "Polygon", "coordinates": [[[-44.150752, -20.08064], [-44.148141, -20.08477], [-44.148512, -20.085064], [-44.151163, -20.080872], [-44.150752, -20.08064]]]}}, {"type": "Feature", "properties": {"bairro": "Serra Dos Bandeirantes", "pasta": "15_SERRA_DOS_BANDEIRANTES", "tipo": "Quadra", "QUADRA": "10"}, "geometry": {"type": "MultiPolygon", "coordinates": [[[[-44.152944, -20.078673], [-44.152721, -20.078173], [-44.152646, -20.078007], [-44.152572, -20.07784], [-44.152497, -20.077674], [-44.152423, -20.077508], [-44.151982, -20.077683], [-44.152057, -20.07785], [-44.152131, -20.078016], [-44.152206, -20.078183], [-44.15228, -20.078349], [-44.152355, -20.078516], [-44.152429, -20.078682], [-44.152503, -20.078849], [-44.152573, -20.079012], [-44.152623, -20.079149], [-44.152623, -20.079149], [-44.15265, -20.079291], [-44.15265, -20.079291], [-44.152652, -20.079436], [-44.152653, -20.079436], [-44.152585, -20.079717], [-44.152517, -20.079854], [-44.151965, -20.080699], [-44.151281, -20.0803], [-44.15118, -20.080232], [-44.150811, -20.080555], [-44.152052, -20.081281], [-44.152064, -20.081272], [-44.152081, -20.081262], [-44.152098, -20.081253], [-44.152114, -20.081248], [-44.152129, -20.081244], [-44.152144, -20.081242], [-44.152158, -20.081241], [-44.152173, -20.08124], [-44.152824, -20.080245], [-44.152924, -20.080091], [-44.152971, -20.080012], [-44.153021, -20.079901], [-44.153099, -20.079665], [-44.153105, -20.079634], [-44.15311, -20.079604], [-44.153115, -20.079573], [-44.15312, -20.079543], [-44.153124, -20.079512], [-44.153128, -20.079481], [-44.153129, -20.07945], [-44.15313, -20.079419], [-44.15313, -20.079388], [-44.15313, -20.079357], [-44.15313, -20.079326], [-44.153129, -20.079295], [-44.153127, -20.079264], [-44.153123, -20.079234], [-44.153119, -20.079203], [-44.153114, -20.079172], [-44.153108, -20.079142], [-44.153103, -20.079111], [-44.153096, -20.079081], [-44.15309, -20.07905], [-44.153081, -20.079021], [-44.153071, -20.078991], [-44.153061, -20.078962], [-44.15305, -20.078932], [-44.153039, -20.078903], [-44.153028, -20.078874], [-44.153017, -20.078845], [-44.152944, -20.078673], [-44.152944, -20.078673]]], [[[-44.151749, -20.076189], [-44.151778, -20.076221], [-44.151807, -20.076253], [-44.151835, -20.076286], [-44.151855, -20.076313], [-44.151875, -20.076341], [-44.151894, -20.076368], [-44.151913, -20.076397], [-44.151931, -20.076425], [-44.151948, -20.076454], [-44.151965, -20.076484], [-44.152039, -20.07665], [-44.152114, -20.076817], [-44.152188, -20.076983], [-44.152263, -20.07715], [-44.152337, -20.077316], [-44.152412, -20.077483], [-44.151971, -20.077658], [-44.151897, -20.077492], [-44.151853, -20.077394], [-44.151471, -20.077546], [-44.151472, -20.077537], [-44.151473, -20.077527], [-44.151473, -20.077518], [-44.151473, -20.077508], [-44.151472, -20.077498], [-44.15147, -20.077489], [-44.151467, -20.07748], [-44.151464, -20.077471], [-44.15146, -20.077462], [-44.151455, -20.077453], [-44.15145, -20.077445], [-44.151444, -20.077437], [-44.151437, -20.07743], [-44.15143, -20.077423], [-44.151423, -20.077416], [-44.151415, -20.07741], [-44.151406, -20.077405], [-44.151398, -20.0774], [-44.151389, -20.077396], [-44.151379, -20.077392], [-44.151369, -20.077389], [-44.15136, -20.077387], [-44.15135, -20.077385], [-44.151339, -20.077384], [-44.151329, -20.077384], [-44.151307, -20.077335], [-44.151233, -20.077168], [-44.151158, -20.077002], [-44.151084, -20.076835], [-44.15101, -20.076669], [-44.150935, -20.076503], [-44.150846, -20.076303], [-44.150726, -20.076037], [-44.150655, -20.075879], [-44.15065, -20.075871], [-44.150647, -20.075864], [-44.150643, -20.075856], [-44.150641, -20.075848], [-44.150638, -20.07584], [-44.150637, -20.075832], [-44.150636, -20.075823], [-44.150635, -20.075815], [-44.150636, -20.075806], [-44.150636, -20.075798], [-44.150638, -20.07579], [-44.15064, -20.075782], [-44.150642, -20.075773], [-44.150645, -20.075766], [-44.150649, -20.075758], [-44.150653, -20.075751], [-44.150658, -20.075743], [-44.150663, -20.075737], [-44.150669, -20.07573], [-44.150675, -20.075724], [-44.150681, -20.075718], [-44.150688, -20.075713], [-44.150696, -20.075708], [-44.150703, -20.075704], [-44.150711, -20.0757], [-44.150719, -20.075697], [-44.150728, -20.075694], [-44.150736, -20.075692], [-44.150745, -20.07569], [-44.150754, -20.075689], [-44.150763, -20.075688], [-44.150772, -20.075688], [-44.15078, -20.075689], [-44.150789, -20.07569], [-44.150798, -20.075692], [-44.150807, -20.075694], [-44.150815, -20.075697], [-44.150823, -20.0757], [-44.150831, -20.075704], [-44.151004, -20.075756], [-44.151053, -20.07577], [-44.151101, -20.075785], [-44.151148, -20.075802], [-44.151195, -20.07582], [-44.151242, -20.075839], [-44.151287, -20.075859], [-44.151333, -20.075881], [-44.151375, -20.075906], [-44.151418, -20.075932], [-44.15146, -20.075958], [-44.151502, -20.075985], [-44.151543, -20.076013], [-44.151584, -20.076041], [-44.151625, -20.076069], [-44.151657, -20.076098], [-44.151688, -20.076128], [-44.151719, -20.076158], [-44.151749, -20.076189]]]]}}, {"type": "Feature", "properties": {"bairro": "Serra Dos Bandeirantes", "pasta": "15_SERRA_DOS_BANDEIRANTES", "tipo": "Quadra", "QUADRA": "01"}, "geometry": {"type": "MultiPolygon", "coordinates": [[[[-44.155685, -20.079066], [-44.155669, -20.079098], [-44.154994, -20.080191], [-44.154365, -20.081175], [-44.153679, -20.082261], [-44.153646, -20.082289], [-44.153596, -20.08238], [-44.153577, -20.082462], [-44.153576, -20.08254], [-44.153585, -20.082581], [-44.153696, -20.085682], [-44.153692, -20.08576], [-44.153671, -20.085862], [-44.153641, -20.085934], [-44.153588, -20.086025], [-44.153531, -20.086096], [-44.153459, -20.086161], [-44.153369, -20.08622], [-44.153295, -20.086253], [-44.153509, -20.086657], [-44.15362, -20.086602], [-44.153723, -20.086538], [-44.153853, -20.086427], [-44.15397, -20.086302], [-44.154054, -20.086159], [-44.154127, -20.086007], [-44.154143, -20.08596], [-44.154165, -20.085864], [-44.154176, -20.085765], [-44.154174, -20.085667], [-44.154063, -20.082565], [-44.154062, -20.082517], [-44.154089, -20.082493], [-44.154776, -20.081406], [-44.154806, -20.081379], [-44.155407, -20.080419], [-44.156082, -20.079326], [-44.15608, -20.079284], [-44.156202, -20.079146], [-44.156247, -20.078975], [-44.156485, -20.077547], [-44.156013, -20.077477], [-44.155775, -20.078905], [-44.155714, -20.079022], [-44.1557, -20.079044], [-44.155685, -20.079066]]], [[[-44.156585, -20.076521], [-44.156559, -20.07654], [-44.156532, -20.076557], [-44.156504, -20.076572], [-44.156474, -20.076585], [-44.156444, -20.076597], [-44.156413, -20.076607], [-44.156382, -20.076615], [-44.15635, -20.076621], [-44.156318, -20.076625], [-44.156285, -20.076627], [-44.156252, -20.076627], [-44.15622, -20.076625], [-44.156268, -20.076728], [-44.156345, -20.076894], [-44.156422, -20.077059], [-44.15653, -20.077295], [-44.156497, -20.077484], [-44.156022, -20.077418], [-44.156025, -20.077402], [-44.156026, -20.077385], [-44.156027, -20.077368], [-44.156026, -20.077351], [-44.156023, -20.077335], [-44.15602, -20.077318], [-44.156015, -20.077302], [-44.156009, -20.077286], [-44.156002, -20.077271], [-44.155994, -20.077256], [-44.155985, -20.077241], [-44.155908, -20.077076], [-44.155831, -20.07691], [-44.155754, -20.076745], [-44.155676, -20.07658], [-44.155599, -20.076414], [-44.156037, -20.076232], [-44.156047, -20.076245], [-44.156058, -20.076257], [-44.156069, -20.076269], [-44.156082, -20.076279], [-44.156095, -20.076289], [-44.156108, -20.076298], [-44.156123, -20.076306], [-44.156138, -20.076314], [-44.156153, -20.07632], [-44.156169, -20.076325], [-44.156185, -20.076329], [-44.156201, -20.076333], [-44.156218, -20.076335], [-44.156235, -20.076336], [-44.156251, -20.076336], [-44.156268, -20.076335], [-44.156285, -20.076334], [-44.156301, -20.076331], [-44.156317, -20.076327], [-44.156333, -20.076322], [-44.156349, -20.076315], [-44.156364, -20.076309], [-44.156378, -20.076301], [-44.156392, -20.076292], [-44.156406, -20.076282], [-44.156418, -20.076272], [-44.15643, -20.07626], [-44.156442, -20.076247], [-44.156453, -20.076233], [-44.156463, -20.076219], [-44.156471, -20.076203], [-44.156479, -20.076187], [-44.156485, -20.076171], [-44.156491, -20.076154], [-44.156494, -20.076137], [-44.156497, -20.07612], [-44.156498, -20.076103], [-44.156498, -20.076086], [-44.156497, -20.076068], [-44.156494, -20.076051], [-44.15649, -20.076035], [-44.156485, -20.076018], [-44.156479, -20.076002], [-44.156471, -20.075986], [-44.156463, -20.075971], [-44.156453, -20.075957], [-44.156442, -20.075943], [-44.15643, -20.07593], [-44.156417, -20.075918], [-44.156404, -20.075907], [-44.15639, -20.075897], [-44.156375, -20.075887], [-44.15636, -20.075879], [-44.156344, -20.075872], [-44.156327, -20.075865], [-44.15631, -20.07586], [-44.156293, -20.075856], [-44.156275, -20.075853], [-44.156258, -20.075852], [-44.15624, -20.075851], [-44.156243, -20.075589], [-44.156249, -20.075585], [-44.156256, -20.075581], [-44.156262, -20.075577], [-44.156268, -20.075573], [-44.156274, -20.075568], [-44.15628, -20.075563], [-44.156285, -20.075558], [-44.15632, -20.075561], [-44.156355, -20.075567], [-44.15639, -20.075575], [-44.156424, -20.075585], [-44.156457, -20.075597], [-44.156489, -20.075611], [-44.15652, -20.075627], [-44.15655, -20.075645], [-44.156578, -20.075665], [-44.156605, -20.075686], [-44.156631, -20.07571], [-44.156658, -20.075737], [-44.156683, -20.075766], [-44.156706, -20.075797], [-44.156727, -20.075828], [-44.156746, -20.075862], [-44.156763, -20.075896], [-44.156777, -20.075931], [-44.156789, -20.075966], [-44.156799, -20.076003], [-44.156806, -20.07604], [-44.156811, -20.076077], [-44.156806, -20.076123], [-44.156798, -20.076168], [-44.156786, -20.076213], [-44.156772, -20.076256], [-44.156754, -20.076299], [-44.156733, -20.076341], [-44.15671, -20.076381], [-44.156684, -20.076419], [-44.156654, -20.076456], [-44.156633, -20.076479], [-44.15661, -20.076501], [-44.156585, -20.076521]]]]}}, {"type": "Feature", "properties": {"bairro": "Serra Dos Bandeirantes", "pasta": "15_SERRA_DOS_BANDEIRANTES", "tipo": "Quadra", "QUADRA": "18"}, "geometry": {"type": "Polygon", "coordinates": [[[-44.152289, -20.086532], [-44.151142, -20.086578], [-44.151162, -20.087029], [-44.152309, -20.086983], [-44.152289, -20.086532]]]}}, {"type": "Feature", "properties": {"bairro": "Serra Dos Bandeirantes", "pasta": "15_SERRA_DOS_BANDEIRANTES", "tipo": "Quadra", "QUADRA": "18"}, "geometry": {"type": "Polygon", "coordinates": [[[-44.151104, -20.08658], [-44.149056, -20.086663], [-44.148842, -20.086645], [-44.148951, -20.086855], [-44.148968, -20.087118], [-44.151124, -20.087031], [-44.151104, -20.08658]]]}}, {"type": "Feature", "properties": {"bairro": "Serra Dos Bandeirantes", "pasta": "15_SERRA_DOS_BANDEIRANTES", "tipo": "Quadra", "QUADRA": "09"}, "geometry": {"type": "Polygon", "coordinates": [[[-44.15121, -20.077603], [-44.151205, -20.077596], [-44.1512, -20.077588], [-44.151196, -20.07758], [-44.151193, -20.077571], [-44.15119, -20.077563], [-44.151187, -20.077554], [-44.151185, -20.077545], [-44.151184, -20.077536], [-44.151184, -20.077527], [-44.151184, -20.077518], [-44.151185, -20.077509], [-44.151187, -20.0775], [-44.151189, -20.077491], [-44.151191, -20.077482], [-44.151195, -20.077473], [-44.151199, -20.077465], [-44.151203, -20.077457], [-44.151208, -20.077449], [-44.151214, -20.077442], [-44.15122, -20.077435], [-44.151227, -20.077429], [-44.151121, -20.077204], [-44.151043, -20.077039], [-44.150965, -20.076874], [-44.150887, -20.076709], [-44.15045, -20.076893], [-44.150276, -20.076966], [-44.150101, -20.07704], [-44.149926, -20.077114], [-44.149926, -20.077123], [-44.149926, -20.077132], [-44.149925, -20.077142], [-44.149923, -20.077151], [-44.14992, -20.07716], [-44.149917, -20.077169], [-44.149913, -20.077178], [-44.149908, -20.077186], [-44.149903, -20.077194], [-44.149897, -20.077202], [-44.149891, -20.077209], [-44.149884, -20.077216], [-44.149877, -20.077222], [-44.149869, -20.077228], [-44.149861, -20.077234], [-44.149852, -20.077238], [-44.149843, -20.077243], [-44.149834, -20.077246], [-44.149825, -20.077249], [-44.149815, -20.077252], [-44.149805, -20.077253], [-44.149795, -20.077255], [-44.149785, -20.077255], [-44.149775, -20.077255], [-44.149765, -20.077254], [-44.149755, -20.077252], [-44.149745, -20.07725], [-44.149735, -20.077247], [-44.149726, -20.077244], [-44.149717, -20.07724], [-44.149708, -20.077235], [-44.149699, -20.07723], [-44.149691, -20.077224], [-44.149684, -20.077218], [-44.149677, -20.077211], [-44.14967, -20.077204], [-44.149664, -20.077196], [-44.149658, -20.077188], [-44.149475, -20.077262], [-44.149625, -20.077593], [-44.149817, -20.077654], [-44.150121, -20.077526], [-44.150296, -20.077453], [-44.150471, -20.077379], [-44.150645, -20.077305], [-44.150684, -20.077388], [-44.151188, -20.077667], [-44.151252, -20.07764], [-44.151244, -20.077635], [-44.151236, -20.07763], [-44.151229, -20.077624], [-44.151222, -20.077617], [-44.151216, -20.077611], [-44.15121, -20.077603]]]}}, {"type": "Feature", "properties": {"bairro": "Serra Dos Bandeirantes", "pasta": "15_SERRA_DOS_BANDEIRANTES", "tipo": "Quadra", "QUADRA": "09"}, "geometry": {"type": "Polygon", "coordinates": [[[-44.15121, -20.077603], [-44.151205, -20.077596], [-44.1512, -20.077588], [-44.151196, -20.07758], [-44.151193, -20.077571], [-44.15119, -20.077563], [-44.151187, -20.077554], [-44.151185, -20.077545], [-44.151184, -20.077536], [-44.151184, -20.077527], [-44.151184, -20.077518], [-44.151185, -20.077509], [-44.151187, -20.0775], [-44.151189, -20.077491], [-44.151191, -20.077482], [-44.151195, -20.077473], [-44.151199, -20.077465], [-44.151203, -20.077457], [-44.151208, -20.077449], [-44.151214, -20.077442], [-44.15122, -20.077435], [-44.151227, -20.077429], [-44.151121, -20.077204], [-44.151043, -20.077039], [-44.150965, -20.076874], [-44.150887, -20.076709], [-44.15045, -20.076893], [-44.150276, -20.076966], [-44.150101, -20.07704], [-44.149926, -20.077114], [-44.149926, -20.077123], [-44.149926, -20.077132], [-44.149925, -20.077142], [-44.149923, -20.077151], [-44.14992, -20.07716], [-44.149917, -20.077169], [-44.149913, -20.077178], [-44.149908, -20.077186], [-44.149903, -20.077194], [-44.149897, -20.077202], [-44.149891, -20.077209], [-44.149884, -20.077216], [-44.149877, -20.077222], [-44.149869, -20.077228], [-44.149861, -20.077234], [-44.149852, -20.077238], [-44.149843, -20.077243], [-44.149834, -20.077246], [-44.149825, -20.077249], [-44.149815, -20.077252], [-44.149805, -20.077253], [-44.149795, -20.077255], [-44.149785, -20.077255], [-44.149775, -20.077255], [-44.149765, -20.077254], [-44.149755, -20.077252], [-44.149745, -20.07725], [-44.149735, -20.077247], [-44.149726, -20.077244], [-44.149717, -20.07724], [-44.149708, -20.077235], [-44.149699, -20.07723], [-44.149691, -20.077224], [-44.149684, -20.077218], [-44.149677, -20.077211], [-44.14967, -20.077204], [-44.149664, -20.077196], [-44.149658, -20.077188], [-44.149475, -20.077262], [-44.149625, -20.077593], [-44.149817, -20.077654], [-44.150121, -20.077526], [-44.150296, -20.077453], [-44.150471, -20.077379], [-44.150645, -20.077305], [-44.150684, -20.077388], [-44.151188, -20.077667], [-44.151252, -20.07764], [-44.151244, -20.077635], [-44.151236, -20.07763], [-44.151229, -20.077624], [-44.151222, -20.077617], [-44.151216, -20.077611], [-44.15121, -20.077603]]]}}, {"type": "Feature", "properties": {"bairro": "Serra Dos Bandeirantes", "pasta": "15_SERRA_DOS_BANDEIRANTES", "tipo": "Quadra", "QUADRA": "09"}, "geometry": {"type": "MultiPolygon", "coordinates": [[[[-44.150174, -20.076307], [-44.150252, -20.076472], [-44.15033, -20.076637], [-44.150408, -20.076802], [-44.150844, -20.076618], [-44.150766, -20.076453], [-44.150689, -20.076288], [-44.150611, -20.076123], [-44.150533, -20.075958], [-44.150455, -20.075793], [-44.150377, -20.075627], [-44.150369, -20.075619], [-44.150356, -20.075608], [-44.150347, -20.075601], [-44.150334, -20.075594], [-44.150331, -20.075592], [-44.150328, -20.07559], [-44.150324, -20.075588], [-44.150321, -20.075586], [-44.150318, -20.075585], [-44.150314, -20.075583], [-44.150311, -20.075581], [-44.150208, -20.07552], [-44.150018, -20.075977], [-44.150096, -20.076142], [-44.150174, -20.076307]]], [[[-44.149981, -20.076786], [-44.149864, -20.076537], [-44.150038, -20.076463], [-44.150213, -20.076389], [-44.150408, -20.076802], [-44.150233, -20.076876], [-44.150058, -20.076949], [-44.150058, -20.076949], [-44.149884, -20.077023], [-44.149876, -20.077016], [-44.149868, -20.077011], [-44.14986, -20.077005], [-44.149852, -20.077001], [-44.149843, -20.076996], [-44.149833, -20.076993], [-44.149824, -20.07699], [-44.149814, -20.076987], [-44.149805, -20.076986], [-44.149795, -20.076984], [-44.149785, -20.076984], [-44.149775, -20.076984], [-44.149765, -20.076985], [-44.149755, -20.076987], [-44.149745, -20.076989], [-44.149736, -20.076992], [-44.149726, -20.076995], [-44.149717, -20.076999], [-44.149709, -20.077004], [-44.1497, -20.077009], [-44.149692, -20.077014], [-44.149686, -20.07702], [-44.149679, -20.077026], [-44.149673, -20.077033], [-44.149667, -20.077039], [-44.149662, -20.077047], [-44.149657, -20.077054], [-44.149653, -20.077062], [-44.149649, -20.07707], [-44.149646, -20.077078], [-44.149644, -20.077086], [-44.149642, -20.077095], [-44.14964, -20.077103], [-44.14964, -20.077112], [-44.149639, -20.07712], [-44.14964, -20.077129], [-44.149641, -20.077138], [-44.149642, -20.077146], [-44.149644, -20.077155], [-44.149647, -20.077163], [-44.149463, -20.077237], [-44.14926, -20.076789], [-44.149386, -20.076738], [-44.149689, -20.07661], [-44.149864, -20.076537], [-44.149981, -20.076786]]]]}}, {"type": "Feature", "properties": {"bairro": "Sao Rafael", "pasta": "16_SAO_RAFAEL", "tipo": "Quadra", "id": null, "QUADRA": "01"}, "geometry": {"type": "Polygon", "coordinates": [[[-44.16217, -20.06069], [-44.162259, -20.060747], [-44.162503, -20.060905], [-44.162479, -20.06067], [-44.162398, -20.060586], [-44.162322, -20.060515], [-44.162178, -20.060378], [-44.161991, -20.060213], [-44.161925, -20.060143], [-44.161855, -20.060081], [-44.161784, -20.060019], [-44.161713, -20.059957], [-44.161642, -20.059894], [-44.161571, -20.059832], [-44.161419, -20.059723], [-44.161181, -20.060051], [-44.161339, -20.060153], [-44.161418, -20.060204], [-44.161497, -20.060255], [-44.161576, -20.060306], [-44.161655, -20.060357], [-44.161734, -20.060408], [-44.161813, -20.060459], [-44.162022, -20.060594], [-44.16217, -20.06069]]]}}, {"type": "Feature", "properties": {"bairro": "Sao Rafael", "pasta": "16_SAO_RAFAEL", "tipo": "Quadra", "id": null, "QUADRA": "02"}, "geometry": {"type": "Polygon", "coordinates": [[[-44.162302, -20.059678], [-44.16222, -20.059601], [-44.162136, -20.059526], [-44.162049, -20.059455], [-44.161957, -20.059391], [-44.161867, -20.059323], [-44.161777, -20.059256], [-44.161619, -20.05946], [-44.16145, -20.059679], [-44.161542, -20.059743], [-44.161629, -20.059814], [-44.161719, -20.059882], [-44.161806, -20.059953], [-44.16189, -20.060028], [-44.161977, -20.060099], [-44.162064, -20.06017], [-44.162217, -20.060313], [-44.162518, -20.060595], [-44.162553, -20.060582], [-44.162535, -20.060192], [-44.162456, -20.059906], [-44.162374, -20.059768], [-44.162302, -20.059678]]]}}, {"type": "Feature", "properties": {"bairro": "Bela Vista", "pasta": "18_BELA VISTA", "tipo": "Quadra", "QUADRA": "12"}, "geometry": {"type": "Polygon", "coordinates": [[[-44.154936, -20.070203], [-44.154697, -20.070195], [-44.154371, -20.070198], [-44.153921, -20.070203], [-44.153872, -20.070619], [-44.154393, -20.070637], [-44.154919, -20.070654], [-44.154936, -20.070203]]]}}, {"type": "Feature", "properties": {"bairro": "Bela Vista", "pasta": "18_BELA VISTA", "tipo": "Quadra", "QUADRA": "13"}, "geometry": {"type": "Polygon", "coordinates": [[[-44.15492, -20.070756], [-44.153869, -20.070724], [-44.153853, -20.071175], [-44.154904, -20.071208], [-44.15492, -20.070756]]]}}, {"type": "Feature", "properties": {"bairro": "Bela Vista", "pasta": "18_BELA VISTA", "tipo": "Quadra", "QUADRA": "14"}, "geometry": {"type": "Polygon", "coordinates": [[[-44.154899, -20.071316], [-44.153848, -20.071276], [-44.153831, -20.071733], [-44.154882, -20.071768], [-44.154899, -20.071316]]]}}, {"type": "Feature", "properties": {"bairro": "Bela Vista", "pasta": "18_BELA VISTA", "tipo": "Quadra", "QUADRA": "11"}, "geometry": {"type": "Polygon", "coordinates": [[[-44.155537, -20.070225], [-44.15506, -20.070208], [-44.154995, -20.071808], [-44.155234, -20.071818], [-44.155242, -20.071778], [-44.155262, -20.071737], [-44.155297, -20.071693], [-44.155317, -20.071671], [-44.15535, -20.071645], [-44.155386, -20.071624], [-44.155415, -20.071611], [-44.155445, -20.071602], [-44.155481, -20.071594], [-44.155537, -20.070225]]]}}, {"type": "Feature", "properties": {"bairro": "Bela Vista", "pasta": "18_BELA VISTA", "tipo": "Quadra", "QUADRA": "09"}, "geometry": {"type": "Polygon", "coordinates": [[[-44.15738, -20.071398], [-44.156202, -20.071359], [-44.156186, -20.07181], [-44.157355, -20.071849], [-44.15738, -20.071398]]]}}, {"type": "Feature", "properties": {"bairro": "Bela Vista", "pasta": "18_BELA VISTA", "tipo": "Quadra", "QUADRA": "08"}, "geometry": {"type": "Polygon", "coordinates": [[[-44.157376, -20.071281], [-44.157391, -20.070829], [-44.156215, -20.070793], [-44.1562, -20.071244], [-44.157376, -20.071281]]]}}, {"type": "Feature", "properties": {"bairro": "Bela Vista", "pasta": "18_BELA VISTA", "tipo": "Quadra", "QUADRA": "07"}, "geometry": {"type": "Polygon", "coordinates": [[[-44.157551, -20.070282], [-44.156241, -20.070238], [-44.156225, -20.07069], [-44.157515, -20.070733], [-44.157551, -20.070282]]]}}, {"type": "Feature", "properties": {"bairro": "Bela Vista", "pasta": "18_BELA VISTA", "tipo": "Quadra", "QUADRA": "10"}, "geometry": {"type": "Polygon", "coordinates": [[[-44.156127, -20.070237], [-44.155644, -20.070221], [-44.155593, -20.071594], [-44.155647, -20.071611], [-44.155697, -20.071637], [-44.155724, -20.071656], [-44.155748, -20.071678], [-44.155774, -20.071707], [-44.155789, -20.071733], [-44.155799, -20.071751], [-44.155808, -20.071769], [-44.155819, -20.071798], [-44.155827, -20.071832], [-44.156067, -20.07184], [-44.156127, -20.070237]]]}}, {"type": "Feature", "properties": {"bairro": "Bela Vista", "pasta": "18_BELA VISTA", "tipo": "Quadra", "QUADRA": "06"}, "geometry": {"type": "Polygon", "coordinates": [[[-44.157443, -20.070181], [-44.157454, -20.069896], [-44.155667, -20.06957], [-44.155646, -20.070121], [-44.157443, -20.070181]]]}}, {"type": "Feature", "properties": {"bairro": "Bela Vista", "pasta": "18_BELA VISTA", "tipo": "Quadra", "QUADRA": "05"}, "geometry": {"type": "Polygon", "coordinates": [[[-44.157577, -20.069806], [-44.157587, -20.069578], [-44.155678, -20.069242], [-44.155673, -20.069471], [-44.157577, -20.069806]]]}}, {"type": "Feature", "properties": {"bairro": "Bela Vista", "pasta": "18_BELA VISTA", "tipo": "Quadra", "QUADRA": "04"}, "geometry": {"type": "Polygon", "coordinates": [[[-44.155564, -20.069316], [-44.155084, -20.069241], [-44.155051, -20.070099], [-44.155534, -20.070115], [-44.155564, -20.069316]]]}}, {"type": "Feature", "properties": {"bairro": "Bela Vista", "pasta": "18_BELA VISTA", "tipo": "Quadra", "QUADRA": "03"}, "geometry": {"type": "Polygon", "coordinates": [[[-44.154975, -20.069223], [-44.15463, -20.06916], [-44.154525, -20.070089], [-44.154656, -20.070081], [-44.154942, -20.07009], [-44.154975, -20.069223]]]}}, {"type": "Feature", "properties": {"bairro": "Bela Vista", "pasta": "18_BELA VISTA", "tipo": "Quadra", "QUADRA": "02"}, "geometry": {"type": "Polygon", "coordinates": [[[-44.154508, -20.069153], [-44.154034, -20.069081], [-44.153938, -20.07009], [-44.154418, -20.070084], [-44.154508, -20.069153]]]}}, {"type": "Feature", "properties": {"bairro": "Bela Vista", "pasta": "18_BELA VISTA", "tipo": "Quadra", "QUADRA": "01"}, "geometry": {"type": "Polygon", "coordinates": [[[-44.153915, -20.069029], [-44.153443, -20.068946], [-44.153375, -20.069613], [-44.153358, -20.069702], [-44.153334, -20.069791], [-44.153299, -20.069889], [-44.153211, -20.07006], [-44.153209, -20.070074], [-44.153214, -20.070086], [-44.153225, -20.070096], [-44.15324, -20.0701], [-44.153811, -20.070087], [-44.153915, -20.069029]]]}}, {"type": "Feature", "properties": {"bairro": "Bela Vista", "pasta": "18_BELA VISTA", "tipo": "Quadra", "QUADRA": "17"}, "geometry": {"type": "Polygon", "coordinates": [[[-44.157333, -20.071959], [-44.155815, -20.071909], [-44.155788, -20.071966], [-44.155764, -20.072002], [-44.15573, -20.07204], [-44.155685, -20.072074], [-44.155621, -20.072103], [-44.155564, -20.072117], [-44.155555, -20.072352], [-44.157307, -20.072411], [-44.157333, -20.071959]]]}}, {"type": "Feature", "properties": {"bairro": "Bela Vista", "pasta": "18_BELA VISTA", "tipo": "Quadra", "QUADRA": "15"}, "geometry": {"type": "Polygon", "coordinates": [[[-44.153883, -20.071842], [-44.154172, -20.0723], [-44.155454, -20.072351], [-44.155462, -20.072114], [-44.155412, -20.072101], [-44.155362, -20.072064], [-44.155324, -20.072036], [-44.155291, -20.072003], [-44.155244, -20.071937], [-44.155235, -20.071886], [-44.153883, -20.071842]]]}}, {"type": "Feature", "properties": {"bairro": "Bela Vista", "pasta": "18_BELA VISTA", "tipo": "Quadra", "QUADRA": "16"}, "geometry": {"type": "Polygon", "coordinates": [[[-44.15546, -20.072456], [-44.154214, -20.072414], [-44.15431, -20.07287], [-44.155443, -20.072907], [-44.15546, -20.072456]]]}}, {"type": "Feature", "properties": {"bairro": "Bela Vista", "pasta": "18_BELA VISTA", "tipo": "Quadra", "QUADRA": "18"}, "geometry": {"type": "Polygon", "coordinates": [[[-44.157288, -20.072517], [-44.155554, -20.072458], [-44.155535, -20.072909], [-44.157275, -20.072971], [-44.157288, -20.072517]]]}}, {"type": "Feature", "properties": {"bairro": "Bela Vista", "pasta": "18_BELA VISTA", "tipo": "Quadra", "QUADRA": "22"}, "geometry": {"type": "Polygon", "coordinates": [[[-44.155428, -20.073016], [-44.15495, -20.073], [-44.154915, -20.073939], [-44.155401, -20.073738], [-44.155428, -20.073016]]]}}, {"type": "Feature", "properties": {"bairro": "Bela Vista", "pasta": "18_BELA VISTA", "tipo": "Quadra", "QUADRA": "20"}, "geometry": {"type": "Polygon", "coordinates": [[[-44.157379, -20.073046], [-44.155514, -20.073796], [-44.155505, -20.074018], [-44.157371, -20.073253], [-44.157379, -20.073046]]]}}, {"type": "Feature", "properties": {"bairro": "Bela Vista", "pasta": "18_BELA VISTA", "tipo": "Quadra", "QUADRA": "19"}, "geometry": {"type": "Polygon", "coordinates": [[[-44.157054, -20.07307], [-44.155543, -20.07302], [-44.155518, -20.07368], [-44.156258, -20.073372], [-44.157054, -20.07307]]]}}, {"type": "Feature", "properties": {"bairro": "Bela Vista", "pasta": "18_BELA VISTA", "tipo": "Quadra", "QUADRA": "21"}, "geometry": {"type": "Polygon", "coordinates": [[[-44.154842, -20.07299], [-44.154315, -20.072967], [-44.154356, -20.073151], [-44.154376, -20.073265], [-44.154413, -20.073409], [-44.154426, -20.073483], [-44.154441, -20.073574], [-44.154423, -20.073686], [-44.154417, -20.073712], [-44.154363, -20.073827], [-44.154349, -20.073858], [-44.154347, -20.073887], [-44.154364, -20.07391], [-44.15456, -20.073977], [-44.15461, -20.073998], [-44.154648, -20.074007], [-44.154708, -20.074009], [-44.154754, -20.074001], [-44.154798, -20.073985], [-44.154842, -20.07299]]]}}, {"type": "Feature", "properties": {"bairro": "Bela Vista", "pasta": "18_BELA VISTA", "tipo": "Quadra", "QUADRA": "23"}, "geometry": {"type": "Polygon", "coordinates": [[[-44.155397, -20.073837], [-44.154907, -20.07404], [-44.154876, -20.074056], [-44.154778, -20.074091], [-44.154692, -20.074104], [-44.154597, -20.074101], [-44.154503, -20.074079], [-44.154396, -20.074028], [-44.154284, -20.073967], [-44.154269, -20.073952], [-44.154255, -20.073934], [-44.15424, -20.073905], [-44.154231, -20.073858], [-44.154239, -20.073806], [-44.154257, -20.073763], [-44.154017, -20.074139], [-44.154143, -20.074182], [-44.154285, -20.074222], [-44.154402, -20.07427], [-44.154688, -20.074324], [-44.154805, -20.074297], [-44.154928, -20.074236], [-44.155389, -20.074041], [-44.155397, -20.073837]]]}}, {"type": "Feature", "properties": {"bairro": "Chacaras Bom Jardim", "pasta": "19_CHACARAS_BOM_JARDIM", "tipo": "Quadra", "QUADRA": "01"}, "geometry": {"type": "Polygon", "coordinates": [[[-44.154431, -20.08621], [-44.155007, -20.086955], [-44.158376, -20.085097], [-44.158474, -20.085071], [-44.158683, -20.085088], [-44.158916, -20.085165], [-44.160976, -20.086385], [-44.161068, -20.086248], [-44.161486, -20.085621], [-44.158729, -20.083942], [-44.154431, -20.08621]]]}}, {"type": "Feature", "properties": {"bairro": "Chacaras Bom Jardim", "pasta": "19_CHACARAS_BOM_JARDIM", "tipo": "Quadra", "QUADRA": "02"}, "geometry": {"type": "Polygon", "coordinates": [[[-44.155119, -20.087127], [-44.155859, -20.088166], [-44.155903, -20.08821], [-44.155952, -20.088253], [-44.156006, -20.088289], [-44.156065, -20.088318], [-44.156096, -20.08833], [-44.15616, -20.088347], [-44.156226, -20.088357], [-44.156259, -20.088358], [-44.156325, -20.088355], [-44.156391, -20.088343], [-44.156454, -20.088324], [-44.156514, -20.088297], [-44.159446, -20.086733], [-44.160229, -20.086316], [-44.160234, -20.08631], [-44.160245, -20.086298], [-44.160249, -20.086291], [-44.160257, -20.086277], [-44.160262, -20.086262], [-44.160265, -20.086247], [-44.160266, -20.086239], [-44.160266, -20.086223], [-44.160263, -20.086208], [-44.160259, -20.086193], [-44.159762, -20.085921], [-44.158985, -20.085404], [-44.158918, -20.085366], [-44.158849, -20.085332], [-44.158704, -20.085277], [-44.158573, -20.085243], [-44.158552, -20.085238], [-44.158538, -20.085238], [-44.158509, -20.08524], [-44.158494, -20.085242], [-44.158466, -20.085249], [-44.158438, -20.085258], [-44.158425, -20.085264], [-44.155153, -20.087013], [-44.155149, -20.087015], [-44.155139, -20.08702], [-44.15513, -20.087026], [-44.155122, -20.087034], [-44.155116, -20.087043], [-44.155111, -20.087052], [-44.155107, -20.087062], [-44.155105, -20.087072], [-44.155104, -20.087083], [-44.155104, -20.087088], [-44.155106, -20.087098], [-44.155107, -20.087103], [-44.155111, -20.087113], [-44.155119, -20.087127]]]}}, {"type": "Feature", "properties": {"bairro": "Chacaras Bom Jardim", "pasta": "19_CHACARAS_BOM_JARDIM", "tipo": "Quadra", "QUADRA": "03"}, "geometry": {"type": "Polygon", "coordinates": [[[-44.155786, -20.088384], [-44.1568, -20.089743], [-44.160197, -20.087676], [-44.160573, -20.087369], [-44.161152, -20.086897], [-44.160474, -20.086404], [-44.160465, -20.086399], [-44.160456, -20.086394], [-44.16045, -20.086391], [-44.160436, -20.086387], [-44.160426, -20.086385], [-44.160416, -20.086384], [-44.160408, -20.086384], [-44.160401, -20.086385], [-44.160394, -20.086386], [-44.160388, -20.086387], [-44.159283, -20.086982], [-44.157837, -20.087761], [-44.15679, -20.088325], [-44.156441, -20.088513], [-44.156389, -20.088521], [-44.156336, -20.088526], [-44.156284, -20.088528], [-44.156231, -20.088528], [-44.156178, -20.088523], [-44.156117, -20.088518], [-44.156074, -20.088506], [-44.155973, -20.088477], [-44.155924, -20.088458], [-44.155876, -20.088436], [-44.155786, -20.088384]]]}}, {"type": "Feature", "properties": {"bairro": "Chacaras Bom Jardim", "pasta": "19_CHACARAS_BOM_JARDIM", "tipo": "Quadra", "QUADRA": null}, "geometry": {"type": "Polygon", "coordinates": [[[-44.167086, -20.082815], [-44.162608, -20.083939], [-44.161068, -20.086248], [-44.161562, -20.086521], [-44.16368, -20.084219], [-44.167086, -20.082815]]]}}, {"type": "Feature", "properties": {"bairro": "Chacaras Joaquina Maria", "pasta": "20_CHACARAS_JOAQUINA_MARIA", "tipo": "Quadra", "id": null, "QUADRA": null}, "geometry": {"type": "Polygon", "coordinates": [[[-44.157382, -20.061273], [-44.156954, -20.060852], [-44.156268, -20.061374], [-44.156034, -20.06107], [-44.155795, -20.060602], [-44.155367, -20.060875], [-44.155017, -20.060261], [-44.154841, -20.060318], [-44.155126, -20.060598], [-44.154948, -20.060751], [-44.156895, -20.062062], [-44.157382, -20.061273]]]}}, {"type": "Feature", "properties": {"bairro": "Chacaras Joaquina Maria", "pasta": "20_CHACARAS_JOAQUINA_MARIA", "tipo": "Quadra", "id": null, "QUADRA": null}, "geometry": {"type": "Polygon", "coordinates": [[[-44.158164, -20.061698], [-44.157486, -20.061325], [-44.157005, -20.062106], [-44.15764, -20.062455], [-44.157881, -20.062065], [-44.157923, -20.062088], [-44.158164, -20.061698]]]}}, {"type": "Feature", "properties": {"bairro": "Das Palmeiras", "pasta": "21_DAS_PALMEIRAS", "tipo": "Quadra", "id": null, "QUADRA": "C"}, "geometry": {"type": "Polygon", "coordinates": [[[-44.160637, -20.068904], [-44.160691, -20.069135], [-44.160698, -20.069233], [-44.160695, -20.069316], [-44.160684, -20.069476], [-44.160664, -20.069703], [-44.160634, -20.069928], [-44.160593, -20.070152], [-44.16056, -20.070376], [-44.160524, -20.070609], [-44.160482, -20.070849], [-44.160437, -20.071075], [-44.160486, -20.071124], [-44.160579, -20.07119], [-44.160613, -20.071167], [-44.160758, -20.07107], [-44.160803, -20.07102], [-44.16082, -20.070991], [-44.160839, -20.070938], [-44.160888, -20.0707], [-44.160905, -20.070587], [-44.161259, -20.070516], [-44.161314, -20.070319], [-44.161375, -20.070096], [-44.161443, -20.069864], [-44.161501, -20.069659], [-44.161554, -20.069473], [-44.16161, -20.069278], [-44.161665, -20.069085], [-44.161722, -20.068894], [-44.161778, -20.068711], [-44.161778, -20.068711], [-44.161906, -20.068278], [-44.161557, -20.068291], [-44.16129, -20.068306], [-44.161046, -20.068322], [-44.160918, -20.068479], [-44.160804, -20.068622], [-44.160628, -20.068848], [-44.160637, -20.068904]]]}}, {"type": "Feature", "properties": {"bairro": "Das Palmeiras", "pasta": "21_DAS_PALMEIRAS", "tipo": "Quadra", "id": null, "QUADRA": "A"}, "geometry": {"type": "Polygon", "coordinates": [[[-44.160363, -20.068269], [-44.160584, -20.068752], [-44.160829, -20.068437], [-44.161004, -20.068219], [-44.161521, -20.068193], [-44.161891, -20.06818], [-44.161882, -20.067954], [-44.161882, -20.067954], [-44.161874, -20.067809], [-44.161843, -20.067647], [-44.161821, -20.067479], [-44.161797, -20.067326], [-44.161772, -20.067184], [-44.161764, -20.067128], [-44.161754, -20.067038], [-44.161725, -20.066846], [-44.161707, -20.066728], [-44.161682, -20.066563], [-44.161664, -20.066433], [-44.161648, -20.066317], [-44.161631, -20.066192], [-44.16162, -20.066059], [-44.16162, -20.065926], [-44.160858, -20.065857], [-44.160856, -20.065905], [-44.160848, -20.065992], [-44.160836, -20.066127], [-44.160824, -20.066262], [-44.160793, -20.066387], [-44.160753, -20.066518], [-44.160741, -20.066664], [-44.160738, -20.066803], [-44.160723, -20.066902], [-44.160684, -20.067167], [-44.160544, -20.067734], [-44.160471, -20.067977], [-44.160363, -20.068269]], [[-44.161524, -20.065234], [-44.161464, -20.065296], [-44.161571, -20.065622], [-44.161585, -20.06566], [-44.16162, -20.065926], [-44.160858, -20.065857], [-44.160854, -20.065586], [-44.16086, -20.065451], [-44.160856, -20.065064], [-44.160897, -20.064737], [-44.160909, -20.064672], [-44.160917, -20.064608], [-44.160928, -20.064549], [-44.160941, -20.064496], [-44.160952, -20.064443], [-44.160963, -20.064398], [-44.160983, -20.064338], [-44.161053, -20.064135], [-44.16109, -20.064146], [-44.161374, -20.064268], [-44.16146, -20.064308], [-44.161545, -20.064348], [-44.161633, -20.064384], [-44.161639, -20.064389], [-44.161762, -20.064446], [-44.161763, -20.064444], [-44.162089, -20.064606], [-44.162125, -20.064659], [-44.162098, -20.064908], [-44.162079, -20.064989], [-44.16203, -20.065039], [-44.161524, -20.065234]]]}}, {"type": "Feature", "properties": {"bairro": "Das Palmeiras", "pasta": "21_DAS_PALMEIRAS", "tipo": "Quadra", "id": null, "QUADRA": "B"}, "geometry": {"type": "Polygon", "coordinates": [[[-44.160311, -20.068425], [-44.160074, -20.068859], [-44.159848, -20.06929], [-44.159707, -20.069548], [-44.159526, -20.069787], [-44.159395, -20.070172], [-44.159298, -20.070417], [-44.159193, -20.070682], [-44.159085, -20.070987], [-44.158722, -20.07181], [-44.158558, -20.072195], [-44.158315, -20.072757], [-44.159487, -20.073049], [-44.159437, -20.072833], [-44.159428, -20.072772], [-44.159426, -20.072731], [-44.159439, -20.072637], [-44.159494, -20.072513], [-44.159685, -20.072189], [-44.15979, -20.071928], [-44.159868, -20.071733], [-44.159929, -20.071568], [-44.160028, -20.071403], [-44.160321, -20.071258], [-44.160341, -20.07121], [-44.160377, -20.070925], [-44.160421, -20.070623], [-44.16045, -20.070424], [-44.160487, -20.070174], [-44.160507, -20.070057], [-44.160568, -20.069749], [-44.160576, -20.069718], [-44.160591, -20.069622], [-44.160597, -20.069519], [-44.160602, -20.069442], [-44.1606, -20.069365], [-44.160598, -20.069253], [-44.160589, -20.069141], [-44.160578, -20.06907], [-44.160564, -20.068984], [-44.160544, -20.068917], [-44.160513, -20.068835], [-44.160311, -20.068425]]]}}, {"type": "Feature", "properties": {"bairro": "Tangara", "pasta": "22_TANGARA", "tipo": "Quadra", "id": null, "QUADRA": "15"}, "geometry": {"type": "Polygon", "coordinates": [[[-44.163947, -20.072118], [-44.163906, -20.071775], [-44.163745, -20.071965], [-44.163947, -20.072118]]]}}, {"type": "Feature", "properties": {"bairro": "Tangara", "pasta": "22_TANGARA", "tipo": "Quadra", "id": null, "QUADRA": null}, "geometry": {"type": "Polygon", "coordinates": [[[-44.162358, -20.077024], [-44.162937, -20.077425], [-44.164594, -20.075297], [-44.164438, -20.075179], [-44.164031, -20.075218], [-44.16399, -20.075187], [-44.163962, -20.075148], [-44.162358, -20.077024]]]}}, {"type": "Feature", "properties": {"bairro": "Tangara", "pasta": "22_TANGARA", "tipo": "Quadra", "id": null, "QUADRA": null}, "geometry": {"type": "Polygon", "coordinates": [[[-44.164454, -20.074361], [-44.16444, -20.074549], [-44.164207, -20.074878], [-44.164201, -20.074886], [-44.163962, -20.075148], [-44.163981, -20.075176], [-44.163992, -20.075184], [-44.164136, -20.075145], [-44.164172, -20.075099], [-44.164269, -20.075055], [-44.164332, -20.07503], [-44.164376, -20.075013], [-44.164475, -20.075051], [-44.164582, -20.074983], [-44.164594, -20.074598], [-44.164454, -20.074361]]]}}, {"type": "Feature", "properties": {"bairro": "Tangara", "pasta": "22_TANGARA", "tipo": "Quadra", "id": null, "QUADRA": "30"}, "geometry": {"type": "Polygon", "coordinates": [[[-44.161933, -20.076568], [-44.161744, -20.076417], [-44.161485, -20.07622], [-44.161486, -20.076447], [-44.161628, -20.076544], [-44.161823, -20.076678], [-44.162052, -20.076837], [-44.162258, -20.07698], [-44.162299, -20.077001], [-44.162342, -20.076901], [-44.16214, -20.076738], [-44.161933, -20.076568]]]}}, {"type": "Feature", "properties": {"bairro": "Tangara", "pasta": "22_TANGARA", "tipo": "Quadra", "id": null, "QUADRA": "21"}, "geometry": {"type": "Polygon", "coordinates": [[[-44.161286, -20.076072], [-44.160893, -20.075775], [-44.161179, -20.076199], [-44.161415, -20.076352], [-44.161413, -20.076168], [-44.161286, -20.076072]]]}}, {"type": "Feature", "properties": {"bairro": "Tangara", "pasta": "22_TANGARA", "tipo": "Quadra", "id": null, "QUADRA": "01"}, "geometry": {"type": "Polygon", "coordinates": [[[-44.161531, -20.075433], [-44.161442, -20.075364], [-44.161354, -20.075295], [-44.161266, -20.075226], [-44.161089, -20.075087], [-44.160998, -20.075191], [-44.160906, -20.075296], [-44.160799, -20.075417], [-44.160913, -20.075599], [-44.160988, -20.075712], [-44.161076, -20.075781], [-44.161164, -20.075851], [-44.161253, -20.07592], [-44.161341, -20.075989], [-44.161429, -20.076058], [-44.161517, -20.076128], [-44.161606, -20.076197], [-44.161694, -20.076266], [-44.161782, -20.076335], [-44.161871, -20.076405], [-44.161959, -20.076474], [-44.162047, -20.076543], [-44.162047, -20.076543], [-44.162136, -20.076612], [-44.162224, -20.076682], [-44.162401, -20.07682], [-44.162492, -20.076716], [-44.162584, -20.076611], [-44.162675, -20.076507], [-44.162767, -20.076403], [-44.16259, -20.076264], [-44.162502, -20.076195], [-44.162414, -20.076126], [-44.162325, -20.076057], [-44.162237, -20.075987], [-44.162149, -20.075918], [-44.162061, -20.075849], [-44.161972, -20.07578], [-44.161884, -20.07571], [-44.161796, -20.075641], [-44.161707, -20.075572], [-44.161619, -20.075503], [-44.161531, -20.075433]]]}}, {"type": "Feature", "properties": {"bairro": "Tangara", "pasta": "22_TANGARA", "tipo": "Quadra", "id": null, "QUADRA": "03"}, "geometry": {"type": "Polygon", "coordinates": [[[-44.1615, -20.075286], [-44.161588, -20.075355], [-44.161588, -20.075355], [-44.161677, -20.075424], [-44.161765, -20.075493], [-44.161854, -20.075562], [-44.161943, -20.075631], [-44.162031, -20.0757], [-44.16212, -20.075769], [-44.162208, -20.075838], [-44.162297, -20.075907], [-44.162385, -20.075976], [-44.162474, -20.076045], [-44.162562, -20.076114], [-44.162651, -20.076183], [-44.162828, -20.076321], [-44.162919, -20.076216], [-44.163011, -20.076111], [-44.163102, -20.076007], [-44.163193, -20.075902], [-44.163016, -20.075764], [-44.162927, -20.075695], [-44.162839, -20.075626], [-44.16275, -20.075557], [-44.162662, -20.075488], [-44.162573, -20.075419], [-44.162485, -20.075351], [-44.162396, -20.075282], [-44.162308, -20.075213], [-44.162219, -20.075144], [-44.16213, -20.075075], [-44.162042, -20.075006], [-44.161953, -20.074937], [-44.161865, -20.074868], [-44.161776, -20.074799], [-44.161688, -20.07473], [-44.161511, -20.074592], [-44.161146, -20.07501], [-44.161323, -20.075148], [-44.161411, -20.075217], [-44.1615, -20.075286]], [[-44.161237, -20.074905], [-44.161328, -20.074801], [-44.161419, -20.074696], [-44.161511, -20.074592], [-44.161688, -20.07473], [-44.161511, -20.074592], [-44.161146, -20.07501], [-44.161323, -20.075148], [-44.161323, -20.075148], [-44.161146, -20.07501], [-44.161237, -20.074905]]]}}, {"type": "Feature", "properties": {"bairro": "Tangara", "pasta": "22_TANGARA", "tipo": "Quadra", "id": null, "QUADRA": "05"}, "geometry": {"type": "Polygon", "coordinates": [[[-44.161938, -20.074774], [-44.162027, -20.074843], [-44.162027, -20.074843], [-44.162115, -20.074912], [-44.162204, -20.074981], [-44.162293, -20.07505], [-44.162381, -20.075119], [-44.16247, -20.075188], [-44.162558, -20.075257], [-44.162647, -20.075326], [-44.162735, -20.075395], [-44.162824, -20.075464], [-44.162912, -20.075533], [-44.163001, -20.075602], [-44.163089, -20.075671], [-44.163267, -20.075809], [-44.163358, -20.075704], [-44.163449, -20.075599], [-44.16354, -20.075495], [-44.163632, -20.07539], [-44.163454, -20.075252], [-44.163366, -20.075183], [-44.163277, -20.075114], [-44.163189, -20.075045], [-44.1631, -20.074976], [-44.163012, -20.074907], [-44.162923, -20.074838], [-44.162835, -20.074769], [-44.162746, -20.0747], [-44.162658, -20.074631], [-44.162569, -20.074563], [-44.16248, -20.074494], [-44.162392, -20.074425], [-44.162303, -20.074356], [-44.162215, -20.074287], [-44.162126, -20.074218], [-44.161949, -20.07408], [-44.161584, -20.074498], [-44.161761, -20.074636], [-44.16185, -20.074705], [-44.161938, -20.074774]], [[-44.161675, -20.074393], [-44.161767, -20.074289], [-44.161858, -20.074184], [-44.161949, -20.07408], [-44.162126, -20.074218], [-44.161949, -20.07408], [-44.161584, -20.074498], [-44.161761, -20.074636], [-44.161761, -20.074636], [-44.161584, -20.074498], [-44.161675, -20.074393]]]}}, {"type": "Feature", "properties": {"bairro": "Tangara", "pasta": "22_TANGARA", "tipo": "Quadra", "id": null, "QUADRA": "07"}, "geometry": {"type": "Polygon", "coordinates": [[[-44.162367, -20.074282], [-44.162455, -20.074351], [-44.162455, -20.074351], [-44.162544, -20.07442], [-44.162632, -20.074489], [-44.162721, -20.074558], [-44.162809, -20.074627], [-44.162898, -20.074696], [-44.162987, -20.074765], [-44.163075, -20.074834], [-44.163164, -20.074903], [-44.163252, -20.074972], [-44.163341, -20.075041], [-44.163429, -20.07511], [-44.163518, -20.075179], [-44.163695, -20.075317], [-44.163786, -20.075212], [-44.163877, -20.075108], [-44.163969, -20.075003], [-44.16406, -20.074898], [-44.163883, -20.07476], [-44.163794, -20.074691], [-44.163706, -20.074622], [-44.163617, -20.074553], [-44.163529, -20.074484], [-44.16344, -20.074416], [-44.163352, -20.074347], [-44.163263, -20.074278], [-44.163174, -20.074209], [-44.163086, -20.07414], [-44.162997, -20.074071], [-44.162909, -20.074002], [-44.16282, -20.073933], [-44.162732, -20.073864], [-44.162643, -20.073795], [-44.162555, -20.073726], [-44.162378, -20.073588], [-44.162013, -20.074006], [-44.16219, -20.074144], [-44.162278, -20.074213], [-44.162367, -20.074282]], [[-44.162104, -20.073901], [-44.162195, -20.073797], [-44.162286, -20.073692], [-44.162378, -20.073588], [-44.162555, -20.073726], [-44.162378, -20.073588], [-44.162013, -20.074006], [-44.16219, -20.074144], [-44.16219, -20.074144], [-44.162013, -20.074006], [-44.162104, -20.073901]]]}}, {"type": "Feature", "properties": {"bairro": "Tangara", "pasta": "22_TANGARA", "tipo": "Quadra", "id": null, "QUADRA": "09"}, "geometry": {"type": "Polygon", "coordinates": [[[-44.163954, -20.074664], [-44.164131, -20.074802], [-44.164223, -20.074697], [-44.164314, -20.074593], [-44.164375, -20.074523], [-44.164363, -20.074279], [-44.164319, -20.074246], [-44.162814, -20.073073], [-44.162449, -20.073491], [-44.163954, -20.074664]], [[-44.163777, -20.074526], [-44.163689, -20.074457], [-44.1636, -20.074388], [-44.163512, -20.074319], [-44.163423, -20.07425], [-44.163334, -20.074181], [-44.163246, -20.074112], [-44.163157, -20.074043], [-44.163069, -20.073974], [-44.16298, -20.073905], [-44.162892, -20.073836], [-44.162892, -20.073836], [-44.162803, -20.073767], [-44.162715, -20.073698], [-44.162626, -20.073629], [-44.162449, -20.073491], [-44.162632, -20.073282], [-44.162814, -20.073073], [-44.162991, -20.073211], [-44.16308, -20.07328], [-44.163168, -20.073349], [-44.163257, -20.073418], [-44.163345, -20.073487], [-44.163434, -20.073556], [-44.163522, -20.073625], [-44.163611, -20.073694], [-44.163699, -20.073763], [-44.163788, -20.073832], [-44.163877, -20.073901], [-44.163965, -20.07397], [-44.164054, -20.074039], [-44.164142, -20.074108], [-44.164231, -20.074177], [-44.164319, -20.074246], [-44.164319, -20.074246], [-44.164363, -20.074279], [-44.164375, -20.074523], [-44.164131, -20.074802], [-44.163954, -20.074664], [-44.163866, -20.074595], [-44.163777, -20.074526]], [[-44.16254, -20.073387], [-44.162632, -20.073282], [-44.162723, -20.073177], [-44.162814, -20.073073], [-44.162991, -20.073211], [-44.162814, -20.073073], [-44.162632, -20.073282], [-44.162449, -20.073491], [-44.162626, -20.073629], [-44.162449, -20.073491], [-44.16254, -20.073387], [-44.16254, -20.073387]]]}}, {"type": "Feature", "properties": {"bairro": "Tangara", "pasta": "22_TANGARA", "tipo": "Quadra", "id": null, "QUADRA": "11"}, "geometry": {"type": "MultiPolygon", "coordinates": [[[[-44.164328, -20.073404], [-44.163259, -20.072578], [-44.162896, -20.072997], [-44.164369, -20.074136], [-44.164328, -20.073404]]], [[[-44.163259, -20.072578], [-44.162896, -20.072997], [-44.162896, -20.072997], [-44.163259, -20.072578], [-44.163259, -20.072578]]]]}}, {"type": "Feature", "properties": {"bairro": "Tangara", "pasta": "22_TANGARA", "tipo": "Quadra", "id": null, "QUADRA": "13"}, "geometry": {"type": "Polygon", "coordinates": [[[-44.163682, -20.07276], [-44.163816, -20.072861], [-44.164003, -20.073002], [-44.164305, -20.07323], [-44.164171, -20.072882], [-44.164085, -20.072652], [-44.164021, -20.072482], [-44.163939, -20.07226], [-44.16385, -20.072193], [-44.16367, -20.072057], [-44.163581, -20.072163], [-44.163491, -20.072269], [-44.163402, -20.072375], [-44.163312, -20.072481], [-44.163491, -20.072616], [-44.163581, -20.072684], [-44.163682, -20.07276]]]}}, {"type": "Feature", "properties": {"bairro": "Tangara", "pasta": "22_TANGARA", "tipo": "Quadra", "id": null, "QUADRA": "02"}, "geometry": {"type": "Polygon", "coordinates": [[[-44.160082, -20.074336], [-44.160301, -20.074669], [-44.160411, -20.074833], [-44.16047, -20.074927], [-44.16047, -20.074927], [-44.160594, -20.07512], [-44.16071, -20.075297], [-44.160842, -20.075141], [-44.160961, -20.075], [-44.160827, -20.074898], [-44.160658, -20.074771], [-44.160539, -20.074681], [-44.160387, -20.074567], [-44.160082, -20.074336]]]}}, {"type": "Feature", "properties": {"bairro": "Tangara", "pasta": "22_TANGARA", "tipo": "Quadra", "id": null, "QUADRA": "04"}, "geometry": {"type": "Polygon", "coordinates": [[[-44.16103, -20.074907], [-44.161122, -20.074803], [-44.160954, -20.074671], [-44.161122, -20.074803], [-44.161214, -20.074699], [-44.161305, -20.074595], [-44.161397, -20.074491], [-44.161221, -20.074352], [-44.161132, -20.074283], [-44.161044, -20.074213], [-44.160956, -20.074144], [-44.160868, -20.074075], [-44.16078, -20.074005], [-44.160691, -20.073936], [-44.160603, -20.073866], [-44.160515, -20.073797], [-44.160427, -20.073728], [-44.160339, -20.073658], [-44.16025, -20.073589], [-44.160162, -20.07352], [-44.160074, -20.07345], [-44.159986, -20.073381], [-44.159898, -20.073312], [-44.159586, -20.073066], [-44.159703, -20.073511], [-44.159771, -20.073776], [-44.159806, -20.073867], [-44.159815, -20.073886], [-44.159825, -20.073904], [-44.159836, -20.073922], [-44.159847, -20.07394], [-44.159859, -20.073957], [-44.159871, -20.073974], [-44.159884, -20.07399], [-44.159972, -20.074075], [-44.16006, -20.074144], [-44.160148, -20.074214], [-44.160236, -20.074283], [-44.160324, -20.074353], [-44.160413, -20.074422], [-44.160501, -20.074491], [-44.160589, -20.074561], [-44.160677, -20.07463], [-44.160765, -20.074699], [-44.160854, -20.074769], [-44.16103, -20.074907]], [[-44.160854, -20.074769], [-44.160952, -20.074657], [-44.160945, -20.074665], [-44.160945, -20.074665], [-44.160854, -20.074769]]]}}, {"type": "Feature", "properties": {"bairro": "Tangara", "pasta": "22_TANGARA", "tipo": "Quadra", "id": null, "QUADRA": "06"}, "geometry": {"type": "Polygon", "coordinates": [[[-44.160767, -20.073861], [-44.160855, -20.07393], [-44.160944, -20.073999], [-44.161033, -20.074067], [-44.161122, -20.074136], [-44.161211, -20.074205], [-44.161299, -20.074273], [-44.161477, -20.074411], [-44.161568, -20.074306], [-44.161659, -20.074201], [-44.16175, -20.074096], [-44.161841, -20.073991], [-44.161663, -20.073854], [-44.161574, -20.073785], [-44.161485, -20.073717], [-44.161397, -20.073648], [-44.161308, -20.073579], [-44.161219, -20.07351], [-44.16113, -20.073442], [-44.161041, -20.073373], [-44.160953, -20.073304], [-44.160864, -20.073236], [-44.160775, -20.073167], [-44.160686, -20.073098], [-44.160597, -20.07303], [-44.160509, -20.072961], [-44.16042, -20.072892], [-44.160331, -20.072824], [-44.160242, -20.072755], [-44.160153, -20.072686], [-44.160065, -20.072618], [-44.159976, -20.072549], [-44.159887, -20.07248], [-44.159706, -20.07234], [-44.159598, -20.072542], [-44.159581, -20.072574], [-44.159575, -20.072598], [-44.159569, -20.072622], [-44.159563, -20.072646], [-44.159558, -20.072671], [-44.159552, -20.072695], [-44.159547, -20.072719], [-44.159542, -20.072743], [-44.15954, -20.072762], [-44.159539, -20.072781], [-44.159538, -20.072801], [-44.159538, -20.07282], [-44.159539, -20.072839], [-44.159541, -20.072858], [-44.159544, -20.072877], [-44.159551, -20.072891], [-44.159559, -20.072905], [-44.159568, -20.072919], [-44.159578, -20.072932], [-44.159589, -20.072945], [-44.1596, -20.072957], [-44.159612, -20.072968], [-44.159701, -20.073037], [-44.15979, -20.073106], [-44.159879, -20.073174], [-44.159967, -20.073243], [-44.160056, -20.073312], [-44.160145, -20.07338], [-44.160234, -20.073449], [-44.160323, -20.073518], [-44.160411, -20.073587], [-44.1605, -20.073655], [-44.160589, -20.073724], [-44.160678, -20.073793], [-44.160767, -20.073861]]]}}, {"type": "Feature", "properties": {"bairro": "Tangara", "pasta": "22_TANGARA", "tipo": "Quadra", "id": null, "QUADRA": "08"}, "geometry": {"type": "Polygon", "coordinates": [[[-44.15996, -20.072397], [-44.159962, -20.072398], [-44.161915, -20.07391], [-44.162279, -20.07349], [-44.160237, -20.07191], [-44.159986, -20.071714], [-44.159904, -20.071907], [-44.159832, -20.072074], [-44.159832, -20.072074], [-44.15976, -20.072241], [-44.159871, -20.072328], [-44.15996, -20.072397]], [[-44.161028, -20.073223], [-44.160939, -20.073154], [-44.16085, -20.073085], [-44.160761, -20.073017], [-44.160672, -20.072948], [-44.160584, -20.072879], [-44.160495, -20.072811], [-44.160406, -20.072742], [-44.160317, -20.072673], [-44.160228, -20.072604], [-44.16014, -20.072536], [-44.160051, -20.072467], [-44.160051, -20.072467], [-44.159962, -20.072398], [-44.161915, -20.07391], [-44.159962, -20.072398], [-44.161915, -20.07391], [-44.162279, -20.07349], [-44.160414, -20.072048], [-44.160503, -20.072116], [-44.160592, -20.072185], [-44.160681, -20.072254], [-44.160769, -20.072322], [-44.160858, -20.072391], [-44.160947, -20.07246], [-44.161036, -20.072528], [-44.161125, -20.072597], [-44.161213, -20.072666], [-44.161302, -20.072734], [-44.161391, -20.072803], [-44.16148, -20.072872], [-44.161569, -20.072941], [-44.161657, -20.073009], [-44.161746, -20.073078], [-44.161835, -20.073147], [-44.161924, -20.073215], [-44.162013, -20.073284], [-44.162101, -20.073353], [-44.162279, -20.07349], [-44.162188, -20.073595], [-44.162097, -20.0737], [-44.162006, -20.073805], [-44.161915, -20.07391], [-44.161738, -20.073772], [-44.161649, -20.073703], [-44.16156, -20.073635], [-44.161472, -20.073566], [-44.161383, -20.073497], [-44.161294, -20.073429], [-44.161205, -20.07336], [-44.161116, -20.073291], [-44.161028, -20.073223]]]}}, {"type": "Feature", "properties": {"bairro": "Tangara", "pasta": "22_TANGARA", "tipo": "Quadra", "id": null, "QUADRA": "10"}, "geometry": {"type": "Polygon", "coordinates": [[[-44.160142, -20.071464], [-44.160113, -20.071492], [-44.160085, -20.071522], [-44.160061, -20.071553], [-44.160038, -20.071586], [-44.160019, -20.071621], [-44.160121, -20.071699], [-44.16021, -20.071767], [-44.1603, -20.071836], [-44.160389, -20.071904], [-44.160389, -20.071904], [-44.160478, -20.071972], [-44.160478, -20.071973], [-44.160567, -20.072041], [-44.160656, -20.072109], [-44.160745, -20.072177], [-44.160834, -20.072246], [-44.160924, -20.072314], [-44.161013, -20.072382], [-44.161102, -20.07245], [-44.161191, -20.072519], [-44.16128, -20.072587], [-44.16137, -20.072655], [-44.161459, -20.072723], [-44.161548, -20.072791], [-44.161637, -20.07286], [-44.161726, -20.072928], [-44.161816, -20.072996], [-44.161905, -20.073064], [-44.161994, -20.073132], [-44.162083, -20.073201], [-44.162172, -20.073269], [-44.162351, -20.073405], [-44.162441, -20.0733], [-44.162531, -20.073195], [-44.162622, -20.073089], [-44.162712, -20.072984], [-44.162533, -20.072847], [-44.162444, -20.072779], [-44.162355, -20.072711], [-44.162266, -20.072643], [-44.162177, -20.072575], [-44.162087, -20.072506], [-44.161998, -20.072438], [-44.161909, -20.07237], [-44.16182, -20.072302], [-44.161731, -20.072234], [-44.161641, -20.072165], [-44.161552, -20.072097], [-44.161463, -20.072029], [-44.161374, -20.071961], [-44.161285, -20.071892], [-44.161195, -20.071824], [-44.161106, -20.071756], [-44.161017, -20.071688], [-44.160928, -20.07162], [-44.160839, -20.071551], [-44.16075, -20.071484], [-44.16075, -20.071483], [-44.160661, -20.071415], [-44.160572, -20.071346], [-44.160474, -20.071271], [-44.160207, -20.071416], [-44.160173, -20.071439], [-44.160142, -20.071464]]]}}, {"type": "Feature", "properties": {"bairro": "Tangara", "pasta": "22_TANGARA", "tipo": "Quadra", "id": null, "QUADRA": "12"}, "geometry": {"type": "Polygon", "coordinates": [[[-44.160852, -20.071053], [-44.160625, -20.071227], [-44.16277, -20.072903], [-44.163135, -20.072485], [-44.160949, -20.070777], [-44.160852, -20.071053]]]}}, {"type": "Feature", "properties": {"bairro": "Tangara", "pasta": "22_TANGARA", "tipo": "Quadra", "id": null, "QUADRA": "14"}, "geometry": {"type": "Polygon", "coordinates": [[[-44.160992, -20.070672], [-44.163213, -20.072394], [-44.163577, -20.071975], [-44.161781, -20.070583], [-44.161759, -20.070582], [-44.161367, -20.07061], [-44.161011, -20.070635], [-44.160992, -20.070672]]]}}, {"type": "Feature", "properties": {"bairro": "Tangara", "pasta": "22_TANGARA", "tipo": "Quadra", "id": null, "QUADRA": "16"}, "geometry": {"type": "Polygon", "coordinates": [[[-44.163222, -20.070864], [-44.163133, -20.070795], [-44.163045, -20.070726], [-44.162956, -20.070657], [-44.162868, -20.070588], [-44.162795, -20.070531], [-44.162768, -20.070531], [-44.162364, -20.070547], [-44.161933, -20.070563], [-44.162237, -20.070799], [-44.162326, -20.070868], [-44.162414, -20.070937], [-44.162503, -20.071006], [-44.162591, -20.071075], [-44.16268, -20.071144], [-44.162768, -20.071213], [-44.162857, -20.071282], [-44.162945, -20.071351], [-44.163034, -20.07142], [-44.163123, -20.071489], [-44.163211, -20.071558], [-44.1633, -20.071627], [-44.163388, -20.071696], [-44.163477, -20.071765], [-44.163654, -20.071903], [-44.163745, -20.071798], [-44.163836, -20.071694], [-44.163909, -20.07161], [-44.163887, -20.071382], [-44.163842, -20.071347], [-44.163753, -20.071278], [-44.163665, -20.071209], [-44.163576, -20.07114], [-44.163488, -20.071071], [-44.163399, -20.071002], [-44.16331, -20.070933], [-44.163222, -20.070864]]]}}, {"type": "Feature", "properties": {"bairro": "Tangara", "pasta": "22_TANGARA", "tipo": "Quadra", "id": null, "QUADRA": "18"}, "geometry": {"type": "Polygon", "coordinates": [[[-44.163225, -20.070742], [-44.163852, -20.071215], [-44.164023, -20.070996], [-44.164146, -20.070777], [-44.164158, -20.070696], [-44.163766, -20.07048], [-44.163672, -20.070473], [-44.162967, -20.070512], [-44.162971, -20.07055], [-44.163225, -20.070742]]]}}, {"type": "Feature", "properties": {"bairro": "Chacaras Recanto Do Bom Jardim", "pasta": "23_CHACARAS_RECANTO_DO_BOM_JARDIM", "tipo": "Quadra", "id": null, "QUADRA": "03"}, "geometry": {"type": "Polygon", "coordinates": [[[-44.165242, -20.070539], [-44.165243, -20.070539], [-44.165407, -20.07042], [-44.165559, -20.070295], [-44.165625, -20.070133], [-44.165747, -20.069979], [-44.165782, -20.069925], [-44.165825, -20.069876], [-44.165873, -20.069841], [-44.165977, -20.069665], [-44.166082, -20.069489], [-44.166277, -20.069439], [-44.166337, -20.069425], [-44.166358, -20.069398], [-44.166369, -20.069364], [-44.166375, -20.069298], [-44.166312, -20.069167], [-44.166168, -20.068963], [-44.166295, -20.06882], [-44.166471, -20.068748], [-44.166579, -20.06871], [-44.166626, -20.068698], [-44.166628, -20.06861], [-44.166121, -20.068338], [-44.166002, -20.068414], [-44.165844, -20.068516], [-44.165686, -20.068617], [-44.165528, -20.068719], [-44.16537, -20.068821], [-44.165211, -20.068922], [-44.164966, -20.06908], [-44.164808, -20.069181], [-44.164782, -20.069249], [-44.164728, -20.069429], [-44.164674, -20.069609], [-44.164621, -20.069789], [-44.164567, -20.069969], [-44.164513, -20.070149], [-44.164461, -20.070329], [-44.164408, -20.07051], [-44.164365, -20.070614], [-44.164328, -20.070677], [-44.164234, -20.070835], [-44.16414, -20.070993], [-44.164047, -20.07115], [-44.164193, -20.071445], [-44.16399, -20.071661], [-44.163921, -20.071736], [-44.164072, -20.072419], [-44.164202, -20.07227], [-44.164301, -20.072128], [-44.164395, -20.071965], [-44.164538, -20.071703], [-44.164647, -20.071469], [-44.164728, -20.071304], [-44.164805, -20.071138], [-44.164899, -20.07098], [-44.164992, -20.070819], [-44.164992, -20.070819], [-44.165109, -20.070675], [-44.165242, -20.070539]]]}}, {"type": "Feature", "properties": {"bairro": "Chacaras Recanto Do Bom Jardim", "pasta": "23_CHACARAS_RECANTO_DO_BOM_JARDIM", "tipo": "Quadra", "id": null, "QUADRA": "01"}, "geometry": {"type": "MultiPolygon", "coordinates": [[[[-44.163453, -20.068472], [-44.163314, -20.06897], [-44.163543, -20.069027], [-44.163498, -20.069185], [-44.163809, -20.069007], [-44.163453, -20.068472]]], [[[-44.164439, -20.069994], [-44.163845, -20.069852], [-44.163597, -20.069782], [-44.163349, -20.069713], [-44.163426, -20.069457], [-44.163498, -20.069185], [-44.163809, -20.069007], [-44.163918, -20.069178], [-44.164017, -20.069332], [-44.164115, -20.069487], [-44.164214, -20.069642], [-44.164439, -20.069994]]]]}}, {"type": "Feature", "properties": {"bairro": "Chacaras Recanto Do Bom Jardim", "pasta": "23_CHACARAS_RECANTO_DO_BOM_JARDIM", "tipo": "Quadra", "id": null, "QUADRA": "02"}, "geometry": {"type": "Polygon", "coordinates": [[[-44.164333, -20.068226], [-44.164141, -20.06836], [-44.164118, -20.068331], [-44.163891, -20.068041], [-44.163859, -20.068006], [-44.163555, -20.067819], [-44.163436, -20.068294], [-44.163453, -20.068316], [-44.163665, -20.068617], [-44.16377, -20.068767], [-44.163876, -20.068918], [-44.163982, -20.069068], [-44.164088, -20.069219], [-44.164237, -20.069429], [-44.164486, -20.069783], [-44.164623, -20.069378], [-44.164716, -20.069103], [-44.164574, -20.068913], [-44.16446, -20.068768], [-44.16446, -20.068768], [-44.16438, -20.068666], [-44.164581, -20.068542], [-44.164781, -20.068419], [-44.165099, -20.068227], [-44.165087, -20.068065], [-44.165075, -20.067861], [-44.165051, -20.067637], [-44.165049, -20.067636], [-44.165057, -20.067569], [-44.165074, -20.067468], [-44.165105, -20.067329], [-44.165153, -20.067134], [-44.164706, -20.066901], [-44.164562, -20.067161], [-44.164291, -20.067649], [-44.164227, -20.067762], [-44.164163, -20.067794], [-44.163958, -20.067948], [-44.16398, -20.067973], [-44.164165, -20.068209], [-44.16438, -20.068058], [-44.164511, -20.067967], [-44.164547, -20.067771], [-44.16462, -20.067374], [-44.164629, -20.067374], [-44.164638, -20.067374], [-44.164646, -20.067375], [-44.164655, -20.067376], [-44.164664, -20.067378], [-44.164673, -20.06738], [-44.164681, -20.067383], [-44.164689, -20.067386], [-44.164697, -20.06739], [-44.164705, -20.067394], [-44.164713, -20.067399], [-44.16472, -20.067404], [-44.164726, -20.06741], [-44.164733, -20.067416], [-44.16474, -20.067423], [-44.164746, -20.06743], [-44.164751, -20.067438], [-44.164756, -20.067446], [-44.16476, -20.067454], [-44.164764, -20.067463], [-44.164767, -20.067471], [-44.164769, -20.06748], [-44.164771, -20.067489], [-44.164772, -20.067498], [-44.164772, -20.067508], [-44.164772, -20.067517], [-44.164771, -20.067526], [-44.16477, -20.067535], [-44.164768, -20.067544], [-44.164765, -20.067553], [-44.164762, -20.067561], [-44.164758, -20.06757], [-44.164752, -20.067579], [-44.164746, -20.067588], [-44.164739, -20.067596], [-44.164732, -20.067604], [-44.164724, -20.067611], [-44.164716, -20.067618], [-44.164707, -20.067624], [-44.164698, -20.06763], [-44.164688, -20.067635], [-44.16466, -20.067796], [-44.164625, -20.067992], [-44.164625, -20.067992], [-44.164618, -20.068027], [-44.164526, -20.068092], [-44.164333, -20.068226]]]}}, {"type": "Feature", "properties": {"bairro": "Chacaras Recanto Do Bom Jardim", "pasta": "23_CHACARAS_RECANTO_DO_BOM_JARDIM", "tipo": "Quadra", "id": null, "QUADRA": "01"}, "geometry": {"type": "Polygon", "coordinates": [[[-44.163148, -20.068942], [-44.16345, -20.067783], [-44.163027, -20.067517], [-44.162683, -20.068838], [-44.163148, -20.068942]]]}}, {"type": "Feature", "properties": {"bairro": "Estancias Serra Verde", "pasta": "24_ESTANCIAS_SERRA_VERDE", "tipo": "Quadra", "id": null, "QUADRA": "INST"}, "geometry": {"type": "Polygon", "coordinates": [[[-44.162258, -20.07698], [-44.161486, -20.076447], [-44.161721, -20.077018], [-44.16182, -20.077417], [-44.162304, -20.07739], [-44.162258, -20.07698]]]}}, {"type": "Feature", "properties": {"bairro": "Estancias Serra Verde", "pasta": "24_ESTANCIAS_SERRA_VERDE", "tipo": "Quadra", "id": null, "QUADRA": "03"}, "geometry": {"type": "Polygon", "coordinates": [[[-44.162784, -20.078756], [-44.162612, -20.078639], [-44.162611, -20.078638], [-44.16261, -20.078638], [-44.16261, -20.078638], [-44.162609, -20.078638], [-44.162608, -20.078638], [-44.162607, -20.078638], [-44.162607, -20.078637], [-44.162606, -20.078637], [-44.162605, -20.078637], [-44.162604, -20.078637], [-44.162604, -20.078637], [-44.162603, -20.078637], [-44.162602, -20.078637], [-44.162601, -20.078637], [-44.1626, -20.078637], [-44.1626, -20.078637], [-44.162599, -20.078637], [-44.162598, -20.078637], [-44.162597, -20.078637], [-44.162597, -20.078637], [-44.162596, -20.078637], [-44.162595, -20.078637], [-44.162594, -20.078637], [-44.162594, -20.078637], [-44.162593, -20.078637], [-44.162592, -20.078637], [-44.162591, -20.078637], [-44.162591, -20.078637], [-44.16259, -20.078637], [-44.162589, -20.078637], [-44.162588, -20.078638], [-44.162588, -20.078638], [-44.162587, -20.078638], [-44.162586, -20.078638], [-44.162585, -20.078638], [-44.162585, -20.078639], [-44.162584, -20.078639], [-44.162583, -20.078639], [-44.162582, -20.078639], [-44.162582, -20.078639], [-44.162581, -20.07864], [-44.16258, -20.07864], [-44.16258, -20.07864], [-44.162579, -20.078641], [-44.162578, -20.078641], [-44.162578, -20.078641], [-44.162577, -20.078642], [-44.162576, -20.078642], [-44.162576, -20.078642], [-44.162575, -20.078643], [-44.162574, -20.078643], [-44.162574, -20.078643], [-44.162573, -20.078644], [-44.162572, -20.078644], [-44.162572, -20.078645], [-44.162363, -20.078917], [-44.162142, -20.079205], [-44.162142, -20.079206], [-44.162141, -20.079207], [-44.162141, -20.079208], [-44.16214, -20.079209], [-44.16214, -20.07921], [-44.162139, -20.079211], [-44.162139, -20.079213], [-44.162138, -20.079214], [-44.162138, -20.079215], [-44.162138, -20.079216], [-44.162137, -20.079217], [-44.162137, -20.079218], [-44.162137, -20.079219], [-44.162136, -20.07922], [-44.162136, -20.079221], [-44.162136, -20.079222], [-44.162136, -20.079224], [-44.162135, -20.079225], [-44.162135, -20.079226], [-44.162135, -20.079227], [-44.162135, -20.079228], [-44.162135, -20.079229], [-44.162135, -20.07923], [-44.162135, -20.079232], [-44.162135, -20.079233], [-44.162135, -20.079234], [-44.162134, -20.079235], [-44.162134, -20.079236], [-44.162135, -20.079237], [-44.162135, -20.079238], [-44.162135, -20.07924], [-44.162135, -20.079241], [-44.162135, -20.079242], [-44.162135, -20.079243], [-44.162153, -20.079327], [-44.162179, -20.079446], [-44.162271, -20.079426], [-44.162558, -20.079051], [-44.162784, -20.078756]]]}}, {"type": "Feature", "properties": {"bairro": "Estancias Serra Verde", "pasta": "24_ESTANCIAS_SERRA_VERDE", "tipo": "Quadra", "id": null, "QUADRA": "01"}, "geometry": {"type": "Polygon", "coordinates": [[[-44.163317, -20.07806], [-44.163407, -20.077942], [-44.163212, -20.077809], [-44.162932, -20.078175], [-44.162667, -20.07852], [-44.162667, -20.078521], [-44.162666, -20.078521], [-44.162666, -20.078522], [-44.162666, -20.078522], [-44.162666, -20.078523], [-44.162666, -20.078523], [-44.162665, -20.078524], [-44.162665, -20.078524], [-44.162665, -20.078525], [-44.162665, -20.078525], [-44.162665, -20.078526], [-44.162664, -20.078526], [-44.162664, -20.078527], [-44.162664, -20.078527], [-44.162664, -20.078528], [-44.162664, -20.078528], [-44.162664, -20.078529], [-44.162663, -20.078529], [-44.162663, -20.07853], [-44.162663, -20.07853], [-44.162663, -20.078531], [-44.162663, -20.078531], [-44.162663, -20.078532], [-44.162663, -20.078532], [-44.162663, -20.078533], [-44.162663, -20.078533], [-44.162663, -20.078534], [-44.162663, -20.078534], [-44.162663, -20.078535], [-44.162663, -20.078536], [-44.162663, -20.078536], [-44.162663, -20.078537], [-44.162663, -20.078537], [-44.162663, -20.078538], [-44.162663, -20.078538], [-44.162663, -20.078539], [-44.162663, -20.078539], [-44.162663, -20.07854], [-44.162663, -20.07854], [-44.162663, -20.078541], [-44.162663, -20.078541], [-44.162664, -20.078542], [-44.162664, -20.078542], [-44.162664, -20.078543], [-44.162664, -20.078543], [-44.162664, -20.078544], [-44.162664, -20.078544], [-44.162664, -20.078545], [-44.162665, -20.078545], [-44.162665, -20.078546], [-44.162665, -20.078546], [-44.162665, -20.078547], [-44.162665, -20.078547], [-44.162666, -20.078548], [-44.162666, -20.078548], [-44.162666, -20.078549], [-44.162666, -20.078549], [-44.162667, -20.07855], [-44.162667, -20.07855], [-44.162667, -20.078551], [-44.162667, -20.078551], [-44.162668, -20.078552], [-44.162668, -20.078552], [-44.162668, -20.078553], [-44.162669, -20.078553], [-44.162669, -20.078553], [-44.162669, -20.078554], [-44.16267, -20.078554], [-44.16267, -20.078555], [-44.16267, -20.078555], [-44.162671, -20.078556], [-44.162671, -20.078556], [-44.162671, -20.078556], [-44.162672, -20.078557], [-44.162672, -20.078557], [-44.162673, -20.078557], [-44.162673, -20.078558], [-44.162673, -20.078558], [-44.162845, -20.078676], [-44.163127, -20.078308], [-44.163317, -20.07806]]]}}, {"type": "Feature", "properties": {"bairro": "Estancias Serra Verde", "pasta": "24_ESTANCIAS_SERRA_VERDE", "tipo": "Quadra", "id": null, "QUADRA": "04"}, "geometry": {"type": "Polygon", "coordinates": [[[-44.16199, -20.078406], [-44.16202, -20.078586], [-44.16209, -20.079012], [-44.16209, -20.079013], [-44.16209, -20.079013], [-44.162091, -20.079014], [-44.162091, -20.079015], [-44.162092, -20.079015], [-44.162092, -20.079016], [-44.162093, -20.079016], [-44.162093, -20.079017], [-44.162094, -20.079018], [-44.162094, -20.079018], [-44.162095, -20.079019], [-44.162095, -20.07902], [-44.162096, -20.07902], [-44.162096, -20.079021], [-44.162097, -20.079021], [-44.162097, -20.079022], [-44.162098, -20.079022], [-44.162099, -20.079023], [-44.162099, -20.079023], [-44.1621, -20.079024], [-44.1621, -20.079024], [-44.162101, -20.079025], [-44.162102, -20.079025], [-44.162102, -20.079026], [-44.162103, -20.079026], [-44.162104, -20.079027], [-44.162104, -20.079027], [-44.162105, -20.079028], [-44.162106, -20.079028], [-44.162106, -20.079029], [-44.162107, -20.079029], [-44.162108, -20.079029], [-44.162108, -20.07903], [-44.162109, -20.07903], [-44.16211, -20.07903], [-44.162111, -20.079031], [-44.162111, -20.079031], [-44.162112, -20.079031], [-44.162113, -20.079032], [-44.162113, -20.079032], [-44.162114, -20.079032], [-44.162115, -20.079033], [-44.162116, -20.079033], [-44.162117, -20.079033], [-44.162117, -20.079033], [-44.162118, -20.079033], [-44.162119, -20.079034], [-44.16212, -20.079034], [-44.16212, -20.079034], [-44.162121, -20.079034], [-44.162122, -20.079034], [-44.162123, -20.079035], [-44.162124, -20.079035], [-44.162124, -20.079035], [-44.162125, -20.079035], [-44.162126, -20.079035], [-44.162127, -20.079035], [-44.162128, -20.079035], [-44.162129, -20.079035], [-44.162129, -20.079035], [-44.16213, -20.079035], [-44.162131, -20.079035], [-44.162132, -20.079035], [-44.162133, -20.079035], [-44.162133, -20.079035], [-44.162134, -20.079035], [-44.162135, -20.079035], [-44.162136, -20.079035], [-44.162137, -20.079035], [-44.162137, -20.079035], [-44.162138, -20.079035], [-44.162139, -20.079035], [-44.16214, -20.079034], [-44.162141, -20.079034], [-44.162141, -20.079034], [-44.162142, -20.079034], [-44.162143, -20.079034], [-44.162144, -20.079034], [-44.162145, -20.079033], [-44.162145, -20.079033], [-44.162146, -20.079033], [-44.162147, -20.079033], [-44.162148, -20.079032], [-44.162148, -20.079032], [-44.162149, -20.079032], [-44.16215, -20.079032], [-44.162151, -20.079031], [-44.162151, -20.079031], [-44.162152, -20.079031], [-44.162153, -20.07903], [-44.162154, -20.07903], [-44.162421, -20.078681], [-44.162421, -20.078681], [-44.162495, -20.078584], [-44.162496, -20.078584], [-44.162496, -20.078583], [-44.162496, -20.078583], [-44.162496, -20.078582], [-44.162497, -20.078582], [-44.162497, -20.078581], [-44.162497, -20.078581], [-44.162497, -20.07858], [-44.162498, -20.07858], [-44.162498, -20.078579], [-44.162498, -20.078579], [-44.162498, -20.078578], [-44.162498, -20.078577], [-44.162499, -20.078577], [-44.162499, -20.078576], [-44.162499, -20.078576], [-44.162499, -20.078575], [-44.162499, -20.078575], [-44.162499, -20.078574], [-44.1625, -20.078574], [-44.1625, -20.078573], [-44.1625, -20.078573], [-44.1625, -20.078572], [-44.1625, -20.078571], [-44.1625, -20.078571], [-44.1625, -20.07857], [-44.1625, -20.07857], [-44.1625, -20.078569], [-44.1625, -20.078569], [-44.1625, -20.078568], [-44.1625, -20.078567], [-44.1625, -20.078567], [-44.1625, -20.078566], [-44.1625, -20.078566], [-44.1625, -20.078565], [-44.1625, -20.078565], [-44.1625, -20.078564], [-44.1625, -20.078564], [-44.1625, -20.078563], [-44.162463, -20.078336], [-44.162419, -20.078069], [-44.16239, -20.07789], [-44.16234, -20.077586], [-44.162326, -20.077509], [-44.16215, -20.077492], [-44.161977, -20.077499], [-44.161845, -20.077519], [-44.161867, -20.077656], [-44.161917, -20.077959], [-44.161946, -20.078138], [-44.16199, -20.078406]]]}}, {"type": "Feature", "properties": {"bairro": "Estancias Serra Verde", "pasta": "24_ESTANCIAS_SERRA_VERDE", "tipo": "Quadra", "id": null, "QUADRA": "02"}, "geometry": {"type": "Polygon", "coordinates": [[[-44.16237, -20.077055], [-44.162371, -20.077061], [-44.162372, -20.077067], [-44.162373, -20.077073], [-44.162374, -20.077079], [-44.162375, -20.077085], [-44.162376, -20.077091], [-44.162377, -20.077097], [-44.162379, -20.077103], [-44.16238, -20.077109], [-44.162382, -20.077115], [-44.162449, -20.077526], [-44.162507, -20.077879], [-44.162592, -20.078398], [-44.162592, -20.078399], [-44.162593, -20.078399], [-44.162593, -20.0784], [-44.162593, -20.0784], [-44.162593, -20.078401], [-44.162594, -20.078401], [-44.162594, -20.078402], [-44.162594, -20.078402], [-44.162595, -20.078403], [-44.162595, -20.078403], [-44.162595, -20.078404], [-44.162596, -20.078404], [-44.162596, -20.078405], [-44.162596, -20.078405], [-44.162597, -20.078406], [-44.162597, -20.078406], [-44.162598, -20.078407], [-44.162598, -20.078407], [-44.162598, -20.078408], [-44.162599, -20.078408], [-44.162599, -20.078408], [-44.1626, -20.078409], [-44.1626, -20.078409], [-44.162601, -20.07841], [-44.162601, -20.07841], [-44.162602, -20.07841], [-44.162602, -20.078411], [-44.162602, -20.078411], [-44.162603, -20.078412], [-44.162603, -20.078412], [-44.162604, -20.078412], [-44.162604, -20.078413], [-44.162605, -20.078413], [-44.162605, -20.078413], [-44.162606, -20.078414], [-44.162606, -20.078414], [-44.162607, -20.078414], [-44.162608, -20.078414], [-44.162608, -20.078415], [-44.162609, -20.078415], [-44.162609, -20.078415], [-44.16261, -20.078415], [-44.16261, -20.078416], [-44.162611, -20.078416], [-44.162611, -20.078416], [-44.162612, -20.078416], [-44.162613, -20.078417], [-44.162613, -20.078417], [-44.162614, -20.078417], [-44.162614, -20.078417], [-44.162615, -20.078417], [-44.162616, -20.078417], [-44.162616, -20.078418], [-44.162617, -20.078418], [-44.162617, -20.078418], [-44.162618, -20.078418], [-44.162619, -20.078418], [-44.162619, -20.078418], [-44.16262, -20.078418], [-44.16262, -20.078418], [-44.162621, -20.078418], [-44.162622, -20.078418], [-44.162622, -20.078418], [-44.162623, -20.078418], [-44.162623, -20.078418], [-44.162624, -20.078418], [-44.162625, -20.078419], [-44.162625, -20.078418], [-44.162626, -20.078418], [-44.162626, -20.078418], [-44.162627, -20.078418], [-44.162628, -20.078418], [-44.162628, -20.078418], [-44.162629, -20.078418], [-44.16263, -20.078418], [-44.16263, -20.078418], [-44.162631, -20.078418], [-44.162631, -20.078418], [-44.162632, -20.078418], [-44.162633, -20.078418], [-44.162633, -20.078418], [-44.162634, -20.078417], [-44.162634, -20.078417], [-44.162635, -20.078417], [-44.162636, -20.078417], [-44.162636, -20.078417], [-44.162637, -20.078416], [-44.162637, -20.078416], [-44.162638, -20.078416], [-44.162638, -20.078416], [-44.162639, -20.078416], [-44.16264, -20.078415], [-44.16264, -20.078415], [-44.162641, -20.078415], [-44.162641, -20.078415], [-44.162642, -20.078414], [-44.162642, -20.078414], [-44.162643, -20.078414], [-44.162643, -20.078413], [-44.162644, -20.078413], [-44.162644, -20.078413], [-44.162645, -20.078412], [-44.162645, -20.078412], [-44.162646, -20.078412], [-44.162646, -20.078411], [-44.162647, -20.078411], [-44.162647, -20.078411], [-44.162648, -20.07841], [-44.162648, -20.07841], [-44.162649, -20.07841], [-44.163006, -20.077943], [-44.163006, -20.077943], [-44.163006, -20.077942], [-44.163007, -20.077942], [-44.163007, -20.077941], [-44.163007, -20.077941], [-44.163007, -20.07794], [-44.163008, -20.077939], [-44.163008, -20.077939], [-44.163008, -20.077938], [-44.163008, -20.077938], [-44.163009, -20.077937], [-44.163009, -20.077937], [-44.163009, -20.077936], [-44.163009, -20.077935], [-44.163009, -20.077935], [-44.163009, -20.077934], [-44.16301, -20.077934], [-44.16301, -20.077933], [-44.16301, -20.077932], [-44.16301, -20.077932], [-44.16301, -20.077931], [-44.16301, -20.077931], [-44.16301, -20.07793], [-44.16301, -20.077929], [-44.16301, -20.077929], [-44.16301, -20.077928], [-44.16301, -20.077928], [-44.16301, -20.077927], [-44.16301, -20.077926], [-44.16301, -20.077926], [-44.16301, -20.077925], [-44.16301, -20.077925], [-44.16301, -20.077924], [-44.16301, -20.077923], [-44.16301, -20.077923], [-44.16301, -20.077922], [-44.16301, -20.077922], [-44.16301, -20.077921], [-44.16301, -20.07792], [-44.16301, -20.07792], [-44.16301, -20.077919], [-44.16301, -20.077919], [-44.163009, -20.077918], [-44.163009, -20.077917], [-44.163009, -20.077917], [-44.163009, -20.077916], [-44.163009, -20.077916], [-44.163009, -20.077915], [-44.163008, -20.077915], [-44.163008, -20.077914], [-44.163008, -20.077913], [-44.163008, -20.077913], [-44.163007, -20.077912], [-44.163007, -20.077912], [-44.163007, -20.077911], [-44.163007, -20.077911], [-44.163006, -20.07791], [-44.163006, -20.07791], [-44.163006, -20.077909], [-44.163005, -20.077909], [-44.163005, -20.077908], [-44.163005, -20.077907], [-44.163004, -20.077907], [-44.163004, -20.077906], [-44.163004, -20.077906], [-44.163003, -20.077905], [-44.163003, -20.077905], [-44.163003, -20.077905], [-44.163002, -20.077904], [-44.163002, -20.077904], [-44.163001, -20.077903], [-44.163001, -20.077903], [-44.163, -20.077902], [-44.163, -20.077902], [-44.163, -20.077901], [-44.162999, -20.077901], [-44.162999, -20.0779], [-44.162998, -20.0779], [-44.162998, -20.0779], [-44.162997, -20.077899], [-44.162997, -20.077899], [-44.162996, -20.077899], [-44.162996, -20.077898], [-44.162995, -20.077898], [-44.162995, -20.077897], [-44.162994, -20.077897], [-44.162994, -20.077897], [-44.162993, -20.077896], [-44.162993, -20.077896], [-44.162992, -20.077896], [-44.162991, -20.077896], [-44.16299, -20.077894], [-44.162988, -20.077893], [-44.162986, -20.077891], [-44.162984, -20.07789], [-44.162982, -20.077888], [-44.16298, -20.077887], [-44.162979, -20.077885], [-44.162977, -20.077883], [-44.162975, -20.077882], [-44.162974, -20.07788], [-44.162972, -20.077878], [-44.162971, -20.077877], [-44.162969, -20.077875], [-44.162967, -20.077873], [-44.162966, -20.077871], [-44.162965, -20.07787], [-44.162963, -20.077868], [-44.162962, -20.077866], [-44.16296, -20.077864], [-44.162959, -20.077862], [-44.162958, -20.07786], [-44.162957, -20.077858], [-44.162955, -20.077856], [-44.162954, -20.077854], [-44.162953, -20.077852], [-44.162952, -20.07785], [-44.162951, -20.077848], [-44.16295, -20.077846], [-44.162949, -20.077844], [-44.162948, -20.077842], [-44.162947, -20.07784], [-44.162946, -20.077838], [-44.162945, -20.077836], [-44.162944, -20.077833], [-44.162944, -20.077831], [-44.162943, -20.077829], [-44.162942, -20.077827], [-44.162942, -20.077825], [-44.162941, -20.077822], [-44.162941, -20.07782], [-44.16294, -20.077818], [-44.16294, -20.077816], [-44.162939, -20.077814], [-44.162939, -20.077811], [-44.162938, -20.077809], [-44.162938, -20.077807], [-44.162938, -20.077805], [-44.162938, -20.077802], [-44.162937, -20.0778], [-44.162937, -20.077798], [-44.162937, -20.077795], [-44.162937, -20.077793], [-44.162937, -20.077791], [-44.162937, -20.077788], [-44.162937, -20.077786], [-44.162937, -20.077784], [-44.162937, -20.077782], [-44.162938, -20.077779], [-44.162938, -20.077777], [-44.162938, -20.077775], [-44.162938, -20.077772], [-44.162939, -20.07777], [-44.162939, -20.077768], [-44.16294, -20.077766], [-44.16294, -20.077763], [-44.162941, -20.077761], [-44.162941, -20.077759], [-44.162942, -20.077757], [-44.162942, -20.077754], [-44.162943, -20.077752], [-44.162944, -20.07775], [-44.162945, -20.077748], [-44.162945, -20.077746], [-44.162946, -20.077743], [-44.162947, -20.077741], [-44.162948, -20.077739], [-44.162949, -20.077737], [-44.16295, -20.077735], [-44.162951, -20.077733], [-44.162952, -20.077731], [-44.162953, -20.077729], [-44.162954, -20.077727], [-44.162956, -20.077725], [-44.162957, -20.077723], [-44.162729, -20.07766], [-44.162696, -20.077483], [-44.162648, -20.077228], [-44.162604, -20.077194], [-44.162369, -20.077037], [-44.162369, -20.077043], [-44.16237, -20.077049], [-44.16237, -20.077055]]]}}, {"type": "Feature", "properties": {"bairro": "Estancias Serra Verde", "pasta": "24_ESTANCIAS_SERRA_VERDE", "tipo": "Quadra", "id": null, "QUADRA": null}, "geometry": {"type": "Polygon", "coordinates": [[[-44.163503, -20.077822], [-44.162698, -20.077272], [-44.162758, -20.077645], [-44.162972, -20.077701], [-44.162974, -20.077699], [-44.162976, -20.077698], [-44.162978, -20.077696], [-44.16298, -20.077695], [-44.162982, -20.077693], [-44.162984, -20.077692], [-44.162986, -20.07769], [-44.162988, -20.077689], [-44.16299, -20.077688], [-44.162992, -20.077686], [-44.162994, -20.077685], [-44.162996, -20.077684], [-44.162998, -20.077683], [-44.163, -20.077681], [-44.163002, -20.07768], [-44.163005, -20.077679], [-44.163007, -20.077678], [-44.163009, -20.077677], [-44.163011, -20.077676], [-44.163014, -20.077675], [-44.163016, -20.077674], [-44.163018, -20.077673], [-44.163021, -20.077672], [-44.163023, -20.077672], [-44.163025, -20.077671], [-44.163028, -20.07767], [-44.16303, -20.077669], [-44.163033, -20.077669], [-44.163035, -20.077668], [-44.163037, -20.077668], [-44.16304, -20.077667], [-44.163042, -20.077667], [-44.163045, -20.077666], [-44.163047, -20.077666], [-44.16305, -20.077665], [-44.163052, -20.077665], [-44.163055, -20.077665], [-44.163057, -20.077665], [-44.16306, -20.077664], [-44.163062, -20.077664], [-44.163065, -20.077664], [-44.163067, -20.077664], [-44.16307, -20.077664], [-44.163072, -20.077664], [-44.163075, -20.077664], [-44.163077, -20.077664], [-44.16308, -20.077664], [-44.163082, -20.077664], [-44.163085, -20.077665], [-44.163087, -20.077665], [-44.16309, -20.077665], [-44.163092, -20.077665], [-44.163094, -20.077666], [-44.163097, -20.077666], [-44.163099, -20.077667], [-44.163102, -20.077667], [-44.163104, -20.077668], [-44.163107, -20.077668], [-44.163109, -20.077669], [-44.163112, -20.07767], [-44.163114, -20.07767], [-44.163116, -20.077671], [-44.163119, -20.077672], [-44.163121, -20.077673], [-44.163123, -20.077673], [-44.163126, -20.077674], [-44.163128, -20.077675], [-44.16313, -20.077676], [-44.163132, -20.077677], [-44.163135, -20.077678], [-44.163137, -20.077679], [-44.163139, -20.07768], [-44.163141, -20.077682], [-44.163144, -20.077683], [-44.163146, -20.077684], [-44.163148, -20.077685], [-44.16315, -20.077686], [-44.163152, -20.077688], [-44.163154, -20.077689], [-44.163156, -20.077691], [-44.163158, -20.077692], [-44.16316, -20.077693], [-44.163162, -20.077695], [-44.163164, -20.077696], [-44.163166, -20.077698], [-44.163168, -20.0777], [-44.163169, -20.077701], [-44.163171, -20.077703], [-44.163173, -20.077704], [-44.163175, -20.077706], [-44.163176, -20.077708], [-44.163178, -20.07771], [-44.16318, -20.077711], [-44.163181, -20.077713], [-44.163183, -20.077715], [-44.163184, -20.077717], [-44.163186, -20.077719], [-44.163187, -20.077721], [-44.163189, -20.077723], [-44.16319, -20.077725], [-44.163192, -20.077727], [-44.163193, -20.077729], [-44.163194, -20.077731], [-44.163195, -20.077733], [-44.163197, -20.077735], [-44.163198, -20.077737], [-44.163199, -20.077739], [-44.1632, -20.077741], [-44.163201, -20.077743], [-44.163202, -20.077745], [-44.163203, -20.077748], [-44.163204, -20.07775], [-44.163205, -20.077752], [-44.163206, -20.077754], [-44.163207, -20.077756], [-44.163207, -20.077759], [-44.163208, -20.077761], [-44.163209, -20.077763], [-44.163399, -20.077892], [-44.16343, -20.077914], [-44.163452, -20.077884], [-44.163503, -20.077822]]]}}, {"type": "Feature", "properties": {"bairro": "Chacaras Recanto Do Funil", "pasta": "26_CHACARAS_RECANTO_DO_FUNIL", "tipo": "Quadra", "id": null, "QUADRA": "02"}, "geometry": {"type": "MultiPolygon", "coordinates": [[[[-44.200793, -20.084384], [-44.200729, -20.084569], [-44.201046, -20.084684], [-44.201266, -20.084523], [-44.201417, -20.084412], [-44.201417, -20.084412], [-44.201527, -20.084325], [-44.201559, -20.084291], [-44.201665, -20.084139], [-44.201512, -20.08403], [-44.200964, -20.083886], [-44.200905, -20.084058], [-44.200846, -20.08423], [-44.200793, -20.084384]]], [[[-44.200742, -20.083849], [-44.200737, -20.083853], [-44.200731, -20.083856], [-44.200726, -20.08386], [-44.20072, -20.083862], [-44.200714, -20.083865], [-44.200707, -20.083867], [-44.200701, -20.083868], [-44.200694, -20.083869], [-44.200688, -20.08387], [-44.200681, -20.08387], [-44.200674, -20.08387], [-44.200668, -20.08387], [-44.200661, -20.083869], [-44.200655, -20.083867], [-44.200648, -20.083865], [-44.200642, -20.083863], [-44.200636, -20.08386], [-44.20063, -20.083857], [-44.200625, -20.083854], [-44.200619, -20.08385], [-44.200614, -20.083846], [-44.20061, -20.083842], [-44.200605, -20.083837], [-44.200601, -20.083832], [-44.200597, -20.083827], [-44.200594, -20.083821], [-44.200591, -20.083816], [-44.200589, -20.08381], [-44.200587, -20.083805], [-44.200586, -20.0838], [-44.200584, -20.083794], [-44.200584, -20.083789], [-44.200583, -20.083784], [-44.200583, -20.083778], [-44.200584, -20.083773], [-44.200584, -20.083768], [-44.200585, -20.083762], [-44.200587, -20.083757], [-44.200588, -20.083751], [-44.20059, -20.083746], [-44.200593, -20.08374], [-44.200596, -20.083735], [-44.200599, -20.08373], [-44.200602, -20.083726], [-44.200606, -20.083721], [-44.20061, -20.083717], [-44.200615, -20.083713], [-44.20062, -20.083709], [-44.20062, -20.083709], [-44.20062, -20.083709], [-44.200625, -20.083706], [-44.20063, -20.083702], [-44.200636, -20.083699], [-44.200642, -20.083697], [-44.200648, -20.083694], [-44.200654, -20.083693], [-44.200661, -20.083691], [-44.200667, -20.08369], [-44.200674, -20.08369], [-44.20068, -20.08369], [-44.200687, -20.08369], [-44.200693, -20.083691], [-44.2007, -20.083692], [-44.200706, -20.083693], [-44.200712, -20.083695], [-44.200718, -20.083697], [-44.200724, -20.0837], [-44.20073, -20.083703], [-44.200735, -20.083707], [-44.20074, -20.083711], [-44.200745, -20.083715], [-44.20075, -20.083719], [-44.200754, -20.083724], [-44.200758, -20.083729], [-44.200762, -20.083734], [-44.200765, -20.083739], [-44.200767, -20.083745], [-44.20097, -20.083794], [-44.201168, -20.083846], [-44.201366, -20.083898], [-44.201528, -20.083936], [-44.201562, -20.083958], [-44.20172, -20.084059], [-44.20204, -20.083676], [-44.201956, -20.083516], [-44.201829, -20.083369], [-44.201711, -20.083215], [-44.201692, -20.083201], [-44.201648, -20.083238], [-44.201604, -20.083274], [-44.201555, -20.083313], [-44.201529, -20.083328], [-44.201489, -20.083351], [-44.201457, -20.083367], [-44.201428, -20.083376], [-44.201399, -20.083383], [-44.20136, -20.083384], [-44.201336, -20.083385], [-44.201321, -20.083383], [-44.201301, -20.083375], [-44.201276, -20.083351], [-44.201241, -20.083317], [-44.20123, -20.083307], [-44.201217, -20.083291], [-44.20121, -20.083286], [-44.201187, -20.083288], [-44.201112, -20.083338], [-44.201083, -20.083348], [-44.20104, -20.083363], [-44.200976, -20.083385], [-44.200949, -20.083389], [-44.200915, -20.083397], [-44.200868, -20.083404], [-44.200831, -20.083415], [-44.200799, -20.083444], [-44.20078, -20.083464], [-44.200767, -20.083487], [-44.200734, -20.083529], [-44.20072, -20.083541], [-44.200689, -20.083559], [-44.20067, -20.083574], [-44.200662, -20.083574], [-44.200654, -20.083569], [-44.200644, -20.083563], [-44.200632, -20.08356], [-44.200626, -20.083556], [-44.20062, -20.083548], [-44.20061, -20.083539], [-44.200592, -20.083526], [-44.200559, -20.083501], [-44.200535, -20.083485], [-44.200509, -20.083467], [-44.200489, -20.083449], [-44.200466, -20.083429], [-44.20045, -20.083412], [-44.200427, -20.083387], [-44.200405, -20.083371], [-44.200386, -20.083349], [-44.200363, -20.083285], [-44.200308, -20.083195], [-44.20026, -20.08311], [-44.20017, -20.083], [-44.200113, -20.082953], [-44.200063, -20.083219], [-44.200109, -20.083448], [-44.200109, -20.083448], [-44.200109, -20.083448], [-44.200122, -20.083604], [-44.200195, -20.083906], [-44.200245, -20.084091], [-44.200382, -20.084402], [-44.200392, -20.084442], [-44.20055, -20.084507], [-44.200729, -20.084569], [-44.200964, -20.083886], [-44.200779, -20.083841], [-44.200756, -20.083836], [-44.200752, -20.08384], [-44.200747, -20.083845], [-44.200742, -20.083849]]]]}}, {"type": "Feature", "properties": {"bairro": "Chacaras Recanto Do Funil", "pasta": "26_CHACARAS_RECANTO_DO_FUNIL", "tipo": "Quadra", "id": null, "QUADRA": "01"}, "geometry": {"type": "MultiPolygon", "coordinates": [[[[-44.202148, -20.085446], [-44.202142, -20.085442], [-44.202136, -20.085439], [-44.202098, -20.08539], [-44.202096, -20.085383], [-44.202095, -20.085375], [-44.202094, -20.085368], [-44.202094, -20.08536], [-44.202094, -20.085353], [-44.202094, -20.085345], [-44.202095, -20.085338], [-44.202097, -20.085331], [-44.202099, -20.085323], [-44.202101, -20.085316], [-44.202104, -20.085309], [-44.202114, -20.085244], [-44.202026, -20.08507], [-44.201941, -20.084893], [-44.201863, -20.084724], [-44.201656, -20.084296], [-44.201502, -20.084444], [-44.201349, -20.084555], [-44.201057, -20.084751], [-44.201149, -20.08498], [-44.201313, -20.08491], [-44.201402, -20.085081], [-44.201474, -20.085256], [-44.201525, -20.085396], [-44.201593, -20.08562], [-44.201723, -20.085909], [-44.202072, -20.085783], [-44.202446, -20.085739], [-44.202582, -20.085723], [-44.202665, -20.085742], [-44.202262, -20.085437], [-44.202256, -20.085441], [-44.20225, -20.085444], [-44.202244, -20.085447], [-44.202238, -20.08545], [-44.202231, -20.085452], [-44.202224, -20.085454], [-44.202217, -20.085456], [-44.20221, -20.085457], [-44.202203, -20.085457], [-44.202196, -20.085457], [-44.202189, -20.085457], [-44.202182, -20.085456], [-44.202175, -20.085455], [-44.202168, -20.085453], [-44.202161, -20.085451], [-44.202155, -20.085449], [-44.202148, -20.085446]]], [[[-44.202199, -20.085197], [-44.202262, -20.085241], [-44.202288, -20.085276], [-44.202293, -20.085281], [-44.202297, -20.085286], [-44.2023, -20.085292], [-44.202306, -20.085305], [-44.20231, -20.085327], [-44.20231, -20.08535], [-44.202308, -20.085366], [-44.202303, -20.085378], [-44.202299, -20.085386], [-44.202297, -20.085393], [-44.202294, -20.085399], [-44.202291, -20.085406], [-44.202287, -20.085412], [-44.202283, -20.085417], [-44.202278, -20.085423], [-44.202273, -20.085428], [-44.202268, -20.085433], [-44.202262, -20.085437], [-44.202665, -20.085742], [-44.202679, -20.085747], [-44.203059, -20.085895], [-44.203003, -20.085419], [-44.202988, -20.085337], [-44.20286, -20.085031], [-44.202783, -20.084846], [-44.202676, -20.084667], [-44.20256, -20.084526], [-44.202502, -20.084442], [-44.202449, -20.084367], [-44.202323, -20.084207], [-44.202078, -20.083733], [-44.201945, -20.083907], [-44.201823, -20.084069], [-44.201727, -20.084227], [-44.201948, -20.08468], [-44.202199, -20.085197]]]]}}, {"type": "Feature", "properties": {"bairro": "Vila Das Amoreiras", "pasta": "27_VILA_DAS_AMOREIRAS", "tipo": "Quadra", "QUADRA": null}, "geometry": {"type": "Polygon", "coordinates": [[[-44.209771, -20.090139], [-44.209771, -20.090138], [-44.209771, -20.090137], [-44.209771, -20.090137], [-44.209771, -20.090136], [-44.20977, -20.090135], [-44.20977, -20.090134], [-44.20977, -20.090134], [-44.20977, -20.090133], [-44.209769, -20.090132], [-44.209769, -20.090132], [-44.209768, -20.090131], [-44.209768, -20.090131], [-44.209767, -20.09013], [-44.209767, -20.09013], [-44.209766, -20.090129], [-44.209766, -20.090129], [-44.209765, -20.090128], [-44.209764, -20.090128], [-44.209763, -20.090128], [-44.209763, -20.090127], [-44.209762, -20.090127], [-44.209761, -20.090127], [-44.20976, -20.090127], [-44.20976, -20.090127], [-44.209759, -20.090127], [-44.209758, -20.090127], [-44.209757, -20.090127], [-44.209757, -20.090127], [-44.209756, -20.090128], [-44.209478, -20.090225], [-44.209477, -20.090226], [-44.209476, -20.090227], [-44.209475, -20.090229], [-44.209474, -20.09023], [-44.209474, -20.090231], [-44.209473, -20.090233], [-44.209473, -20.090234], [-44.209472, -20.090236], [-44.209472, -20.090237], [-44.209472, -20.090239], [-44.209472, -20.09024], [-44.209472, -20.090242], [-44.209472, -20.090243], [-44.209472, -20.090245], [-44.209473, -20.090246], [-44.209719, -20.090873], [-44.20972, -20.090873], [-44.209721, -20.090874], [-44.209722, -20.090874], [-44.209723, -20.090875], [-44.209724, -20.090875], [-44.209725, -20.090875], [-44.209726, -20.090876], [-44.209728, -20.090876], [-44.209729, -20.090876], [-44.20973, -20.090876], [-44.209731, -20.090875], [-44.209732, -20.090875], [-44.209733, -20.090875], [-44.209734, -20.090875], [-44.209735, -20.090874], [-44.209736, -20.090874], [-44.209737, -20.090873], [-44.209738, -20.090873], [-44.209739, -20.090872], [-44.20974, -20.090871], [-44.20974, -20.090871], [-44.209741, -20.09087], [-44.209742, -20.090869], [-44.209742, -20.090868], [-44.209743, -20.090867], [-44.209743, -20.090866], [-44.209744, -20.090865], [-44.209744, -20.090864], [-44.209744, -20.090863], [-44.209771, -20.090139]]]}}, {"type": "Feature", "properties": {"bairro": "Vila Das Amoreiras", "pasta": "27_VILA_DAS_AMOREIRAS", "tipo": "Quadra", "QUADRA": "04"}, "geometry": {"type": "Polygon", "coordinates": [[[-44.208606, -20.092139], [-44.208673, -20.092467], [-44.208675, -20.092468], [-44.208676, -20.092469], [-44.208678, -20.09247], [-44.20868, -20.092471], [-44.208682, -20.092472], [-44.208684, -20.092472], [-44.208686, -20.092472], [-44.208688, -20.092473], [-44.20869, -20.092473], [-44.208692, -20.092473], [-44.208694, -20.092473], [-44.208696, -20.092472], [-44.208698, -20.092472], [-44.208699, -20.092471], [-44.208701, -20.092471], [-44.208703, -20.09247], [-44.208705, -20.092469], [-44.208707, -20.092468], [-44.208708, -20.092467], [-44.20871, -20.092465], [-44.208711, -20.092464], [-44.208712, -20.092463], [-44.208714, -20.092461], [-44.208715, -20.09246], [-44.208716, -20.092458], [-44.208716, -20.092456], [-44.208717, -20.092454], [-44.208718, -20.092453], [-44.208718, -20.092451], [-44.208718, -20.092449], [-44.208719, -20.092447], [-44.208798, -20.092054], [-44.208606, -20.092139]]]}}, {"type": "Feature", "properties": {"bairro": "Vila Das Amoreiras", "pasta": "27_VILA_DAS_AMOREIRAS", "tipo": "Quadra", "QUADRA": "05"}, "geometry": {"type": "Polygon", "coordinates": [[[-44.209306, -20.088792], [-44.209305, -20.088791], [-44.209304, -20.08879], [-44.209302, -20.08879], [-44.209301, -20.088789], [-44.2093, -20.088789], [-44.209299, -20.088788], [-44.209298, -20.088788], [-44.209296, -20.088788], [-44.209295, -20.088787], [-44.209294, -20.088787], [-44.209292, -20.088787], [-44.209291, -20.088787], [-44.20929, -20.088787], [-44.209289, -20.088788], [-44.209287, -20.088788], [-44.209286, -20.088788], [-44.209125, -20.088845], [-44.208963, -20.088902], [-44.208962, -20.088902], [-44.208961, -20.088903], [-44.20896, -20.088903], [-44.208959, -20.088904], [-44.208958, -20.088905], [-44.208957, -20.088906], [-44.208956, -20.088907], [-44.208955, -20.088908], [-44.208954, -20.088909], [-44.208954, -20.08891], [-44.208953, -20.088911], [-44.208952, -20.088912], [-44.208952, -20.088913], [-44.208952, -20.088914], [-44.208951, -20.088915], [-44.208951, -20.088917], [-44.208951, -20.088918], [-44.208951, -20.088919], [-44.208951, -20.08892], [-44.208951, -20.088922], [-44.208951, -20.088923], [-44.208952, -20.088924], [-44.208952, -20.088925], [-44.209006, -20.089061], [-44.209066, -20.089213], [-44.209126, -20.089365], [-44.209186, -20.089518], [-44.209246, -20.08967], [-44.209306, -20.089823], [-44.209426, -20.090128], [-44.209605, -20.090064], [-44.209749, -20.090014], [-44.209751, -20.089917], [-44.209725, -20.089849], [-44.209665, -20.089697], [-44.209604, -20.089544], [-44.209544, -20.089392], [-44.209484, -20.089239], [-44.209424, -20.089087], [-44.209364, -20.088934], [-44.209311, -20.088799], [-44.20931, -20.088798], [-44.20931, -20.088797], [-44.209309, -20.088796], [-44.209308, -20.088795], [-44.209307, -20.088794], [-44.209307, -20.088793], [-44.209306, -20.088792]]]}}, {"type": "Feature", "properties": {"bairro": "Vila Das Amoreiras", "pasta": "27_VILA_DAS_AMOREIRAS", "tipo": "Quadra", "QUADRA": "02"}, "geometry": {"type": "Polygon", "coordinates": [[[-44.209421, -20.092814], [-44.209443, -20.09292], [-44.209465, -20.093027], [-44.209487, -20.093133], [-44.209508, -20.09324], [-44.20953, -20.093346], [-44.209552, -20.093452], [-44.209574, -20.093559], [-44.209595, -20.093665], [-44.209617, -20.093772], [-44.209639, -20.093878], [-44.20966, -20.093985], [-44.209682, -20.094091], [-44.2097, -20.09418], [-44.209701, -20.094181], [-44.209701, -20.094182], [-44.209701, -20.094184], [-44.209702, -20.094185], [-44.209703, -20.094186], [-44.209703, -20.094187], [-44.209704, -20.094188], [-44.209705, -20.094189], [-44.209706, -20.09419], [-44.209707, -20.09419], [-44.209708, -20.094191], [-44.209709, -20.094192], [-44.20971, -20.094193], [-44.209711, -20.094193], [-44.209712, -20.094194], [-44.209714, -20.094194], [-44.209715, -20.094194], [-44.209716, -20.094194], [-44.209717, -20.094195], [-44.209719, -20.094195], [-44.20972, -20.094195], [-44.209721, -20.094195], [-44.209723, -20.094194], [-44.209986, -20.094146], [-44.210249, -20.094099], [-44.21025, -20.094098], [-44.210251, -20.094098], [-44.210252, -20.094098], [-44.210254, -20.094097], [-44.210255, -20.094096], [-44.210256, -20.094096], [-44.210257, -20.094095], [-44.210258, -20.094094], [-44.210259, -20.094093], [-44.21026, -20.094092], [-44.21026, -20.094091], [-44.210261, -20.09409], [-44.210262, -20.094089], [-44.210262, -20.094088], [-44.210263, -20.094087], [-44.210263, -20.094086], [-44.210264, -20.094085], [-44.210264, -20.094084], [-44.210264, -20.094082], [-44.210264, -20.094081], [-44.210264, -20.09408], [-44.210264, -20.094079], [-44.210264, -20.094077], [-44.210246, -20.093989], [-44.210224, -20.093882], [-44.210202, -20.093776], [-44.21018, -20.093669], [-44.210159, -20.093563], [-44.210137, -20.093456], [-44.210115, -20.09335], [-44.210094, -20.093243], [-44.210072, -20.093137], [-44.21005, -20.09303], [-44.210028, -20.092924], [-44.210007, -20.092818], [-44.209985, -20.092711], [-44.209963, -20.092605], [-44.209942, -20.092498], [-44.20992, -20.092392], [-44.209898, -20.092285], [-44.209876, -20.092179], [-44.209855, -20.092072], [-44.209833, -20.091966], [-44.209811, -20.091859], [-44.209789, -20.091753], [-44.209768, -20.091646], [-44.209746, -20.09154], [-44.209724, -20.091433], [-44.20967, -20.091301], [-44.20962, -20.091203], [-44.20957, -20.091106], [-44.209521, -20.091008], [-44.209471, -20.09091], [-44.209334, -20.090642], [-44.209333, -20.090641], [-44.209333, -20.09064], [-44.209332, -20.090639], [-44.209331, -20.090638], [-44.20933, -20.090637], [-44.209329, -20.090636], [-44.209328, -20.090636], [-44.209327, -20.090635], [-44.209326, -20.090634], [-44.209325, -20.090634], [-44.209324, -20.090633], [-44.209322, -20.090633], [-44.209321, -20.090633], [-44.20932, -20.090633], [-44.209319, -20.090633], [-44.209318, -20.090633], [-44.209316, -20.090633], [-44.209315, -20.090633], [-44.209314, -20.090633], [-44.209313, -20.090633], [-44.209312, -20.090634], [-44.20931, -20.090634], [-44.209309, -20.090635], [-44.209308, -20.090635], [-44.209307, -20.090636], [-44.209306, -20.090637], [-44.209305, -20.090637], [-44.209305, -20.090638], [-44.209304, -20.090639], [-44.209303, -20.09064], [-44.209302, -20.090641], [-44.209302, -20.090642], [-44.209301, -20.090643], [-44.209301, -20.090644], [-44.209301, -20.090645], [-44.20923, -20.09102], [-44.209223, -20.091048], [-44.209147, -20.091406], [-44.209143, -20.091443], [-44.209161, -20.091536], [-44.209161, -20.091536], [-44.209183, -20.091642], [-44.209204, -20.091749], [-44.209226, -20.091855], [-44.209248, -20.091962], [-44.209269, -20.092068], [-44.209291, -20.092175], [-44.209313, -20.092281], [-44.209335, -20.092388], [-44.209356, -20.092494], [-44.209378, -20.092601], [-44.2094, -20.092707], [-44.209421, -20.092814]]]}}, {"type": "Feature", "properties": {"bairro": "Vila Das Amoreiras", "pasta": "27_VILA_DAS_AMOREIRAS", "tipo": "Quadra", "QUADRA": "02"}, "geometry": {"type": "Polygon", "coordinates": [[[-44.208705, -20.088874], [-44.208665, -20.088772], [-44.208625, -20.088671], [-44.208575, -20.088544], [-44.20829, -20.088596], [-44.208004, -20.088648], [-44.208087, -20.08886], [-44.208127, -20.088961], [-44.208168, -20.089063], [-44.208208, -20.089165], [-44.208248, -20.089266], [-44.208288, -20.089368], [-44.208328, -20.089469], [-44.208368, -20.089571], [-44.208408, -20.089673], [-44.208448, -20.089774], [-44.208488, -20.089876], [-44.208528, -20.089977], [-44.208568, -20.090079], [-44.208608, -20.090181], [-44.208648, -20.090282], [-44.208688, -20.090384], [-44.208728, -20.090486], [-44.208768, -20.090587], [-44.209163, -20.090448], [-44.209226, -20.090195], [-44.209186, -20.090093], [-44.209146, -20.089992], [-44.209106, -20.08989], [-44.209066, -20.089788], [-44.209026, -20.089687], [-44.208986, -20.089585], [-44.208946, -20.089483], [-44.208906, -20.089382], [-44.208866, -20.08928], [-44.208825, -20.089179], [-44.208785, -20.089077], [-44.208745, -20.088975], [-44.208705, -20.088874]], [[-44.208969, -20.091076], [-44.208968, -20.091075], [-44.208966, -20.091075], [-44.208964, -20.091074], [-44.208963, -20.091073], [-44.208961, -20.091072], [-44.20896, -20.091071], [-44.208959, -20.09107], [-44.208848, -20.09079], [-44.208808, -20.090689], [-44.208768, -20.090587], [-44.209163, -20.090448], [-44.209125, -20.090577], [-44.209087, -20.090707], [-44.208999, -20.091067], [-44.208998, -20.091068], [-44.208996, -20.091069], [-44.208995, -20.091071], [-44.208994, -20.091072], [-44.208992, -20.091073], [-44.208991, -20.091074], [-44.208989, -20.091075], [-44.208987, -20.091075], [-44.208986, -20.091076], [-44.208984, -20.091076], [-44.208982, -20.091077], [-44.20898, -20.091077], [-44.208979, -20.091077], [-44.208977, -20.091077], [-44.208975, -20.091077], [-44.208973, -20.091077], [-44.208971, -20.091076], [-44.208969, -20.091076]]]}}, {"type": "Feature", "properties": {"bairro": "Vila Das Amoreiras", "pasta": "27_VILA_DAS_AMOREIRAS", "tipo": "Quadra", "QUADRA": "11"}, "geometry": {"type": "Polygon", "coordinates": [[[-44.209208, -20.088535], [-44.209148, -20.088382], [-44.208968, -20.088445], [-44.208789, -20.088509], [-44.208849, -20.088661], [-44.208903, -20.088796], [-44.208903, -20.088798], [-44.208904, -20.088799], [-44.208904, -20.0888], [-44.208905, -20.088801], [-44.208906, -20.088802], [-44.208907, -20.088803], [-44.208908, -20.088804], [-44.208909, -20.088804], [-44.20891, -20.088805], [-44.208911, -20.088806], [-44.208912, -20.088806], [-44.208913, -20.088807], [-44.208914, -20.088807], [-44.208916, -20.088808], [-44.208917, -20.088808], [-44.208918, -20.088808], [-44.20892, -20.088808], [-44.208921, -20.088808], [-44.208922, -20.088808], [-44.208923, -20.088808], [-44.208925, -20.088808], [-44.208926, -20.088807], [-44.208927, -20.088807], [-44.209089, -20.08875], [-44.209268, -20.088687], [-44.209208, -20.088535]]]}}, {"type": "Feature", "properties": {"bairro": "Vila Das Amoreiras", "pasta": "27_VILA_DAS_AMOREIRAS", "tipo": "Quadra", "QUADRA": "04"}, "geometry": {"type": "Polygon", "coordinates": [[[-44.208036, -20.089065], [-44.207896, -20.088709], [-44.207803, -20.089147], [-44.207785, -20.089206], [-44.207751, -20.089375], [-44.207726, -20.089465], [-44.207699, -20.08953], [-44.20768, -20.089586], [-44.207653, -20.089648], [-44.207658, -20.08966], [-44.207699, -20.089762], [-44.207739, -20.089864], [-44.207779, -20.089965], [-44.207819, -20.090067], [-44.207859, -20.090168], [-44.207899, -20.09027], [-44.207939, -20.090372], [-44.207979, -20.090473], [-44.208019, -20.090575], [-44.208059, -20.090676], [-44.208099, -20.090778], [-44.208139, -20.09088], [-44.208179, -20.090981], [-44.208219, -20.091083], [-44.208259, -20.091184], [-44.208299, -20.091286], [-44.208339, -20.091388], [-44.208379, -20.091489], [-44.20842, -20.091591], [-44.20846, -20.091693], [-44.2085, -20.091794], [-44.208508, -20.09182], [-44.208517, -20.091887], [-44.208527, -20.092004], [-44.208726, -20.091936], [-44.208768, -20.091798], [-44.208785, -20.091742], [-44.2089, -20.091306], [-44.208906, -20.09127], [-44.208877, -20.091199], [-44.208837, -20.091097], [-44.208797, -20.090995], [-44.208757, -20.090894], [-44.208717, -20.090792], [-44.208677, -20.09069], [-44.208637, -20.090589], [-44.208597, -20.090487], [-44.208557, -20.090386], [-44.208517, -20.090284], [-44.208477, -20.090182], [-44.208437, -20.090081], [-44.208397, -20.089979], [-44.208356, -20.089878], [-44.208316, -20.089776], [-44.208276, -20.089674], [-44.208236, -20.089573], [-44.208196, -20.089471], [-44.208156, -20.089369], [-44.208116, -20.089268], [-44.208076, -20.089166], [-44.208036, -20.089065]]]}}, {"type": "Feature", "properties": {"bairro": "Vila Das Amoreiras", "pasta": "27_VILA_DAS_AMOREIRAS", "tipo": "Quadra", "QUADRA": "03"}, "geometry": {"type": "Polygon", "coordinates": [[[-44.209499, -20.093774], [-44.209499, -20.093773], [-44.209499, -20.093772], [-44.209499, -20.09377], [-44.2095, -20.093769], [-44.2095, -20.093768], [-44.209499, -20.093767], [-44.209499, -20.093765], [-44.209481, -20.093677], [-44.209459, -20.09357], [-44.209438, -20.093464], [-44.209416, -20.093357], [-44.209394, -20.093251], [-44.209372, -20.093144], [-44.209351, -20.093038], [-44.209329, -20.092931], [-44.209307, -20.092825], [-44.209286, -20.092718], [-44.209264, -20.092612], [-44.209242, -20.092505], [-44.20922, -20.092399], [-44.209199, -20.092293], [-44.209173, -20.092168], [-44.209143, -20.092017], [-44.209075, -20.091687], [-44.209074, -20.091685], [-44.209072, -20.091684], [-44.209071, -20.091683], [-44.209069, -20.091682], [-44.209068, -20.091681], [-44.209066, -20.091681], [-44.209064, -20.09168], [-44.209063, -20.09168], [-44.209061, -20.091679], [-44.209059, -20.091679], [-44.209057, -20.091679], [-44.209055, -20.091679], [-44.209054, -20.091679], [-44.209052, -20.091679], [-44.20905, -20.091679], [-44.209048, -20.09168], [-44.209047, -20.09168], [-44.209045, -20.091681], [-44.209043, -20.091682], [-44.209042, -20.091683], [-44.20904, -20.091684], [-44.209039, -20.091685], [-44.209037, -20.091686], [-44.209036, -20.091687], [-44.209035, -20.091689], [-44.209034, -20.09169], [-44.209033, -20.091691], [-44.209032, -20.091693], [-44.209031, -20.091694], [-44.208955, -20.092052], [-44.20892, -20.092214], [-44.208904, -20.092282], [-44.208817, -20.092712], [-44.208772, -20.092922], [-44.208757, -20.092994], [-44.208766, -20.093034], [-44.208787, -20.09314], [-44.208809, -20.093247], [-44.208831, -20.093353], [-44.208852, -20.09346], [-44.208874, -20.093566], [-44.208896, -20.093673], [-44.208918, -20.093779], [-44.208936, -20.093868], [-44.208936, -20.093869], [-44.208936, -20.09387], [-44.208937, -20.093872], [-44.208937, -20.093873], [-44.208938, -20.093874], [-44.208939, -20.093875], [-44.208939, -20.093876], [-44.20894, -20.093877], [-44.208941, -20.093878], [-44.208942, -20.093878], [-44.208943, -20.093879], [-44.208944, -20.09388], [-44.208945, -20.09388], [-44.208947, -20.093881], [-44.208948, -20.093881], [-44.208949, -20.093882], [-44.20895, -20.093882], [-44.208952, -20.093882], [-44.208953, -20.093883], [-44.208954, -20.093883], [-44.208955, -20.093883], [-44.208957, -20.093882], [-44.208958, -20.093882], [-44.209221, -20.093834], [-44.209484, -20.093787], [-44.209485, -20.093786], [-44.209487, -20.093786], [-44.209488, -20.093785], [-44.209489, -20.093785], [-44.20949, -20.093784], [-44.209491, -20.093784], [-44.209492, -20.093783], [-44.209493, -20.093782], [-44.209494, -20.093781], [-44.209495, -20.09378], [-44.209496, -20.093779], [-44.209497, -20.093778], [-44.209497, -20.093777], [-44.209498, -20.093776], [-44.209498, -20.093775], [-44.209499, -20.093774]]]}}, {"type": "Feature", "properties": {"bairro": "Vila Das Amoreiras", "pasta": "27_VILA_DAS_AMOREIRAS", "tipo": "Quadra", "QUADRA": "03"}, "geometry": {"type": "Polygon", "coordinates": [[[-44.209026, -20.094312], [-44.209048, -20.094418], [-44.20907, -20.094525], [-44.209091, -20.094631], [-44.209113, -20.094737], [-44.209135, -20.094844], [-44.209157, -20.09495], [-44.209178, -20.095057], [-44.2092, -20.095163], [-44.209222, -20.09527], [-44.209243, -20.095376], [-44.209265, -20.095483], [-44.209287, -20.095589], [-44.209309, -20.095696], [-44.20933, -20.095802], [-44.209352, -20.095909], [-44.209374, -20.096015], [-44.209395, -20.096122], [-44.209417, -20.096228], [-44.209439, -20.096335], [-44.209461, -20.096441], [-44.209482, -20.096547], [-44.209764, -20.096496], [-44.209786, -20.096603], [-44.210068, -20.096551], [-44.210046, -20.096445], [-44.210024, -20.096338], [-44.210002, -20.096232], [-44.209981, -20.096125], [-44.209959, -20.096019], [-44.209937, -20.095913], [-44.209916, -20.095806], [-44.209894, -20.0957], [-44.209872, -20.095593], [-44.20985, -20.095487], [-44.209829, -20.09538], [-44.209807, -20.095274], [-44.209785, -20.095167], [-44.209763, -20.095061], [-44.209742, -20.094954], [-44.20972, -20.094848], [-44.209698, -20.094741], [-44.209677, -20.094635], [-44.209655, -20.094528], [-44.209633, -20.094422], [-44.209611, -20.094315], [-44.20959, -20.094209], [-44.209568, -20.094103], [-44.209546, -20.093996], [-44.209528, -20.093907], [-44.209528, -20.093906], [-44.209527, -20.093905], [-44.209527, -20.093904], [-44.209526, -20.093903], [-44.209526, -20.093902], [-44.209525, -20.093901], [-44.209524, -20.0939], [-44.209524, -20.093899], [-44.209523, -20.093898], [-44.209522, -20.093897], [-44.209521, -20.093896], [-44.20952, -20.093895], [-44.209518, -20.093895], [-44.209517, -20.093894], [-44.209516, -20.093894], [-44.209515, -20.093893], [-44.209514, -20.093893], [-44.209512, -20.093893], [-44.209511, -20.093893], [-44.20951, -20.093893], [-44.209508, -20.093893], [-44.209507, -20.093893], [-44.209506, -20.093893], [-44.209243, -20.093941], [-44.20898, -20.093989], [-44.208979, -20.093989], [-44.208977, -20.093989], [-44.208976, -20.09399], [-44.208975, -20.09399], [-44.208974, -20.093991], [-44.208973, -20.093992], [-44.208972, -20.093992], [-44.208971, -20.093993], [-44.20897, -20.093994], [-44.208969, -20.093995], [-44.208968, -20.093996], [-44.208967, -20.093997], [-44.208967, -20.093998], [-44.208966, -20.093999], [-44.208965, -20.094], [-44.208965, -20.094001], [-44.208965, -20.094003], [-44.208965, -20.094004], [-44.208964, -20.094005], [-44.208964, -20.094006], [-44.208964, -20.094007], [-44.208964, -20.094009], [-44.208965, -20.09401], [-44.208983, -20.094099], [-44.209004, -20.094205], [-44.209026, -20.094312]]]}}, {"type": "Feature", "properties": {"bairro": "Vila Das Amoreiras", "pasta": "27_VILA_DAS_AMOREIRAS", "tipo": "Quadra", "QUADRA": "01"}, "geometry": {"type": "Polygon", "coordinates": [[[-44.209733, -20.094342], [-44.209734, -20.094343], [-44.209752, -20.094432], [-44.209773, -20.094539], [-44.209795, -20.094645], [-44.209817, -20.094752], [-44.209839, -20.094858], [-44.20986, -20.094965], [-44.209882, -20.095071], [-44.209904, -20.095177], [-44.209925, -20.095284], [-44.209947, -20.09539], [-44.209969, -20.095497], [-44.209991, -20.095603], [-44.210012, -20.09571], [-44.210034, -20.095816], [-44.210056, -20.095923], [-44.210078, -20.096029], [-44.210099, -20.096136], [-44.210121, -20.096242], [-44.210143, -20.096349], [-44.210164, -20.096455], [-44.210186, -20.096562], [-44.210208, -20.096668], [-44.21023, -20.096774], [-44.210251, -20.096881], [-44.210273, -20.096987], [-44.210555, -20.096936], [-44.210837, -20.096885], [-44.210815, -20.096778], [-44.210793, -20.096672], [-44.210771, -20.096565], [-44.21075, -20.096459], [-44.210728, -20.096352], [-44.210706, -20.096246], [-44.210684, -20.09614], [-44.210663, -20.096033], [-44.210641, -20.095927], [-44.210619, -20.09582], [-44.210598, -20.095714], [-44.210576, -20.095607], [-44.210554, -20.095501], [-44.210532, -20.095394], [-44.210511, -20.095288], [-44.210489, -20.095181], [-44.210467, -20.095075], [-44.210446, -20.094968], [-44.210424, -20.094862], [-44.210402, -20.094755], [-44.21038, -20.094649], [-44.210359, -20.094542], [-44.210337, -20.094436], [-44.210315, -20.09433], [-44.210297, -20.094241], [-44.210297, -20.09424], [-44.210296, -20.094238], [-44.210296, -20.094237], [-44.210295, -20.094236], [-44.210295, -20.094235], [-44.210294, -20.094234], [-44.210293, -20.094233], [-44.210292, -20.094232], [-44.210292, -20.094231], [-44.210291, -20.09423], [-44.21029, -20.09423], [-44.210288, -20.094229], [-44.210287, -20.094228], [-44.210286, -20.094228], [-44.210285, -20.094227], [-44.210284, -20.094227], [-44.210282, -20.094227], [-44.210281, -20.094226], [-44.21028, -20.094226], [-44.210279, -20.094226], [-44.210277, -20.094226], [-44.210276, -20.094226], [-44.210275, -20.094226], [-44.210012, -20.094274], [-44.209749, -20.094322], [-44.209747, -20.094323], [-44.209746, -20.094323], [-44.209745, -20.094323], [-44.209744, -20.094324], [-44.209743, -20.094324], [-44.209742, -20.094325], [-44.209741, -20.094326], [-44.20974, -20.094327], [-44.209739, -20.094327], [-44.209738, -20.094328], [-44.209737, -20.094329], [-44.209736, -20.09433], [-44.209736, -20.094331], [-44.209735, -20.094333], [-44.209734, -20.094334], [-44.209734, -20.094335], [-44.209734, -20.094336], [-44.209733, -20.094337], [-44.209733, -20.094339], [-44.209733, -20.09434], [-44.209733, -20.094341], [-44.209733, -20.094342]]]}}, {"type": "Feature", "properties": {"bairro": "Balneario Estancias Do Bom Jardim", "pasta": "31_BALNEARIO_ESTANCIAS_DO_BOM_JARDIM", "tipo": "Quadra", "id": null, "QUADRA": "07"}, "geometry": {"type": "Polygon", "coordinates": [[[-44.17242, -20.073427], [-44.172558, -20.073684], [-44.172716, -20.074004], [-44.172829, -20.074253], [-44.172944, -20.074471], [-44.17303, -20.074652], [-44.173182, -20.074969], [-44.173189, -20.074977], [-44.173196, -20.074984], [-44.173204, -20.07499], [-44.173212, -20.074996], [-44.17322, -20.075002], [-44.173229, -20.075006], [-44.173238, -20.075011], [-44.173248, -20.075014], [-44.173258, -20.075017], [-44.173268, -20.07502], [-44.173278, -20.075021], [-44.173288, -20.075022], [-44.173298, -20.075023], [-44.173309, -20.075022], [-44.173319, -20.075021], [-44.173329, -20.07502], [-44.173339, -20.075017], [-44.173572, -20.074879], [-44.173873, -20.074704], [-44.173873, -20.074704], [-44.174033, -20.074605], [-44.174193, -20.074505], [-44.174347, -20.074397], [-44.174519, -20.074283], [-44.174714, -20.074153], [-44.175027, -20.073944], [-44.175033, -20.073764], [-44.175049, -20.073312], [-44.17481, -20.073305], [-44.174571, -20.073297], [-44.174333, -20.073289], [-44.174094, -20.073282], [-44.173855, -20.073274], [-44.173616, -20.073266], [-44.173377, -20.073259], [-44.173138, -20.073251], [-44.172899, -20.073243], [-44.172371, -20.073226], [-44.172367, -20.073229], [-44.172364, -20.073232], [-44.17236, -20.073235], [-44.172357, -20.073238], [-44.172354, -20.073242], [-44.172352, -20.073246], [-44.172349, -20.073249], [-44.172347, -20.073253], [-44.172346, -20.073258], [-44.172344, -20.073262], [-44.172343, -20.073266], [-44.172342, -20.073271], [-44.172342, -20.073275], [-44.172342, -20.073279], [-44.172342, -20.073284], [-44.172343, -20.073288], [-44.172343, -20.073293], [-44.172345, -20.073297], [-44.172346, -20.073301], [-44.17242, -20.073427]]]}}, {"type": "Feature", "properties": {"bairro": "Balneario Estancias Do Bom Jardim", "pasta": "31_BALNEARIO_ESTANCIAS_DO_BOM_JARDIM", "tipo": "Quadra", "id": null, "QUADRA": "06"}, "geometry": {"type": "Polygon", "coordinates": [[[-44.175038, -20.072324], [-44.175036, -20.07232], [-44.175033, -20.072317], [-44.17503, -20.072313], [-44.175027, -20.07231], [-44.175023, -20.072307], [-44.17502, -20.072304], [-44.174915, -20.072251], [-44.174745, -20.072167], [-44.174578, -20.072079], [-44.174428, -20.071967], [-44.17412, -20.071713], [-44.174086, -20.071709], [-44.174046, -20.071728], [-44.173841, -20.071955], [-44.17378, -20.072032], [-44.173729, -20.072061], [-44.173753, -20.072318], [-44.171859, -20.072252], [-44.171918, -20.072435], [-44.171977, -20.072618], [-44.172029, -20.072742], [-44.172109, -20.072866], [-44.172246, -20.073084], [-44.172248, -20.073089], [-44.17225, -20.073093], [-44.172253, -20.073097], [-44.172256, -20.0731], [-44.172259, -20.073104], [-44.172262, -20.073107], [-44.172266, -20.07311], [-44.17227, -20.073113], [-44.172274, -20.073116], [-44.172278, -20.073118], [-44.172282, -20.073121], [-44.172287, -20.073122], [-44.172291, -20.073124], [-44.172296, -20.073125], [-44.172301, -20.073126], [-44.172511, -20.073134], [-44.172511, -20.073134], [-44.172702, -20.07314], [-44.172893, -20.073147], [-44.173085, -20.073154], [-44.173276, -20.07316], [-44.173467, -20.073167], [-44.173658, -20.073174], [-44.173849, -20.073181], [-44.173849, -20.07318], [-44.17404, -20.073187], [-44.174222, -20.073194], [-44.174413, -20.0732], [-44.174413, -20.0732], [-44.175034, -20.073222], [-44.175041, -20.073041], [-44.175041, -20.073041], [-44.175048, -20.072861], [-44.175048, -20.072861], [-44.175055, -20.07268], [-44.175055, -20.07268], [-44.175048, -20.072354], [-44.175048, -20.07235], [-44.175047, -20.072345], [-44.175046, -20.072341], [-44.175044, -20.072337], [-44.175043, -20.072332], [-44.175041, -20.072328], [-44.175038, -20.072324]]]}}, {"type": "Feature", "properties": {"bairro": "Balneario Estancias Do Bom Jardim", "pasta": "31_BALNEARIO_ESTANCIAS_DO_BOM_JARDIM", "tipo": "Quadra", "id": null, "QUADRA": "09"}, "geometry": {"type": "MultiPolygon", "coordinates": [[[[-44.175151, -20.07025], [-44.175158, -20.070288], [-44.175156, -20.070355], [-44.175144, -20.070449], [-44.17509, -20.070535], [-44.174912, -20.070744], [-44.174798, -20.070862], [-44.174659, -20.070977], [-44.174467, -20.07115], [-44.174323, -20.071266], [-44.174303, -20.071279], [-44.174285, -20.071293], [-44.174268, -20.071307], [-44.174252, -20.071323], [-44.174237, -20.07134], [-44.174223, -20.071358], [-44.174211, -20.071377], [-44.1742, -20.071396], [-44.17419, -20.071416], [-44.174192, -20.071479], [-44.174178, -20.071612], [-44.174676, -20.072012], [-44.175094, -20.072231], [-44.17521, -20.072034], [-44.175326, -20.071836], [-44.175326, -20.071836], [-44.175442, -20.071639], [-44.175558, -20.071442], [-44.175675, -20.071244], [-44.175791, -20.071047], [-44.175907, -20.070849], [-44.176023, -20.070652], [-44.176139, -20.070455], [-44.175722, -20.070235], [-44.17579, -20.070119], [-44.175481, -20.070012], [-44.175374, -20.069869], [-44.174594, -20.069224], [-44.174513, -20.069408], [-44.174601, -20.069449], [-44.174639, -20.069472], [-44.174676, -20.069496], [-44.174712, -20.069521], [-44.174747, -20.069547], [-44.174781, -20.069575], [-44.174814, -20.069604], [-44.174846, -20.069634], [-44.174984, -20.069846], [-44.175073, -20.070032], [-44.17509, -20.070067], [-44.175106, -20.070102], [-44.17512, -20.070138], [-44.175132, -20.070175], [-44.175143, -20.070212], [-44.175151, -20.07025]]], [[[-44.176219, -20.070181], [-44.176288, -20.070202], [-44.176139, -20.070455], [-44.175722, -20.070235], [-44.17579, -20.070119], [-44.175862, -20.070122], [-44.175935, -20.070128], [-44.176007, -20.070137], [-44.176078, -20.070149], [-44.176149, -20.070164], [-44.176219, -20.070181]]]]}}, {"type": "Feature", "properties": {"bairro": "Balneario Estancias Do Bom Jardim", "pasta": "31_BALNEARIO_ESTANCIAS_DO_BOM_JARDIM", "tipo": "Quadra", "id": null, "QUADRA": "11"}, "geometry": {"type": "Polygon", "coordinates": [[[-44.179307, -20.064422], [-44.179052, -20.064461], [-44.179197, -20.06496], [-44.179452, -20.064921], [-44.179307, -20.064422]], [[-44.177731, -20.06546], [-44.178026, -20.06515], [-44.178072, -20.065135], [-44.178412, -20.065081], [-44.178723, -20.065033], [-44.178997, -20.064991], [-44.179452, -20.064921], [-44.179467, -20.065039], [-44.179454, -20.065103], [-44.179413, -20.065201], [-44.179359, -20.065277], [-44.179297, -20.065341], [-44.17923, -20.065393], [-44.179075, -20.065447], [-44.178803, -20.065498], [-44.178491, -20.06554], [-44.17828, -20.065568], [-44.178161, -20.065616], [-44.178063, -20.065702], [-44.178008, -20.065761], [-44.177896, -20.065991], [-44.177781, -20.066258], [-44.177659, -20.066514], [-44.177538, -20.066688], [-44.177342, -20.066943], [-44.17709, -20.067138], [-44.176901, -20.067317], [-44.176824, -20.067396], [-44.176721, -20.067436], [-44.176408, -20.067478], [-44.175842, -20.067496], [-44.175584, -20.067505], [-44.175542, -20.067527], [-44.175175, -20.067078], [-44.175188, -20.06707], [-44.17521, -20.067065], [-44.175594, -20.067126], [-44.175636, -20.067128], [-44.17574, -20.067159], [-44.17577, -20.067146], [-44.175821, -20.067123], [-44.17592, -20.06707], [-44.176052, -20.066998], [-44.176288, -20.066866], [-44.176483, -20.066745], [-44.176683, -20.066624], [-44.176864, -20.066511], [-44.177048, -20.066326], [-44.177165, -20.066161], [-44.17734, -20.065958], [-44.177522, -20.065717], [-44.177731, -20.06546]]]}}, {"type": "Feature", "properties": {"bairro": "Balneario Estancias Do Bom Jardim", "pasta": "31_BALNEARIO_ESTANCIAS_DO_BOM_JARDIM", "tipo": "Quadra", "id": null, "QUADRA": "12"}, "geometry": {"type": "MultiPolygon", "coordinates": [[[[-44.175741, -20.067082], [-44.175765, -20.067083], [-44.175814, -20.067055], [-44.176058, -20.066913], [-44.176302, -20.06677], [-44.176567, -20.066615], [-44.176843, -20.066418], [-44.177074, -20.066173], [-44.177246, -20.065957], [-44.177398, -20.065752], [-44.177577, -20.065529], [-44.177772, -20.065308], [-44.177954, -20.065099], [-44.177966, -20.065093], [-44.177978, -20.065087], [-44.177991, -20.065082], [-44.178004, -20.065078], [-44.178017, -20.065074], [-44.178031, -20.065072], [-44.178045, -20.06507], [-44.178398, -20.065028], [-44.17834, -20.064625], [-44.178024, -20.064673], [-44.177952, -20.064682], [-44.17777, -20.064731], [-44.177564, -20.064838], [-44.177383, -20.065047], [-44.177184, -20.06526], [-44.176995, -20.065486], [-44.176833, -20.065684], [-44.17666, -20.0659], [-44.176507, -20.066081], [-44.176308, -20.066247], [-44.176051, -20.066386], [-44.175807, -20.066528], [-44.175563, -20.066671], [-44.175169, -20.066903], [-44.175166, -20.066917], [-44.175174, -20.066933], [-44.17519, -20.066945], [-44.17522, -20.066959], [-44.17527, -20.066974], [-44.175322, -20.06699], [-44.175402, -20.067005], [-44.175484, -20.067013], [-44.175543, -20.067022], [-44.175649, -20.067054], [-44.175741, -20.067082]]], [[[-44.17834, -20.064625], [-44.178657, -20.064576], [-44.179011, -20.064522], [-44.179125, -20.064916], [-44.178714, -20.064979], [-44.178398, -20.065028], [-44.17834, -20.064625]]]]}}, {"type": "Feature", "properties": {"bairro": "Balneario Estancias Do Bom Jardim", "pasta": "31_BALNEARIO_ESTANCIAS_DO_BOM_JARDIM", "tipo": "Quadra", "id": null, "QUADRA": "01"}, "geometry": {"type": "Polygon", "coordinates": [[[-44.174793, -20.067072], [-44.174823, -20.06706], [-44.174825, -20.067057], [-44.174827, -20.067053], [-44.174829, -20.06705], [-44.17483, -20.067047], [-44.174831, -20.067043], [-44.174832, -20.06704], [-44.174833, -20.067036], [-44.174833, -20.067032], [-44.174833, -20.067029], [-44.174833, -20.067025], [-44.174832, -20.067021], [-44.174832, -20.067018], [-44.17483, -20.067014], [-44.174829, -20.067011], [-44.174828, -20.067008], [-44.174757, -20.066944], [-44.174627, -20.066914], [-44.174403, -20.066892], [-44.174291, -20.066901], [-44.173948, -20.06699], [-44.173908, -20.067004], [-44.173868, -20.067018], [-44.173807, -20.06704], [-44.173715, -20.067062], [-44.173648, -20.067064], [-44.173509, -20.066956], [-44.173415, -20.066878], [-44.173344, -20.06686], [-44.173291, -20.066866], [-44.173251, -20.066879], [-44.173144, -20.066927], [-44.17313, -20.066937], [-44.173116, -20.066946], [-44.173104, -20.066952], [-44.173091, -20.066957], [-44.173078, -20.066961], [-44.173065, -20.066965], [-44.173051, -20.066967], [-44.173038, -20.066969], [-44.173024, -20.06697], [-44.17301, -20.06697], [-44.172997, -20.066969], [-44.172983, -20.066967], [-44.17297, -20.066964], [-44.172961, -20.066956], [-44.172952, -20.066948], [-44.172944, -20.066939], [-44.172936, -20.06693], [-44.17293, -20.066921], [-44.172924, -20.066911], [-44.172918, -20.0669], [-44.172914, -20.066889], [-44.17291, -20.066879], [-44.172907, -20.066867], [-44.172905, -20.066856], [-44.172903, -20.066844], [-44.172903, -20.066833], [-44.172903, -20.066821], [-44.172904, -20.06681], [-44.172917, -20.06661], [-44.172926, -20.066508], [-44.172919, -20.066408], [-44.172898, -20.066339], [-44.17288, -20.066246], [-44.172882, -20.066193], [-44.172891, -20.066143], [-44.172911, -20.0661], [-44.172933, -20.066062], [-44.172963, -20.066006], [-44.173102, -20.065833], [-44.173144, -20.065761], [-44.173186, -20.06569], [-44.173187, -20.065646], [-44.173165, -20.065597], [-44.173063, -20.065466], [-44.173049, -20.06542], [-44.173039, -20.065352], [-44.173047, -20.065119], [-44.173053, -20.064938], [-44.17306, -20.064758], [-44.173066, -20.064577], [-44.173072, -20.064397], [-44.17307, -20.064192], [-44.173069, -20.063995], [-44.17298, -20.063514], [-44.17294, -20.063338], [-44.1729, -20.063161], [-44.172859, -20.062984], [-44.172819, -20.062808], [-44.172778, -20.062631], [-44.172738, -20.062455], [-44.1727, -20.062257], [-44.172536, -20.062046], [-44.172402, -20.061917], [-44.172268, -20.061788], [-44.172134, -20.061659], [-44.172, -20.06153], [-44.171933, -20.061466], [-44.171866, -20.061402], [-44.171731, -20.061273], [-44.171597, -20.061144], [-44.171463, -20.061015], [-44.171189, -20.060751], [-44.171175, -20.060737], [-44.171168, -20.06073], [-44.171158, -20.060725], [-44.171147, -20.060721], [-44.171134, -20.060718], [-44.171121, -20.060717], [-44.171108, -20.060717], [-44.171095, -20.060717], [-44.171093, -20.060718], [-44.170659, -20.060884], [-44.171122, -20.061332], [-44.171253, -20.061458], [-44.171391, -20.06159], [-44.171525, -20.061718], [-44.171592, -20.061783], [-44.171659, -20.061847], [-44.171793, -20.061976], [-44.171927, -20.062105], [-44.172061, -20.062234], [-44.172196, -20.062362], [-44.172259, -20.062474], [-44.172286, -20.062553], [-44.172311, -20.062727], [-44.172351, -20.062903], [-44.172392, -20.06308], [-44.172432, -20.063257], [-44.172473, -20.063433], [-44.172513, -20.06361], [-44.172591, -20.063888], [-44.172513, -20.064177], [-44.172451, -20.064378], [-44.172397, -20.064557], [-44.172343, -20.064736], [-44.172289, -20.064915], [-44.172235, -20.065094], [-44.172163, -20.06529], [-44.172195, -20.065764], [-44.172206, -20.065899], [-44.172219, -20.066061], [-44.172234, -20.066241], [-44.172252, -20.066457], [-44.172268, -20.066657], [-44.172285, -20.066856], [-44.172333, -20.067441], [-44.172341, -20.067531], [-44.172403, -20.068093], [-44.172619, -20.068073], [-44.172806, -20.068052], [-44.17304, -20.068029], [-44.173244, -20.06799], [-44.173459, -20.06792], [-44.173631, -20.067861], [-44.173771, -20.067813], [-44.174057, -20.067609], [-44.174793, -20.067072]]]}}, {"type": "Feature", "properties": {"bairro": "Balneario Estancias Do Bom Jardim", "pasta": "31_BALNEARIO_ESTANCIAS_DO_BOM_JARDIM", "tipo": "Quadra", "id": null, "QUADRA": "02"}, "geometry": {"type": "Polygon", "coordinates": [[[-44.172737, -20.062143], [-44.172802, -20.062424], [-44.172994, -20.062377], [-44.172925, -20.062106], [-44.172896, -20.061891], [-44.172875, -20.061765], [-44.172848, -20.061385], [-44.172817, -20.061158], [-44.172792, -20.06115], [-44.172795, -20.061084], [-44.172699, -20.060931], [-44.172529, -20.060727], [-44.172454, -20.060562], [-44.172329, -20.060387], [-44.172308, -20.060347], [-44.1723, -20.060334], [-44.172291, -20.060325], [-44.172284, -20.060318], [-44.172275, -20.060314], [-44.172266, -20.06031], [-44.172257, -20.060307], [-44.172248, -20.060305], [-44.172238, -20.060303], [-44.172228, -20.060302], [-44.172219, -20.060301], [-44.172209, -20.060302], [-44.172199, -20.060302], [-44.171768, -20.060462], [-44.171518, -20.060562], [-44.171248, -20.060661], [-44.171245, -20.060673], [-44.171245, -20.06068], [-44.171245, -20.060687], [-44.171245, -20.060694], [-44.171246, -20.060702], [-44.171247, -20.060709], [-44.171249, -20.060716], [-44.171251, -20.060722], [-44.171254, -20.060729], [-44.171261, -20.060736], [-44.171271, -20.060744], [-44.171284, -20.060757], [-44.171612, -20.061065], [-44.171748, -20.061192], [-44.171884, -20.061319], [-44.17202, -20.061446], [-44.172157, -20.061573], [-44.172293, -20.0617], [-44.17245, -20.061845], [-44.172557, -20.061935], [-44.172647, -20.062023], [-44.172737, -20.062143]]]}}, {"type": "Feature", "properties": {"bairro": "Balneario Estancias Do Bom Jardim", "pasta": "31_BALNEARIO_ESTANCIAS_DO_BOM_JARDIM", "tipo": "Quadra", "id": null, "QUADRA": "03"}, "geometry": {"type": "Polygon", "coordinates": [[[-44.173889, -20.063403], [-44.17373, -20.06326], [-44.17356, -20.063114], [-44.1734, -20.062971], [-44.173211, -20.062764], [-44.173198, -20.06273], [-44.172994, -20.062377], [-44.172802, -20.062424], [-44.172892, -20.062803], [-44.172955, -20.063077], [-44.172995, -20.063253], [-44.173036, -20.06343], [-44.173076, -20.063606], [-44.173116, -20.063783], [-44.173141, -20.063889], [-44.173141, -20.063962], [-44.173138, -20.0644], [-44.173124, -20.06487], [-44.173105, -20.06538], [-44.173119, -20.06542], [-44.173143, -20.065463], [-44.173218, -20.065567], [-44.173245, -20.065604], [-44.173277, -20.065638], [-44.173291, -20.065679], [-44.173286, -20.065708], [-44.173281, -20.065717], [-44.173237, -20.065792], [-44.173187, -20.065875], [-44.173118, -20.065961], [-44.173049, -20.066047], [-44.173022, -20.066098], [-44.173002, -20.066133], [-44.172989, -20.066162], [-44.172983, -20.066196], [-44.172981, -20.066232], [-44.172996, -20.066311], [-44.173019, -20.066386], [-44.173027, -20.066499], [-44.173018, -20.066609], [-44.173005, -20.06681], [-44.173005, -20.066816], [-44.173005, -20.066821], [-44.173006, -20.066827], [-44.173007, -20.066832], [-44.173008, -20.066837], [-44.17301, -20.066843], [-44.173012, -20.066848], [-44.173015, -20.066853], [-44.173018, -20.066857], [-44.173022, -20.066864], [-44.173028, -20.066865], [-44.173035, -20.066865], [-44.173041, -20.066865], [-44.173047, -20.066865], [-44.173054, -20.066864], [-44.17306, -20.066863], [-44.173066, -20.066861], [-44.173072, -20.066859], [-44.173078, -20.066857], [-44.173083, -20.066854], [-44.173088, -20.066851], [-44.173108, -20.066839], [-44.173219, -20.066789], [-44.173284, -20.066768], [-44.173362, -20.066774], [-44.173441, -20.066813], [-44.173504, -20.066871], [-44.173567, -20.066929], [-44.173614, -20.066937], [-44.173695, -20.066935], [-44.173741, -20.066925], [-44.173883, -20.066889], [-44.17397, -20.06686], [-44.174007, -20.066856], [-44.174302, -20.066819], [-44.174429, -20.066798], [-44.174555, -20.066749], [-44.174804, -20.066646], [-44.174859, -20.066627], [-44.174916, -20.066606], [-44.174992, -20.066541], [-44.175067, -20.066493], [-44.175162, -20.066426], [-44.175213, -20.066387], [-44.174696, -20.065617], [-44.174694, -20.065596], [-44.174708, -20.065554], [-44.174741, -20.065429], [-44.174772, -20.065316], [-44.174762, -20.065303], [-44.174692, -20.065261], [-44.174648, -20.065248], [-44.174609, -20.065233], [-44.174578, -20.065224], [-44.174541, -20.065217], [-44.174452, -20.0652], [-44.174362, -20.065177], [-44.174326, -20.065165], [-44.174297, -20.065159], [-44.174258, -20.065153], [-44.174223, -20.065148], [-44.174193, -20.06515], [-44.174176, -20.065154], [-44.174151, -20.065164], [-44.174136, -20.065178], [-44.174123, -20.06519], [-44.1741, -20.06519], [-44.174076, -20.065183], [-44.174056, -20.065159], [-44.174043, -20.065127], [-44.174034, -20.065102], [-44.174031, -20.065074], [-44.174032, -20.065044], [-44.174044, -20.065004], [-44.174065, -20.064972], [-44.174091, -20.064933], [-44.174099, -20.064918], [-44.174132, -20.064853], [-44.174174, -20.064778], [-44.174239, -20.064645], [-44.174261, -20.064598], [-44.174607, -20.063923], [-44.174381, -20.06373], [-44.174052, -20.063556], [-44.173889, -20.063403]]]}}, {"type": "Feature", "properties": {"bairro": "Balneario Estancias Do Bom Jardim", "pasta": "31_BALNEARIO_ESTANCIAS_DO_BOM_JARDIM", "tipo": "Quadra", "id": null, "QUADRA": "04"}, "geometry": {"type": "Polygon", "coordinates": [[[-44.175103, -20.066873], [-44.175182, -20.066823], [-44.175467, -20.06666], [-44.175773, -20.06648], [-44.176052, -20.066308], [-44.176318, -20.066144], [-44.176587, -20.065942], [-44.176807, -20.065608], [-44.177213, -20.065132], [-44.175995, -20.064587], [-44.17587, -20.06445], [-44.175725, -20.06432], [-44.175193, -20.064149], [-44.174607, -20.063923], [-44.174261, -20.064598], [-44.174239, -20.064645], [-44.174174, -20.064778], [-44.174132, -20.064853], [-44.174091, -20.064933], [-44.174055, -20.064988], [-44.174044, -20.065004], [-44.174032, -20.065044], [-44.174031, -20.065074], [-44.174034, -20.065102], [-44.174043, -20.065127], [-44.174056, -20.065159], [-44.174058, -20.065161], [-44.174076, -20.065183], [-44.1741, -20.06519], [-44.174123, -20.06519], [-44.174129, -20.065184], [-44.174151, -20.065164], [-44.174176, -20.065154], [-44.174193, -20.06515], [-44.174223, -20.065148], [-44.174258, -20.065153], [-44.174297, -20.065159], [-44.174326, -20.065165], [-44.174362, -20.065177], [-44.174407, -20.065188], [-44.174452, -20.0652], [-44.174541, -20.065217], [-44.174578, -20.065224], [-44.174609, -20.065233], [-44.174648, -20.065248], [-44.17467, -20.065254], [-44.174692, -20.065261], [-44.174762, -20.065303], [-44.174772, -20.065316], [-44.174741, -20.065429], [-44.174725, -20.065492], [-44.174708, -20.065554], [-44.174694, -20.065596], [-44.174696, -20.065617], [-44.174721, -20.065654], [-44.174824, -20.065807], [-44.174926, -20.065959], [-44.175029, -20.066112], [-44.175213, -20.066387], [-44.175411, -20.066244], [-44.175545, -20.066144], [-44.175572, -20.066103], [-44.175583, -20.066033], [-44.175585, -20.065994], [-44.175532, -20.065763], [-44.175484, -20.065578], [-44.175416, -20.06541], [-44.175314, -20.065257], [-44.175211, -20.065104], [-44.175098, -20.064959], [-44.174985, -20.064813], [-44.174979, -20.064815], [-44.174972, -20.064817], [-44.174965, -20.064819], [-44.174957, -20.06482], [-44.17495, -20.064821], [-44.174943, -20.064821], [-44.174935, -20.064821], [-44.174928, -20.06482], [-44.174921, -20.064819], [-44.174914, -20.064818], [-44.174907, -20.064816], [-44.1749, -20.064813], [-44.174893, -20.064811], [-44.174887, -20.064808], [-44.17488, -20.064804], [-44.174874, -20.0648], [-44.174868, -20.064796], [-44.174862, -20.064791], [-44.174857, -20.064786], [-44.174852, -20.06478], [-44.174847, -20.064774], [-44.174843, -20.064767], [-44.174839, -20.064761], [-44.174836, -20.064754], [-44.174833, -20.064747], [-44.174831, -20.06474], [-44.174829, -20.064732], [-44.174828, -20.064725], [-44.174827, -20.064717], [-44.174827, -20.06471], [-44.174827, -20.064702], [-44.174829, -20.064695], [-44.17483, -20.064687], [-44.174832, -20.06468], [-44.174835, -20.064673], [-44.174838, -20.064666], [-44.174841, -20.06466], [-44.174845, -20.064654], [-44.17485, -20.064648], [-44.174855, -20.064642], [-44.17486, -20.064636], [-44.174866, -20.064631], [-44.174872, -20.064627], [-44.174878, -20.064622], [-44.174884, -20.064619], [-44.174891, -20.064615], [-44.174898, -20.064612], [-44.174906, -20.06461], [-44.174913, -20.064607], [-44.174921, -20.064606], [-44.174928, -20.064605], [-44.174936, -20.064604], [-44.174944, -20.064604], [-44.174952, -20.064605], [-44.17496, -20.064606], [-44.174968, -20.064607], [-44.174976, -20.064609], [-44.174983, -20.064612], [-44.174991, -20.064615], [-44.174998, -20.064618], [-44.175005, -20.064622], [-44.175012, -20.064626], [-44.175018, -20.064631], [-44.175024, -20.064636], [-44.17503, -20.064642], [-44.175035, -20.064648], [-44.175039, -20.064654], [-44.175044, -20.064661], [-44.175048, -20.064672], [-44.175052, -20.064684], [-44.175055, -20.064697], [-44.175057, -20.064709], [-44.175059, -20.064721], [-44.17506, -20.064734], [-44.175061, -20.064746], [-44.175063, -20.064759], [-44.175177, -20.064906], [-44.175289, -20.065052], [-44.17529, -20.065052], [-44.175392, -20.065205], [-44.175495, -20.065357], [-44.175495, -20.065357], [-44.175565, -20.065526], [-44.175617, -20.065709], [-44.175669, -20.065894], [-44.175681, -20.065986], [-44.175679, -20.06604], [-44.175664, -20.066135], [-44.175648, -20.066178], [-44.175855, -20.066048], [-44.175572, -20.06623], [-44.175288, -20.066421], [-44.175013, -20.066614], [-44.17481, -20.066729], [-44.174687, -20.066774], [-44.174657, -20.066787], [-44.174649, -20.066805], [-44.174667, -20.066821], [-44.174773, -20.066878], [-44.174861, -20.066912], [-44.174929, -20.066932], [-44.174997, -20.066929], [-44.175036, -20.066917], [-44.175072, -20.066895], [-44.175103, -20.066873]]]}}, {"type": "Feature", "properties": {"bairro": "Balneario Estancias Do Bom Jardim", "pasta": "31_BALNEARIO_ESTANCIAS_DO_BOM_JARDIM", "tipo": "Quadra", "id": null, "QUADRA": "10"}, "geometry": {"type": "Polygon", "coordinates": [[[-44.174188, -20.06824], [-44.174096, -20.068398], [-44.174074, -20.068436], [-44.174068, -20.068447], [-44.174062, -20.068457], [-44.174057, -20.068468], [-44.174053, -20.068479], [-44.174049, -20.06849], [-44.174047, -20.068501], [-44.174045, -20.068513], [-44.174041, -20.068527], [-44.174039, -20.068541], [-44.174038, -20.068555], [-44.174038, -20.068569], [-44.174038, -20.068583], [-44.17404, -20.068597], [-44.174042, -20.06861], [-44.174054, -20.068726], [-44.174071, -20.068865], [-44.174067, -20.068915], [-44.174015, -20.069101], [-44.174017, -20.069108], [-44.174019, -20.069116], [-44.174021, -20.069123], [-44.174024, -20.06913], [-44.174027, -20.069137], [-44.174031, -20.069143], [-44.174036, -20.06915], [-44.174041, -20.069156], [-44.174046, -20.069162], [-44.174051, -20.069167], [-44.174057, -20.069172], [-44.174298, -20.069264], [-44.174513, -20.069408], [-44.174594, -20.069224], [-44.174691, -20.069003], [-44.17477, -20.068828], [-44.174788, -20.068627], [-44.174812, -20.068448], [-44.174811, -20.068233], [-44.174837, -20.068118], [-44.17488, -20.068036], [-44.175007, -20.067834], [-44.175171, -20.067683], [-44.17532, -20.0676], [-44.174953, -20.067152], [-44.174935, -20.067184], [-44.174927, -20.067235], [-44.1749, -20.067306], [-44.1748, -20.067443], [-44.17467, -20.067622], [-44.17455, -20.067785], [-44.174417, -20.067951], [-44.174295, -20.06809], [-44.174188, -20.06824]]]}}, {"type": "Feature", "properties": {"bairro": "Balneario Estancias Do Bom Jardim", "pasta": "31_BALNEARIO_ESTANCIAS_DO_BOM_JARDIM", "tipo": "Quadra", "id": null, "QUADRA": "05"}, "geometry": {"type": "MultiPolygon", "coordinates": [[[[-44.172151, -20.071207], [-44.172627, -20.071166], [-44.172616, -20.070998], [-44.172615, -20.070802], [-44.172616, -20.070671], [-44.172638, -20.070583], [-44.173026, -20.070214], [-44.173185, -20.070057], [-44.173254, -20.07001], [-44.173299, -20.069911], [-44.173344, -20.069735], [-44.173388, -20.069559], [-44.173433, -20.069383], [-44.173477, -20.069208], [-44.173421, -20.068859], [-44.173413, -20.068859], [-44.173405, -20.068859], [-44.173397, -20.068859], [-44.173388, -20.068858], [-44.173381, -20.068856], [-44.173373, -20.068854], [-44.173365, -20.068851], [-44.173358, -20.068848], [-44.173351, -20.068845], [-44.173344, -20.068841], [-44.173337, -20.068836], [-44.173331, -20.068831], [-44.173325, -20.068826], [-44.173319, -20.06882], [-44.173314, -20.068814], [-44.17331, -20.068808], [-44.173306, -20.068801], [-44.173302, -20.068795], [-44.173299, -20.068787], [-44.173297, -20.06878], [-44.173295, -20.068773], [-44.173293, -20.068765], [-44.173292, -20.068757], [-44.173292, -20.06875], [-44.173293, -20.068742], [-44.173293, -20.068734], [-44.173295, -20.068727], [-44.173297, -20.068719], [-44.1733, -20.068712], [-44.173303, -20.068705], [-44.173306, -20.068698], [-44.173311, -20.068691], [-44.173315, -20.068685], [-44.17332, -20.068679], [-44.173326, -20.068674], [-44.173332, -20.068668], [-44.173338, -20.068663], [-44.173345, -20.068659], [-44.173352, -20.068655], [-44.173359, -20.068652], [-44.173367, -20.068649], [-44.173374, -20.068646], [-44.173382, -20.068645], [-44.17339, -20.068643], [-44.173397, -20.068642], [-44.173405, -20.068642], [-44.173413, -20.068642], [-44.173421, -20.068643], [-44.173428, -20.068644], [-44.173436, -20.068645], [-44.173443, -20.068647], [-44.17345, -20.06865], [-44.173458, -20.068653], [-44.173464, -20.068656], [-44.173471, -20.06866], [-44.173477, -20.068664], [-44.173484, -20.068669], [-44.173489, -20.068674], [-44.173495, -20.068679], [-44.1735, -20.068685], [-44.173504, -20.068691], [-44.173508, -20.068698], [-44.173512, -20.068705], [-44.173515, -20.068712], [-44.173517, -20.068719], [-44.173519, -20.068727], [-44.17352, -20.068734], [-44.173521, -20.068742], [-44.173522, -20.06875], [-44.173521, -20.068757], [-44.173521, -20.068765], [-44.173519, -20.068773], [-44.173517, -20.06878], [-44.173515, -20.068787], [-44.173512, -20.068794], [-44.173508, -20.068801], [-44.173516, -20.068852], [-44.173542, -20.069009], [-44.173574, -20.069211], [-44.17351, -20.069466], [-44.173351, -20.070025], [-44.173446, -20.069935], [-44.173312, -20.070064], [-44.173179, -20.070193], [-44.173046, -20.070323], [-44.172911, -20.070452], [-44.172777, -20.07058], [-44.172703, -20.07065], [-44.172702, -20.070774], [-44.172701, -20.070774], [-44.172702, -20.070775], [-44.172701, -20.071174], [-44.172887, -20.07115], [-44.172971, -20.071036], [-44.173106, -20.070908], [-44.17324, -20.070779], [-44.173375, -20.070651], [-44.173508, -20.070521], [-44.173641, -20.070391], [-44.173776, -20.070263], [-44.173911, -20.070135], [-44.174047, -20.070008], [-44.174064, -20.069986], [-44.174059, -20.069982], [-44.174055, -20.069978], [-44.17405, -20.069973], [-44.174046, -20.069968], [-44.174043, -20.069963], [-44.174039, -20.069958], [-44.174036, -20.069952], [-44.174034, -20.069947], [-44.174032, -20.069941], [-44.17403, -20.069935], [-44.174029, -20.069929], [-44.174028, -20.069923], [-44.174028, -20.069917], [-44.174028, -20.06991], [-44.174029, -20.069904], [-44.17403, -20.069898], [-44.174031, -20.069892], [-44.174033, -20.069886], [-44.174036, -20.06988], [-44.174038, -20.069875], [-44.174041, -20.069869], [-44.174045, -20.069864], [-44.174049, -20.069859], [-44.174053, -20.069854], [-44.174058, -20.06985], [-44.174063, -20.069846], [-44.174068, -20.069842], [-44.174073, -20.069839], [-44.174079, -20.069836], [-44.174085, -20.069833], [-44.174091, -20.069831], [-44.174097, -20.069829], [-44.174103, -20.069827], [-44.17411, -20.069826], [-44.174116, -20.069825], [-44.174123, -20.069825], [-44.174129, -20.069825], [-44.174136, -20.069826], [-44.174142, -20.069827], [-44.174149, -20.069828], [-44.174155, -20.06983], [-44.174161, -20.069832], [-44.174179, -20.069805], [-44.174264, -20.069845], [-44.174303, -20.06987], [-44.174137, -20.070044], [-44.174058, -20.07016], [-44.173927, -20.070292], [-44.173796, -20.070423], [-44.173661, -20.070551], [-44.173994, -20.070878], [-44.173994, -20.070878], [-44.174267, -20.071146], [-44.17429, -20.071138], [-44.174307, -20.071124], [-44.174324, -20.071111], [-44.174342, -20.071099], [-44.174361, -20.071089], [-44.17438, -20.071079], [-44.1744, -20.07107], [-44.174421, -20.071063], [-44.174442, -20.071056], [-44.174592, -20.070942], [-44.174723, -20.07081], [-44.17484, -20.070667], [-44.174957, -20.070535], [-44.174977, -20.07051], [-44.174995, -20.070484], [-44.175012, -20.070457], [-44.175027, -20.070429], [-44.17504, -20.0704], [-44.175051, -20.07037], [-44.17506, -20.07034], [-44.175067, -20.070309], [-44.175072, -20.070278], [-44.175074, -20.070247], [-44.175075, -20.070216], [-44.175069, -20.070181], [-44.175062, -20.070146], [-44.175053, -20.070112], [-44.175042, -20.070078], [-44.17503, -20.070044], [-44.175017, -20.070011], [-44.175001, -20.069979], [-44.174921, -20.069815], [-44.174767, -20.069636], [-44.17472, -20.069592], [-44.17467, -20.069557], [-44.174631, -20.069532], [-44.174597, -20.06951], [-44.174564, -20.069493], [-44.174533, -20.069476], [-44.174496, -20.069462], [-44.174326, -20.069375], [-44.174163, -20.069293], [-44.173986, -20.069214], [-44.173975, -20.069204], [-44.173965, -20.069194], [-44.173956, -20.069182], [-44.173947, -20.069171], [-44.173939, -20.069158], [-44.173932, -20.069146], [-44.173925, -20.069133], [-44.173922, -20.069126], [-44.173919, -20.069119], [-44.173916, -20.069111], [-44.173914, -20.069104], [-44.173912, -20.069096], [-44.173911, -20.069089], [-44.17391, -20.069081], [-44.17391, -20.069073], [-44.173911, -20.069066], [-44.173912, -20.069058], [-44.173913, -20.06905], [-44.17395, -20.06879], [-44.173941, -20.068603], [-44.17394, -20.068545], [-44.173938, -20.068527], [-44.173938, -20.068509], [-44.173938, -20.068491], [-44.17394, -20.068473], [-44.173942, -20.068456], [-44.173946, -20.068438], [-44.173951, -20.068421], [-44.173955, -20.068404], [-44.173959, -20.068388], [-44.173965, -20.068372], [-44.173973, -20.068357], [-44.173981, -20.068342], [-44.173991, -20.068327], [-44.174001, -20.068314], [-44.174187, -20.06804], [-44.17444, -20.067781], [-44.174814, -20.067198], [-44.174814, -20.067196], [-44.174814, -20.067194], [-44.174814, -20.067192], [-44.174813, -20.06719], [-44.174813, -20.067188], [-44.174812, -20.067186], [-44.174812, -20.067184], [-44.174811, -20.067182], [-44.17481, -20.06718], [-44.174808, -20.067178], [-44.174807, -20.067177], [-44.174806, -20.067175], [-44.174804, -20.067174], [-44.174802, -20.067172], [-44.174801, -20.067171], [-44.174799, -20.06717], [-44.174797, -20.067169], [-44.174795, -20.067168], [-44.174793, -20.067167], [-44.174791, -20.067166], [-44.174789, -20.067166], [-44.174787, -20.067166], [-44.174784, -20.067165], [-44.174782, -20.067165], [-44.17478, -20.067165], [-44.174778, -20.067165], [-44.174776, -20.067166], [-44.174774, -20.067166], [-44.174771, -20.067167], [-44.174769, -20.067168], [-44.174767, -20.067168], [-44.174765, -20.067169], [-44.174764, -20.067171], [-44.174583, -20.067301], [-44.174244, -20.067579], [-44.17398, -20.067784], [-44.173729, -20.067917], [-44.173642, -20.067969], [-44.173448, -20.068016], [-44.173254, -20.068067], [-44.173077, -20.068102], [-44.172903, -20.068117], [-44.172642, -20.068135], [-44.172636, -20.068137], [-44.17263, -20.068139], [-44.172624, -20.068142], [-44.172618, -20.068145], [-44.172612, -20.068149], [-44.172607, -20.068153], [-44.172602, -20.068157], [-44.172597, -20.068162], [-44.172592, -20.068166], [-44.172588, -20.068172], [-44.172584, -20.068177], [-44.172581, -20.068182], [-44.172578, -20.068188], [-44.172575, -20.068194], [-44.172573, -20.0682], [-44.172571, -20.068206], [-44.17257, -20.068213], [-44.172569, -20.068219], [-44.172568, -20.068225], [-44.172557, -20.068387], [-44.172591, -20.068614], [-44.172578, -20.068824], [-44.172567, -20.0689], [-44.17255, -20.068984], [-44.172506, -20.06916], [-44.172462, -20.069336], [-44.172411, -20.06951], [-44.172366, -20.069689], [-44.172328, -20.069863], [-44.172284, -20.070039], [-44.172227, -20.070213], [-44.172174, -20.070381], [-44.172142, -20.070493], [-44.172128, -20.070609], [-44.172126, -20.070825], [-44.172137, -20.071026], [-44.172151, -20.071207]]], [[[-44.173994, -20.070878], [-44.174267, -20.071146], [-44.174251, -20.071161], [-44.174235, -20.071177], [-44.17422, -20.071193], [-44.174206, -20.071211], [-44.174193, -20.071229], [-44.174181, -20.071248], [-44.174171, -20.071267], [-44.174162, -20.071287], [-44.174154, -20.071308], [-44.174103, -20.071497], [-44.174003, -20.071669], [-44.173728, -20.071981], [-44.173725, -20.071983], [-44.173721, -20.071985], [-44.173717, -20.071987], [-44.173714, -20.071989], [-44.17371, -20.07199], [-44.173706, -20.071991], [-44.173702, -20.071992], [-44.173698, -20.071992], [-44.173694, -20.071992], [-44.17369, -20.071992], [-44.173685, -20.071992], [-44.173681, -20.071991], [-44.173677, -20.07199], [-44.173673, -20.071989], [-44.17367, -20.071988], [-44.173666, -20.071986], [-44.173662, -20.071985], [-44.173659, -20.071983], [-44.173655, -20.07198], [-44.173532, -20.071859], [-44.173399, -20.071728], [-44.173258, -20.071621], [-44.173143, -20.071574], [-44.173109, -20.071566], [-44.173096, -20.071562], [-44.173083, -20.07156], [-44.173069, -20.071557], [-44.173056, -20.071556], [-44.173042, -20.071556], [-44.173029, -20.071556], [-44.172972, -20.071569], [-44.172874, -20.071592], [-44.172665, -20.071648], [-44.172422, -20.071671], [-44.172387, -20.071263], [-44.172625, -20.071243], [-44.172625, -20.071242], [-44.172847, -20.071224], [-44.1729, -20.071216], [-44.172952, -20.07118], [-44.173014, -20.07113], [-44.173246, -20.07093], [-44.173395, -20.070811], [-44.173529, -20.070682], [-44.173661, -20.070551], [-44.173994, -20.070878], [-44.173994, -20.070878]]], [[[-44.17218, -20.071613], [-44.172179, -20.071607], [-44.172164, -20.071282], [-44.172387, -20.071263], [-44.172422, -20.071671], [-44.172263, -20.071676], [-44.172257, -20.071676], [-44.172251, -20.071675], [-44.172245, -20.071673], [-44.172239, -20.071671], [-44.172233, -20.071669], [-44.172227, -20.071667], [-44.172222, -20.071664], [-44.172216, -20.07166], [-44.172211, -20.071657], [-44.172207, -20.071653], [-44.172202, -20.071649], [-44.172198, -20.071644], [-44.172194, -20.07164], [-44.172191, -20.071635], [-44.172188, -20.071629], [-44.172185, -20.071624], [-44.172182, -20.071619], [-44.17218, -20.071613]]]]}}, {"type": "Feature", "properties": {"bairro": "Balneario Estancias Do Bom Jardim", "pasta": "31_BALNEARIO_ESTANCIAS_DO_BOM_JARDIM", "tipo": "Quadra", "id": null, "QUADRA": "08"}, "geometry": {"type": "MultiPolygon", "coordinates": [[[[-44.175988, -20.070828], [-44.175988, -20.070828], [-44.175898, -20.070988], [-44.175808, -20.071147], [-44.175718, -20.071307], [-44.175629, -20.071466], [-44.175539, -20.071626], [-44.175449, -20.071785], [-44.175357, -20.071944], [-44.175359, -20.071945], [-44.17517, -20.07228], [-44.17517, -20.072285], [-44.175155, -20.072374], [-44.175154, -20.072385], [-44.175157, -20.072555], [-44.175159, -20.072735], [-44.176287, -20.072775], [-44.176275, -20.072594], [-44.176235, -20.072412], [-44.176234, -20.0724], [-44.176203, -20.072177], [-44.176251, -20.071996], [-44.1764, -20.071867], [-44.176456, -20.07169], [-44.176454, -20.071482], [-44.176493, -20.071297], [-44.176493, -20.071297], [-44.176575, -20.071133], [-44.176715, -20.070999], [-44.176078, -20.070669], [-44.175988, -20.070828]]], [[[-44.176847, -20.070862], [-44.176715, -20.070999], [-44.176078, -20.070669], [-44.176168, -20.070509], [-44.176258, -20.07035], [-44.176347, -20.07019], [-44.176826, -20.070438], [-44.176852, -20.070502], [-44.176846, -20.070561], [-44.176836, -20.070611], [-44.176836, -20.07065], [-44.176846, -20.0707], [-44.176858, -20.070738], [-44.176862, -20.070774], [-44.176862, -20.070809], [-44.176847, -20.070862]]], [[[-44.175152, -20.072916], [-44.175152, -20.072916], [-44.175152, -20.072916], [-44.175159, -20.072736], [-44.176287, -20.072775], [-44.176299, -20.072956], [-44.176282, -20.073137], [-44.176254, -20.073162], [-44.176219, -20.07322], [-44.176199, -20.07327], [-44.176189, -20.073314], [-44.176203, -20.073424], [-44.176228, -20.07347], [-44.176249, -20.073497], [-44.1753, -20.073886], [-44.175109, -20.074], [-44.175145, -20.073096], [-44.175152, -20.072916], [-44.175152, -20.072916], [-44.175152, -20.072916]]]]}}, {"type": "Feature", "properties": {"bairro": "Balneario Estancias Do Bom Jardim", "pasta": "31_BALNEARIO_ESTANCIAS_DO_BOM_JARDIM", "tipo": "Quadra", "id": null, "QUADRA": "05"}, "geometry": {"type": "MultiPolygon", "coordinates": [[[[-44.17362, -20.072048], [-44.173611, -20.072043], [-44.173599, -20.072036], [-44.173302, -20.071722], [-44.173279, -20.072302], [-44.173753, -20.072318], [-44.173753, -20.072318], [-44.173729, -20.072061], [-44.173716, -20.072065], [-44.173703, -20.072069], [-44.17369, -20.072072], [-44.173677, -20.072074], [-44.173662, -20.07207], [-44.173647, -20.072063], [-44.173632, -20.072055], [-44.17362, -20.072048]]], [[[-44.173065, -20.071618], [-44.173135, -20.071628], [-44.173137, -20.071629], [-44.173138, -20.071629], [-44.17314, -20.07163], [-44.173141, -20.07163], [-44.173143, -20.071631], [-44.173144, -20.071632], [-44.173146, -20.071633], [-44.173302, -20.071722], [-44.173279, -20.072302], [-44.17304, -20.072293], [-44.173065, -20.071618]]], [[[-44.17221, -20.071735], [-44.172228, -20.071739], [-44.172245, -20.071739], [-44.172304, -20.071739], [-44.172392, -20.071732], [-44.172532, -20.071715], [-44.172817, -20.071655], [-44.17294, -20.071631], [-44.173065, -20.071618], [-44.17304, -20.072293], [-44.172795, -20.072285], [-44.172545, -20.072276], [-44.172509, -20.072275], [-44.172222, -20.072265], [-44.171859, -20.072252], [-44.17179, -20.072041], [-44.171764, -20.071921], [-44.171697, -20.071732], [-44.171703, -20.071404], [-44.17187, -20.070832], [-44.172042, -20.07059], [-44.172082, -20.071392], [-44.172111, -20.071665], [-44.172155, -20.071704], [-44.172169, -20.071714], [-44.17218, -20.071721], [-44.172191, -20.071728], [-44.17221, -20.071735]]]]}}]}