{"type": "FeatureCollection", "features": [{"type": "Feature", "properties": {"tipo": "Via Urbana", "id": null}, "geometry": {"type": "LineString", "coordinates": [[-44.188011, -20.05172], [-44.188039, -20.051706], [-44.188078, -20.051691], [-44.18814, -20.051666], [-44.188249, -20.051629], [-44.188537, -20.051579], [-44.188725, -20.051589], [-44.188847, -20.051596], [-44.189549, -20.05164], [-44.189918, -20.051665], [-44.190001, -20.051669], [-44.190732, -20.051712], [-44.190821, -20.05172], [-44.19089, -20.051725], [-44.191374, -20.05176], [-44.19149, -20.051766], [-44.191738, -20.051784], [-44.191795, -20.051792], [-44.19193, -20.051812], [-44.192212, -20.051825], [-44.192362, -20.051828], [-44.192826, -20.051811], [-44.193304, -20.051802], [-44.193697, -20.051735], [-44.194034, -20.051625]]}}, {"type": "Feature", "properties": {"tipo": "Via Urbana", "id": null}, "geometry": {"type": "LineString", "coordinates": [[-44.188009, -20.050498], [-44.188, -20.051572], [-44.187973, -20.051695]]}}, {"type": "Feature", "properties": {"tipo": "Via Urbana", "id": null}, "geometry": {"type": "LineString", "coordinates": [[-44.182761, -20.050382], [-44.182864, -20.050367], [-44.183775, -20.050129], [-44.184311, -20.04987], [-44.184838, -20.049552], [-44.185556, -20.048913]]}}, {"type": "Feature", "properties": {"tipo": "Via Urbana", "id": null}, "geometry": {"type": "LineString", "coordinates": [[-44.189021, -20.050802], [-44.188009, -20.050498], [-44.187311, -20.05059], [-44.186613, -20.050727], [-44.185933, -20.050832]]}}, {"type": "Feature", "properties": {"tipo": "Via Urbana", "id": null}, "geometry": {"type": "LineString", "coordinates": [[-44.183775, -20.050129], [-44.184206, -20.050384], [-44.184977, -20.050916], [-44.185125, -20.051101], [-44.185236, -20.051308], [-44.185262, -20.051528]]}}, {"type": "Feature", "properties": {"tipo": "Via Urbana", "id": null}, "geometry": {"type": "LineString", "coordinates": [[-44.184838, -20.049552], [-44.185939, -20.049546], [-44.18661, -20.049546]]}}, {"type": "Feature", "properties": {"tipo": "Via Urbana", "id": null}, "geometry": {"type": "LineString", "coordinates": [[-44.186612, -20.0489], [-44.18661, -20.049546], [-44.186613, -20.050727], [-44.186623, -20.051374], [-44.186626, -20.052127]]}}, {"type": "Feature", "properties": {"tipo": "Via Urbana", "id": null}, "geometry": {"type": "LineString", "coordinates": [[-44.187278, -20.048898], [-44.187311, -20.05059], [-44.187315, -20.051968]]}}, {"type": "Feature", "properties": {"tipo": "Via Urbana", "id": null}, "geometry": {"type": "LineString", "coordinates": [[-44.185939, -20.049546], [-44.18593, -20.050173], [-44.185933, -20.050832]]}}, {"type": "Feature", "properties": {"tipo": "Via Urbana", "id": null}, "geometry": {"type": "LineString", "coordinates": [[-44.194763, -20.059654], [-44.194192, -20.059373]]}}, {"type": "Feature", "properties": {"tipo": "Via Urbana", "id": null}, "geometry": {"type": "LineString", "coordinates": [[-44.194481, -20.058791], [-44.194192, -20.059373], [-44.193752, -20.060265]]}}, {"type": "Feature", "properties": {"tipo": "Via Urbana", "id": null}, "geometry": {"type": "LineString", "coordinates": [[-44.193878, -20.060323], [-44.193752, -20.060265], [-44.193134, -20.060009], [-44.192519, -20.059735], [-44.191903, -20.059475], [-44.191257, -20.059184], [-44.190654, -20.058917], [-44.190048, -20.058677], [-44.189413, -20.058408], [-44.188738, -20.05814], [-44.188462, -20.05802]]}}, {"type": "Feature", "properties": {"tipo": "Via Urbana", "id": null}, "geometry": {"type": "LineString", "coordinates": [[-44.189641, -20.05663], [-44.189059, -20.057476], [-44.188738, -20.05814]]}}, {"type": "Feature", "properties": {"tipo": "Via Urbana", "id": null}, "geometry": {"type": "LineString", "coordinates": [[-44.19019, -20.056895], [-44.189413, -20.058408], [-44.188626, -20.060092]]}}, {"type": "Feature", "properties": {"tipo": "Via Urbana", "id": null}, "geometry": {"type": "LineString", "coordinates": [[-44.190792, -20.057161], [-44.190048, -20.058677], [-44.189183, -20.060436]]}}, {"type": "Feature", "properties": {"tipo": "Via Urbana", "id": null}, "geometry": {"type": "LineString", "coordinates": [[-44.189685, -20.060958], [-44.189807, -20.060693], [-44.190654, -20.058917], [-44.191385, -20.057417]]}}, {"type": "Feature", "properties": {"tipo": "Via Urbana", "id": null}, "geometry": {"type": "LineString", "coordinates": [[-44.189289, -20.062172], [-44.189676, -20.061868], [-44.189875, -20.061717], [-44.190052, -20.061552], [-44.190123, -20.061472], [-44.190207, -20.061377], [-44.190421, -20.060958], [-44.191257, -20.059184], [-44.191989, -20.057691]]}}, {"type": "Feature", "properties": {"tipo": "Via Urbana", "id": null}, "geometry": {"type": "LineString", "coordinates": [[-44.190836, -20.061647], [-44.191046, -20.061232], [-44.191903, -20.059475]]}}, {"type": "Feature", "properties": {"tipo": "Via Urbana", "id": null}, "geometry": {"type": "LineString", "coordinates": [[-44.189658, -20.063293], [-44.190547, -20.063641], [-44.19058, -20.063656], [-44.190616, -20.06366], [-44.190643, -20.063643], [-44.190657, -20.06362], [-44.191428, -20.062424], [-44.191462, -20.062367], [-44.191476, -20.062297], [-44.191478, -20.062155], [-44.191505, -20.061885], [-44.191629, -20.061486], [-44.192092, -20.06063], [-44.192519, -20.059735], [-44.193254, -20.05825]]}}, {"type": "Feature", "properties": {"tipo": "Via Urbana", "id": null}, "geometry": {"type": "LineString", "coordinates": [[-44.192655, -20.061093], [-44.193134, -20.060009], [-44.193296, -20.059625], [-44.193489, -20.059257], [-44.193872, -20.058526]]}}, {"type": "Feature", "properties": {"tipo": "Via Urbana", "id": null}, "geometry": {"type": "LineString", "coordinates": [[-44.191374, -20.05176], [-44.19088, -20.051071], [-44.190433, -20.05046], [-44.190329, -20.050343], [-44.189969, -20.049844], [-44.189487, -20.049228], [-44.189258, -20.048917], [-44.189041, -20.048589], [-44.188873, -20.048335], [-44.18868, -20.048105], [-44.188482, -20.047837], [-44.188271, -20.047568], [-44.188163, -20.04742], [-44.188087, -20.047294], [-44.188075, -20.04728], [-44.188057, -20.047275]]}}, {"type": "Feature", "properties": {"tipo": "Via Urbana", "id": null}, "geometry": {"type": "LineString", "coordinates": [[-44.193486, -20.054174], [-44.193301, -20.053945], [-44.193231, -20.053849], [-44.192802, -20.053245], [-44.192737, -20.053166], [-44.192212, -20.052457], [-44.192059, -20.052228], [-44.191841, -20.051919], [-44.191738, -20.051784]]}}, {"type": "Feature", "properties": {"tipo": "Via Urbana", "id": null}, "geometry": {"type": "LineString", "coordinates": [[-44.19421, -20.05226], [-44.193614, -20.052433], [-44.192932, -20.052466], [-44.192212, -20.052457]]}}, {"type": "Feature", "properties": {"tipo": "Via Urbana", "id": null}, "geometry": {"type": "LineString", "coordinates": [[-44.18957, -20.052745], [-44.1903, -20.052992], [-44.190406, -20.053019], [-44.191015, -20.053051], [-44.191539, -20.05309]]}}, {"type": "Feature", "properties": {"tipo": "Via Urbana", "id": null}, "geometry": {"type": "LineString", "coordinates": [[-44.193512, -20.053241], [-44.193278, -20.05293], [-44.192932, -20.052466]]}}, {"type": "Feature", "properties": {"tipo": "Via Urbana", "id": null}, "geometry": {"type": "LineString", "coordinates": [[-44.194297, -20.053671], [-44.193841, -20.053748], [-44.193231, -20.053849]]}}, {"type": "Feature", "properties": {"tipo": "Via Urbana", "id": null}, "geometry": {"type": "LineString", "coordinates": [[-44.191539, -20.05309], [-44.191697, -20.053349], [-44.192282, -20.054128]]}}, {"type": "Feature", "properties": {"tipo": "Via Urbana", "id": null}, "geometry": {"type": "LineString", "coordinates": [[-44.191331, -20.053853], [-44.191026, -20.053434], [-44.190975, -20.05333], [-44.191015, -20.053051]]}}, {"type": "Feature", "properties": {"tipo": "Via Urbana", "id": null}, "geometry": {"type": "LineString", "coordinates": [[-44.18933, -20.05466], [-44.188885, -20.054734], [-44.188783, -20.054746], [-44.188734, -20.054733], [-44.18872, -20.054707], [-44.18871, -20.054676], [-44.18861, -20.05443], [-44.188551, -20.054179], [-44.188551, -20.053945], [-44.188814, -20.052921], [-44.188828, -20.05291], [-44.188851, -20.052905], [-44.188883, -20.052911], [-44.1891, -20.052975], [-44.18947, -20.053067]]}}, {"type": "Feature", "properties": {"tipo": "Via Urbana", "id": null}, "geometry": {"type": "LineString", "coordinates": [[-44.189918, -20.051665], [-44.189863, -20.051862], [-44.189695, -20.052358], [-44.18957, -20.052745], [-44.18947, -20.053067], [-44.189231, -20.053877], [-44.18933, -20.05466], [-44.189383, -20.054877], [-44.189452, -20.054914]]}}, {"type": "Feature", "properties": {"tipo": "Via Urbana", "id": null}, "geometry": {"type": "LineString", "coordinates": [[-44.190821, -20.05172], [-44.190625, -20.052419], [-44.190406, -20.053019], [-44.190076, -20.054186], [-44.190124, -20.054661], [-44.190165, -20.054831], [-44.190162, -20.054886], [-44.190143, -20.054919]]}}, {"type": "Feature", "properties": {"tipo": "Via Urbana", "id": null}, "geometry": {"type": "LineString", "coordinates": [[-44.192412, -20.054207], [-44.192282, -20.054128], [-44.191331, -20.053853], [-44.190076, -20.054186], [-44.189951, -20.054148]]}}, {"type": "Feature", "properties": {"tipo": "Via Urbana", "id": null}, "geometry": {"type": "LineString", "coordinates": [[-44.194132, -20.053136], [-44.194, -20.052949], [-44.193614, -20.052433]]}}, {"type": "Feature", "properties": {"tipo": "Via Urbana", "id": null}, "geometry": {"type": "LineString", "coordinates": [[-44.187988, -20.053175], [-44.187331, -20.053174], [-44.186627, -20.053181], [-44.185957, -20.053191], [-44.185298, -20.053214], [-44.184633, -20.053227], [-44.183937, -20.053231]]}}, {"type": "Feature", "properties": {"tipo": "Via Urbana", "id": null}, "geometry": {"type": "LineString", "coordinates": [[-44.187976, -20.055091], [-44.187311, -20.055091], [-44.18665, -20.055101], [-44.185972, -20.055111], [-44.185312, -20.055129], [-44.184655, -20.055142], [-44.18395, -20.055159]]}}, {"type": "Feature", "properties": {"tipo": "Via Urbana", "id": null}, "geometry": {"type": "LineString", "coordinates": [[-44.185976, -20.052201], [-44.185957, -20.053191], [-44.185983, -20.05405]]}}, {"type": "Feature", "properties": {"tipo": "Via Urbana", "id": null}, "geometry": {"type": "LineString", "coordinates": [[-44.185294, -20.052252], [-44.185298, -20.053214], [-44.185302, -20.054161], [-44.185312, -20.055129], [-44.185327, -20.056188]]}}, {"type": "Feature", "properties": {"tipo": "Via Urbana", "id": null}, "geometry": {"type": "LineString", "coordinates": [[-44.184642, -20.052179], [-44.184633, -20.053227], [-44.184622, -20.054172], [-44.184655, -20.055142], [-44.184674, -20.056187]]}}, {"type": "Feature", "properties": {"tipo": "Via Urbana", "id": null}, "geometry": {"type": "LineString", "coordinates": [[-44.185693, -20.054158], [-44.185302, -20.054161], [-44.184622, -20.054172], [-44.183953, -20.054185]]}}, {"type": "Feature", "properties": {"tipo": "Via Urbana", "id": null}, "geometry": {"type": "LineString", "coordinates": [[-44.183913, -20.052228], [-44.183939, -20.052478], [-44.183937, -20.053231], [-44.183953, -20.054185], [-44.18395, -20.055159], [-44.183958, -20.055395], [-44.183966, -20.055508], [-44.183996, -20.055601], [-44.184052, -20.055697], [-44.18414, -20.056191]]}}, {"type": "Feature", "properties": {"tipo": "Via Urbana", "id": null}, "geometry": {"type": "LineString", "coordinates": [[-44.182418, -20.052713], [-44.182422, -20.053792], [-44.18249, -20.054336], [-44.182633, -20.0546], [-44.182842, -20.05484], [-44.183153, -20.055069], [-44.183579, -20.055412], [-44.183808, -20.055577], [-44.183996, -20.055601]]}}, {"type": "Feature", "properties": {"tipo": "Via Urbana", "id": null}, "geometry": {"type": "LineString", "coordinates": [[-44.183169, -20.052652], [-44.183153, -20.055069]]}}, {"type": "Feature", "properties": {"tipo": "Via Urbana", "id": null}, "geometry": {"type": "LineString", "coordinates": [[-44.183939, -20.052478], [-44.183169, -20.052652], [-44.182797, -20.052712], [-44.182418, -20.052713], [-44.182048, -20.052629], [-44.181698, -20.052515], [-44.181221, -20.052269], [-44.181091, -20.052246], [-44.180954, -20.052253], [-44.180544, -20.052261]]}}, {"type": "Feature", "properties": {"tipo": "Via Urbana", "id": null}, "geometry": {"type": "LineString", "coordinates": [[-44.183132, -20.055942], [-44.182393, -20.055375], [-44.181677, -20.05484], [-44.181589, -20.054759], [-44.180969, -20.054277], [-44.180494, -20.053943]]}}, {"type": "Feature", "properties": {"tipo": "Via Urbana", "id": null}, "geometry": {"type": "LineString", "coordinates": [[-44.180969, -20.054277], [-44.180954, -20.052253]]}}, {"type": "Feature", "properties": {"tipo": "Via Urbana", "id": null}, "geometry": {"type": "LineString", "coordinates": [[-44.181677, -20.05484], [-44.181698, -20.052515]]}}, {"type": "Feature", "properties": {"tipo": "Via Urbana", "id": null}, "geometry": {"type": "LineString", "coordinates": [[-44.181589, -20.054759], [-44.181338, -20.055045], [-44.180892, -20.055564], [-44.180424, -20.0561], [-44.180282, -20.056262], [-44.179969, -20.056633], [-44.179624, -20.057063], [-44.179587, -20.0571], [-44.17955, -20.057108]]}}, {"type": "Feature", "properties": {"tipo": "Via Urbana", "id": null}, "geometry": {"type": "LineString", "coordinates": [[-44.177207, -20.055416], [-44.177827, -20.055887], [-44.17836, -20.056273], [-44.178749, -20.056543], [-44.179472, -20.05709], [-44.179506, -20.057108], [-44.17955, -20.057108]]}}, {"type": "Feature", "properties": {"tipo": "Via Urbana", "id": null}, "geometry": {"type": "LineString", "coordinates": [[-44.178749, -20.056543], [-44.178326, -20.057077]]}}, {"type": "Feature", "properties": {"tipo": "Via Urbana", "id": null}, "geometry": {"type": "LineString", "coordinates": [[-44.17836, -20.056273], [-44.177567, -20.057212]]}}, {"type": "Feature", "properties": {"tipo": "Via Urbana", "id": null}, "geometry": {"type": "LineString", "coordinates": [[-44.177827, -20.055887], [-44.176963, -20.056961]]}}, {"type": "Feature", "properties": {"tipo": "Via Urbana", "id": null}, "geometry": {"type": "LineString", "coordinates": [[-44.179969, -20.056633], [-44.177638, -20.054843]]}}, {"type": "Feature", "properties": {"tipo": "Via Urbana", "id": null}, "geometry": {"type": "LineString", "coordinates": [[-44.180424, -20.0561], [-44.179783, -20.055619], [-44.178435, -20.054615], [-44.178333, -20.054537], [-44.178209, -20.054481], [-44.17801, -20.054449]]}}, {"type": "Feature", "properties": {"tipo": "Via Urbana", "id": null}, "geometry": {"type": "LineString", "coordinates": [[-44.180892, -20.055564], [-44.17954, -20.054541]]}}, {"type": "Feature", "properties": {"tipo": "Via Urbana", "id": null}, "geometry": {"type": "LineString", "coordinates": [[-44.181338, -20.055045], [-44.180658, -20.054532], [-44.180471, -20.05436], [-44.180403, -20.05432], [-44.180364, -20.05432], [-44.180264, -20.054322], [-44.179877, -20.05433], [-44.179849, -20.054286]]}}, {"type": "Feature", "properties": {"tipo": "Via Urbana", "id": null}, "geometry": {"type": "LineString", "coordinates": [[-44.179433, -20.052261], [-44.179093, -20.052388], [-44.178814, -20.052524], [-44.178473, -20.052743], [-44.178387, -20.052818], [-44.178325, -20.052878], [-44.178197, -20.053005], [-44.178079, -20.053175], [-44.178001, -20.053473], [-44.178001, -20.053524], [-44.177991, -20.053854], [-44.178007, -20.054189], [-44.17801, -20.054449], [-44.177875, -20.054582], [-44.177638, -20.054843], [-44.177293, -20.055234], [-44.177207, -20.055416], [-44.177163, -20.055596], [-44.17714, -20.055832], [-44.17712, -20.055944], [-44.177085, -20.056034], [-44.176929, -20.056304], [-44.17675, -20.056547], [-44.176562, -20.05667], [-44.17643, -20.056856], [-44.176133, -20.057578], [-44.176098, -20.057896], [-44.176101, -20.058211], [-44.17608, -20.058242], [-44.176052, -20.058269], [-44.175747, -20.058526], [-44.175159, -20.058915], [-44.174876, -20.059024], [-44.174664, -20.059066], [-44.174451, -20.059101], [-44.174271, -20.059115]]}}, {"type": "Feature", "properties": {"tipo": "Via Urbana", "id": null}, "geometry": {"type": "LineString", "coordinates": [[-44.163107, -20.063201], [-44.163019, -20.063223], [-44.162908, -20.063245], [-44.162805, -20.063233], [-44.162704, -20.06318], [-44.162628, -20.063112], [-44.16259, -20.062993], [-44.162586, -20.062073]]}}, {"type": "Feature", "properties": {"tipo": "Via Urbana", "id": null}, "geometry": {"type": "LineString", "coordinates": [[-44.157278, -20.075202], [-44.157213, -20.075371], [-44.157132, -20.075633], [-44.156888, -20.076692], [-44.156719, -20.07759], [-44.156574, -20.078491], [-44.156518, -20.078905], [-44.156448, -20.079276], [-44.156401, -20.079406], [-44.156339, -20.079512], [-44.155248, -20.08098], [-44.155132, -20.081148], [-44.155068, -20.081265], [-44.154986, -20.081661], [-44.154945, -20.081774], [-44.154875, -20.081918], [-44.154714, -20.082175], [-44.154447, -20.082495], [-44.154389, -20.082594], [-44.154359, -20.08267], [-44.154353, -20.082755], [-44.15446, -20.08343], [-44.154471, -20.083568], [-44.154469, -20.083692], [-44.154367, -20.084694], [-44.154367, -20.08478], [-44.15444, -20.085609], [-44.154446, -20.085815], [-44.154399, -20.086294], [-44.154395, -20.086397], [-44.154407, -20.086514], [-44.154487, -20.0867], [-44.154534, -20.086816], [-44.154562, -20.086943], [-44.154572, -20.087167], [-44.154592, -20.087347], [-44.154549, -20.087775], [-44.154597, -20.088851], [-44.154731, -20.089566], [-44.154749, -20.089671], [-44.154753, -20.089782], [-44.154667, -20.090076], [-44.154639, -20.090176], [-44.154641, -20.090254], [-44.154667, -20.090342], [-44.154774, -20.090654], [-44.154831, -20.090847], [-44.154919, -20.091076], [-44.155041, -20.091255], [-44.15512, -20.091381], [-44.155154, -20.091471], [-44.155169, -20.091578], [-44.155102, -20.092181], [-44.155084, -20.092318], [-44.155091, -20.092424], [-44.15511, -20.092511], [-44.15529, -20.092964], [-44.155458, -20.093377], [-44.155509, -20.09356], [-44.155532, -20.093765], [-44.155528, -20.093991], [-44.155485, -20.094211], [-44.155423, -20.094311], [-44.154915, -20.095065], [-44.154876, -20.095148], [-44.154872, -20.095229], [-44.154886, -20.095302], [-44.154982, -20.095527], [-44.155169, -20.095788], [-44.155555, -20.096235], [-44.155611, -20.096321], [-44.155646, -20.096404], [-44.155678, -20.096507], [-44.155687, -20.096598], [-44.155655, -20.096769], [-44.155592, -20.097002], [-44.155572, -20.097133], [-44.155582, -20.097289], [-44.155602, -20.097419], [-44.155655, -20.097544], [-44.155765, -20.097638], [-44.155941, -20.097723], [-44.156119, -20.09778], [-44.156231, -20.097813], [-44.156366, -20.097827], [-44.156518, -20.097826], [-44.156664, -20.09781], [-44.156832, -20.097755], [-44.156996, -20.097668], [-44.157518, -20.097374], [-44.157717, -20.097287], [-44.157934, -20.097234], [-44.158717, -20.097121], [-44.158916, -20.0971], [-44.159028, -20.09711], [-44.159221, -20.097186], [-44.159323, -20.097244], [-44.1594, -20.097565]]}}, {"type": "Feature", "properties": {"tipo": "Via Urbana", "id": null}, "geometry": {"type": "LineString", "coordinates": [[-44.158897, -20.058806], [-44.158183, -20.059053], [-44.158104, -20.05908], [-44.157358, -20.059463], [-44.156678, -20.059677], [-44.155864, -20.059944], [-44.155554, -20.060047], [-44.155482, -20.06007], [-44.154814, -20.060278], [-44.154643, -20.060316], [-44.154046, -20.060459], [-44.153896, -20.060478], [-44.153711, -20.060473], [-44.153636, -20.06046], [-44.153464, -20.060446], [-44.153346, -20.060453], [-44.153154, -20.060481], [-44.153058, -20.060499], [-44.152987, -20.0605], [-44.152918, -20.060468], [-44.152873, -20.060421], [-44.152754, -20.060191], [-44.152559, -20.059863], [-44.152533, -20.059842], [-44.152498, -20.059828], [-44.15235, -20.059795], [-44.151989, -20.05986], [-44.15161, -20.059963], [-44.15135, -20.060044], [-44.151167, -20.060123], [-44.150813, -20.060276], [-44.150442, -20.060351], [-44.150116, -20.060416], [-44.149605, -20.060558], [-44.149433, -20.060581], [-44.149145, -20.06058], [-44.148952, -20.060507]]}}, {"type": "Feature", "properties": {"tipo": "Via Urbana", "id": null}, "geometry": {"type": "LineString", "coordinates": [[-44.161395, -20.059651], [-44.161273, -20.059682], [-44.161153, -20.059677], [-44.160561, -20.059425]]}}, {"type": "Feature", "properties": {"tipo": "Via Urbana", "id": null}, "geometry": {"type": "LineString", "coordinates": [[-44.160737, -20.061988], [-44.159718, -20.063649], [-44.159344, -20.064242], [-44.158815, -20.065098], [-44.158478, -20.065659]]}}, {"type": "Feature", "properties": {"tipo": "Via Urbana", "id": null}, "geometry": {"type": "LineString", "coordinates": [[-44.161702, -20.061779], [-44.16105, -20.061441], [-44.159755, -20.060701]]}}, {"type": "Feature", "properties": {"tipo": "Via Urbana", "id": null}, "geometry": {"type": "LineString", "coordinates": [[-44.162598, -20.061186], [-44.162417, -20.061241], [-44.162235, -20.06127], [-44.162124, -20.061238], [-44.161738, -20.061065], [-44.161388, -20.060903]]}}, {"type": "Feature", "properties": {"tipo": "Via Urbana", "id": null}, "geometry": {"type": "LineString", "coordinates": [[-44.160737, -20.061988], [-44.159788, -20.061486], [-44.159388, -20.061256], [-44.158873, -20.06097], [-44.15799, -20.06045]]}}, {"type": "Feature", "properties": {"tipo": "Via Urbana", "id": null}, "geometry": {"type": "LineString", "coordinates": [[-44.160588, -20.068821], [-44.160979, -20.06832], [-44.161011, -20.068293], [-44.161057, -20.068279], [-44.161962, -20.068197]]}}, {"type": "Feature", "properties": {"tipo": "Via Urbana", "id": null}, "geometry": {"type": "LineString", "coordinates": [[-44.161841, -20.067217], [-44.161941, -20.06721], [-44.162427, -20.067259], [-44.162656, -20.067276], [-44.162885, -20.067329], [-44.163056, -20.067406], [-44.163219, -20.067497], [-44.163541, -20.067681], [-44.163734, -20.067829], [-44.163932, -20.067975], [-44.164188, -20.068277]]}}, {"type": "Feature", "properties": {"tipo": "Via Urbana", "id": null}, "geometry": {"type": "LineString", "coordinates": [[-44.169966, -20.075565], [-44.169768, -20.075526], [-44.169373, -20.075425], [-44.168833, -20.075289], [-44.167956, -20.074933], [-44.167732, -20.074853], [-44.16756, -20.074836], [-44.167351, -20.074855], [-44.166878, -20.074973], [-44.166841, -20.074993], [-44.166685, -20.075133], [-44.166646, -20.075148], [-44.166608, -20.075147], [-44.166525, -20.075059], [-44.166503, -20.075052], [-44.166007, -20.075177], [-44.165852, -20.075189], [-44.16566, -20.075156], [-44.164887, -20.075013], [-44.16476, -20.074964], [-44.164645, -20.074863], [-44.164621, -20.074524], [-44.164589, -20.074176], [-44.164532, -20.073818], [-44.164489, -20.073639], [-44.164426, -20.073463], [-44.1643, -20.073291], [-44.164232, -20.073209], [-44.164151, -20.07315], [-44.163235, -20.072475]]}}, {"type": "Feature", "properties": {"tipo": "Via Urbana", "id": null}, "geometry": {"type": "LineString", "coordinates": [[-44.164484, -20.069999], [-44.16395, -20.069121], [-44.163382, -20.068269]]}}, {"type": "Feature", "properties": {"tipo": "Via Urbana", "id": null}, "geometry": {"type": "LineString", "coordinates": [[-44.162855, -20.070463], [-44.163793, -20.071212], [-44.163829, -20.071239], [-44.163876, -20.071253], [-44.163912, -20.071246], [-44.163941, -20.071229]]}}, {"type": "Feature", "properties": {"tipo": "Via Urbana", "id": null}, "geometry": {"type": "LineString", "coordinates": [[-44.161809, -20.070512], [-44.163605, -20.071905], [-44.163679, -20.071956]]}}, {"type": "Feature", "properties": {"tipo": "Via Urbana", "id": null}, "geometry": {"type": "LineString", "coordinates": [[-44.160733, -20.075392], [-44.161049, -20.074983], [-44.16147, -20.07449], [-44.161936, -20.073982], [-44.162384, -20.073473], [-44.162812, -20.072965]]}}, {"type": "Feature", "properties": {"tipo": "Via Urbana", "id": null}, "geometry": {"type": "LineString", "coordinates": [[-44.170988, -20.087004], [-44.170234, -20.086692], [-44.170184, -20.086657], [-44.170078, -20.086179], [-44.170079, -20.086139], [-44.170137, -20.086077], [-44.17029, -20.085991], [-44.170371, -20.085911], [-44.170377, -20.085846], [-44.170113, -20.085436], [-44.169977, -20.085225], [-44.169856, -20.085025], [-44.169683, -20.084848], [-44.169496, -20.084691], [-44.169311, -20.084534], [-44.169116, -20.084383], [-44.168873, -20.084257], [-44.168604, -20.084143], [-44.168368, -20.084031], [-44.168124, -20.083946], [-44.167943, -20.083896], [-44.167855, -20.083867], [-44.167768, -20.08384], [-44.167697, -20.083847], [-44.167641, -20.083881], [-44.167149, -20.084357], [-44.167059, -20.084356], [-44.166959, -20.084339], [-44.166707, -20.084289], [-44.166613, -20.084246], [-44.166533, -20.08417], [-44.166477, -20.084052], [-44.166207, -20.083335], [-44.16623, -20.083281], [-44.166471, -20.083159], [-44.166807, -20.082939], [-44.166981, -20.082722], [-44.16709, -20.082475], [-44.167128, -20.082347], [-44.16715, -20.082214], [-44.167124, -20.082145], [-44.167067, -20.082109], [-44.167016, -20.082092], [-44.166954, -20.082091], [-44.166891, -20.082087], [-44.166817, -20.082101], [-44.166564, -20.082117], [-44.166328, -20.082109], [-44.166207, -20.082092], [-44.166088, -20.082095], [-44.165993, -20.082109], [-44.165895, -20.082141], [-44.165781, -20.082194], [-44.165668, -20.082255], [-44.165594, -20.082272], [-44.165518, -20.082252], [-44.16546, -20.082241], [-44.1654, -20.08224], [-44.165306, -20.082173], [-44.165263, -20.082133], [-44.165248, -20.082076], [-44.16523, -20.081981], [-44.165228, -20.081888], [-44.165261, -20.081775], [-44.165341, -20.081624], [-44.165461, -20.081474], [-44.165561, -20.081292], [-44.165609, -20.081083], [-44.165609, -20.080967], [-44.165602, -20.080874], [-44.16557, -20.080686], [-44.16539, -20.07996], [-44.165424, -20.079812], [-44.165753, -20.079251], [-44.165856, -20.078585], [-44.165879, -20.07847], [-44.165926, -20.078352], [-44.166249, -20.077855], [-44.166349, -20.077721], [-44.166354, -20.077678], [-44.166333, -20.077634], [-44.166106, -20.077512]]}}, {"type": "Feature", "properties": {"tipo": "Via Urbana", "id": null}, "geometry": {"type": "LineString", "coordinates": [[-44.162431, -20.07688], [-44.161451, -20.076101], [-44.161158, -20.075895], [-44.161013, -20.075779], [-44.160885, -20.075659], [-44.160798, -20.075527], [-44.160733, -20.075392], [-44.160309, -20.074712], [-44.160098, -20.07438], [-44.159995, -20.074213], [-44.159902, -20.074042], [-44.159829, -20.073941], [-44.159764, -20.073832], [-44.15964, -20.07338], [-44.159534, -20.072927], [-44.1595, -20.072794], [-44.159494, -20.072724], [-44.1595, -20.072656], [-44.159544, -20.072534], [-44.159694, -20.072249], [-44.159821, -20.07198], [-44.159976, -20.071598], [-44.160029, -20.071494], [-44.160151, -20.071373], [-44.160333, -20.071277], [-44.160455, -20.071226], [-44.160551, -20.071225], [-44.160592, -20.071212], [-44.160632, -20.071188], [-44.160815, -20.071008], [-44.160855, -20.070936], [-44.160887, -20.070859], [-44.160917, -20.070673], [-44.160919, -20.070643], [-44.160946, -20.070602], [-44.161038, -20.070572], [-44.16113, -20.070558], [-44.161316, -20.070545], [-44.161809, -20.070512], [-44.162855, -20.070463], [-44.163309, -20.070431], [-44.163559, -20.070418], [-44.163687, -20.070413], [-44.163809, -20.070431], [-44.164039, -20.070559], [-44.164238, -20.0707]]}}, {"type": "Feature", "properties": {"tipo": "Via Urbana", "id": null}, "geometry": {"type": "LineString", "coordinates": [[-44.161009, -20.084187], [-44.16122, -20.08312], [-44.161212, -20.082964], [-44.161112, -20.082755], [-44.160597, -20.081954], [-44.16056, -20.081825], [-44.160592, -20.081694], [-44.160745, -20.081485], [-44.161617, -20.080301], [-44.161909, -20.079901], [-44.162043, -20.079681], [-44.162113, -20.079455], [-44.162133, -20.079383], [-44.162146, -20.079308], [-44.162145, -20.079232], [-44.162125, -20.079167], [-44.161797, -20.077442]]}}, {"type": "Feature", "properties": {"tipo": "Via Urbana", "id": null}, "geometry": {"type": "LineString", "coordinates": [[-44.162125, -20.079167], [-44.162573, -20.078552], [-44.163138, -20.0778]]}}, {"type": "Feature", "properties": {"tipo": "Via Urbana", "id": null}, "geometry": {"type": "LineString", "coordinates": [[-44.163019, -20.076152], [-44.163246, -20.075858], [-44.163294, -20.075808], [-44.163719, -20.075369], [-44.164156, -20.074859], [-44.164272, -20.074711], [-44.164376, -20.074513], [-44.164389, -20.074413], [-44.164352, -20.074326]]}}, {"type": "Feature", "properties": {"tipo": "Via Urbana", "id": null}, "geometry": {"type": "LineString", "coordinates": [[-44.164156, -20.074859], [-44.162384, -20.073473]]}}, {"type": "Feature", "properties": {"tipo": "Via Urbana", "id": null}, "geometry": {"type": "LineString", "coordinates": [[-44.163719, -20.075369], [-44.162826, -20.074666], [-44.162373, -20.074313], [-44.161936, -20.073982], [-44.160823, -20.073096], [-44.159694, -20.072249]]}}, {"type": "Feature", "properties": {"tipo": "Via Urbana", "id": null}, "geometry": {"type": "LineString", "coordinates": [[-44.163246, -20.075858], [-44.163129, -20.075761], [-44.162376, -20.075174], [-44.16192, -20.074824], [-44.16147, -20.07449], [-44.160514, -20.073696], [-44.160015, -20.073323], [-44.159534, -20.072927]]}}, {"type": "Feature", "properties": {"tipo": "Via Urbana", "id": null}, "geometry": {"type": "LineString", "coordinates": [[-44.162813, -20.076366], [-44.161049, -20.074983], [-44.16079, -20.074756], [-44.160494, -20.074516], [-44.159902, -20.074042]]}}, {"type": "Feature", "properties": {"tipo": "Via Urbana", "id": null}, "geometry": {"type": "LineString", "coordinates": [[-44.153793, -20.071772], [-44.153774, -20.071729], [-44.153763, -20.071673], [-44.153777, -20.071239], [-44.153824, -20.070671], [-44.153841, -20.070129], [-44.154012, -20.068991]]}}, {"type": "Feature", "properties": {"tipo": "Via Urbana", "id": null}, "geometry": {"type": "LineString", "coordinates": [[-44.15564, -20.069514], [-44.157427, -20.069816], [-44.157475, -20.069827], [-44.157506, -20.069849]]}}, {"type": "Feature", "properties": {"tipo": "Via Urbana", "id": null}, "geometry": {"type": "LineString", "coordinates": [[-44.155745, -20.064157], [-44.154852, -20.065539], [-44.154641, -20.065907], [-44.154155, -20.066749], [-44.153622, -20.067604], [-44.153563, -20.06774], [-44.153522, -20.067867], [-44.153468, -20.068139], [-44.153412, -20.068508], [-44.153392, -20.068894], [-44.153326, -20.069603], [-44.153257, -20.069906], [-44.153148, -20.070175]]}}, {"type": "Feature", "properties": {"tipo": "Via Urbana", "id": null}, "geometry": {"type": "LineString", "coordinates": [[-44.155546, -20.071668], [-44.155618, -20.071685], [-44.155697, -20.071745], [-44.155731, -20.071806], [-44.155741, -20.07188], [-44.155723, -20.071948], [-44.155678, -20.072009], [-44.155617, -20.072049], [-44.155545, -20.072066], [-44.155503, -20.072065], [-44.155433, -20.072045], [-44.155385, -20.072014], [-44.15534, -20.071959], [-44.155316, -20.07186], [-44.155331, -20.071793], [-44.15537, -20.071734], [-44.155399, -20.071708], [-44.155465, -20.071676], [-44.155546, -20.071668]]}}, {"type": "Feature", "properties": {"tipo": "Via Urbana", "id": null}, "geometry": {"type": "LineString", "coordinates": [[-44.153793, -20.071772], [-44.154943, -20.071825], [-44.155316, -20.07186]]}}, {"type": "Feature", "properties": {"tipo": "Via Urbana", "id": null}, "geometry": {"type": "LineString", "coordinates": [[-44.155741, -20.07188], [-44.156116, -20.07189], [-44.156317, -20.071899]]}}, {"type": "Feature", "properties": {"tipo": "Via Urbana", "id": null}, "geometry": {"type": "LineString", "coordinates": [[-44.157506, -20.069849], [-44.157525, -20.069875], [-44.157532, -20.069909], [-44.157509, -20.070217]]}}, {"type": "Feature", "properties": {"tipo": "Via Urbana", "id": null}, "geometry": {"type": "LineString", "coordinates": [[-44.155476, -20.073746], [-44.155488, -20.072985], [-44.155509, -20.072422], [-44.155503, -20.072065]]}}, {"type": "Feature", "properties": {"tipo": "Via Urbana", "id": null}, "geometry": {"type": "LineString", "coordinates": [[-44.155546, -20.071668], [-44.155563, -20.070161], [-44.15564, -20.069514], [-44.155628, -20.069361], [-44.155607, -20.069325], [-44.155568, -20.069299]]}}, {"type": "Feature", "properties": {"tipo": "Via Urbana", "id": null}, "geometry": {"type": "LineString", "coordinates": [[-44.155568, -20.069299], [-44.155476, -20.069267], [-44.155058, -20.069173], [-44.154587, -20.06909], [-44.154012, -20.068991], [-44.153392, -20.068894]]}}, {"type": "Feature", "properties": {"tipo": "Via Urbana", "id": null}, "geometry": {"type": "LineString", "coordinates": [[-44.157376, -20.072471], [-44.155509, -20.072422], [-44.15423, -20.072359], [-44.15416, -20.072348], [-44.154094, -20.072294]]}}, {"type": "Feature", "properties": {"tipo": "Via Urbana", "id": null}, "geometry": {"type": "LineString", "coordinates": [[-44.155058, -20.069173], [-44.154998, -20.070135], [-44.154979, -20.07074], [-44.154973, -20.071275], [-44.154943, -20.071825]]}}, {"type": "Feature", "properties": {"tipo": "Via Urbana", "id": null}, "geometry": {"type": "LineString", "coordinates": [[-44.154973, -20.071275], [-44.153777, -20.071239]]}}, {"type": "Feature", "properties": {"tipo": "Via Urbana", "id": null}, "geometry": {"type": "LineString", "coordinates": [[-44.154979, -20.07074], [-44.153824, -20.070671]]}}, {"type": "Feature", "properties": {"tipo": "Via Urbana", "id": null}, "geometry": {"type": "LineString", "coordinates": [[-44.156145, -20.070167], [-44.156137, -20.070752], [-44.156134, -20.071308], [-44.156116, -20.07189]]}}, {"type": "Feature", "properties": {"tipo": "Via Urbana", "id": null}, "geometry": {"type": "LineString", "coordinates": [[-44.156134, -20.071308], [-44.157424, -20.071344]]}}, {"type": "Feature", "properties": {"tipo": "Via Urbana", "id": null}, "geometry": {"type": "LineString", "coordinates": [[-44.156137, -20.070752], [-44.157357, -20.070783], [-44.157408, -20.070795], [-44.157434, -20.07081]]}}, {"type": "Feature", "properties": {"tipo": "Via Urbana", "id": null}, "geometry": {"type": "LineString", "coordinates": [[-44.154643, -20.060316], [-44.154824, -20.06145], [-44.154973, -20.062269], [-44.154994, -20.06241], [-44.154998, -20.062487], [-44.154987, -20.062562], [-44.154953, -20.062621], [-44.154458, -20.063233], [-44.154441, -20.063291], [-44.154447, -20.063353], [-44.154471, -20.063429], [-44.154541, -20.063482], [-44.155745, -20.064157], [-44.156613, -20.064646], [-44.157573, -20.065162], [-44.158478, -20.065659]]}}, {"type": "Feature", "properties": {"tipo": "Via Urbana", "id": null}, "geometry": {"type": "LineString", "coordinates": [[-44.157849, -20.062653], [-44.158283, -20.06289], [-44.158779, -20.063163], [-44.159718, -20.063649]]}}, {"type": "Feature", "properties": {"tipo": "Via Urbana", "id": null}, "geometry": {"type": "LineString", "coordinates": [[-44.158873, -20.06097], [-44.157849, -20.062653]]}}, {"type": "Feature", "properties": {"tipo": "Via Urbana", "id": null}, "geometry": {"type": "LineString", "coordinates": [[-44.157573, -20.065162], [-44.158779, -20.063163]]}}, {"type": "Feature", "properties": {"tipo": "Via Urbana", "id": null}, "geometry": {"type": "LineString", "coordinates": [[-44.160827, -20.065059], [-44.159344, -20.064242]]}}, {"type": "Feature", "properties": {"tipo": "Via Urbana", "id": null}, "geometry": {"type": "LineString", "coordinates": [[-44.158158, -20.066177], [-44.158414, -20.070363]]}}, {"type": "Feature", "properties": {"tipo": "Via Urbana", "id": null}, "geometry": {"type": "LineString", "coordinates": [[-44.124287, -20.098924], [-44.124437, -20.098925], [-44.124754, -20.09895], [-44.124987, -20.098836], [-44.125184, -20.098699], [-44.125393, -20.098562], [-44.125625, -20.098552], [-44.125943, -20.09852], [-44.126212, -20.098498], [-44.126493, -20.098489], [-44.126773, -20.098514], [-44.127005, -20.098585], [-44.127236, -20.098702], [-44.127418, -20.098842], [-44.127538, -20.099119], [-44.127634, -20.099339], [-44.127803, -20.099629], [-44.127972, -20.099849], [-44.128154, -20.100047], [-44.128299, -20.100233], [-44.128529, -20.100488], [-44.128699, -20.100732], [-44.128868, -20.100964], [-44.129061, -20.10123], [-44.129231, -20.101416], [-44.129474, -20.101614], [-44.12968, -20.101754], [-44.129899, -20.101871], [-44.130179, -20.101988], [-44.130728, -20.102096], [-44.13096, -20.102144], [-44.131253, -20.102169], [-44.131619, -20.102195], [-44.132792, -20.102203], [-44.133122, -20.102193], [-44.133427, -20.102184], [-44.133721, -20.102186], [-44.134038, -20.1022], [-44.134319, -20.102225], [-44.134624, -20.102238], [-44.13474, -20.102251], [-44.134856, -20.102263], [-44.135137, -20.102334], [-44.135417, -20.102348], [-44.135979, -20.102352], [-44.136212, -20.102342], [-44.136505, -20.102309], [-44.136799, -20.102265], [-44.137055, -20.102232], [-44.137276, -20.102141], [-44.137484, -20.102039], [-44.137779, -20.101914], [-44.13806, -20.101824], [-44.13833, -20.101756], [-44.138623, -20.101747], [-44.138977, -20.101715], [-44.13921, -20.101705], [-44.13954, -20.101684], [-44.139784, -20.101732], [-44.140186, -20.101792], [-44.140944, -20.101797], [-44.141176, -20.101811], [-44.141444, -20.101824], [-44.143594, -20.101839], [-44.143851, -20.101829], [-44.144218, -20.101808], [-44.144388, -20.10196], [-44.14462, -20.101938], [-44.144805, -20.101743], [-44.145013, -20.101595], [-44.14521, -20.101446], [-44.145517, -20.101298], [-44.145689, -20.101149], [-44.145886, -20.100989], [-44.146242, -20.100657], [-44.146439, -20.100485], [-44.146636, -20.100336], [-44.146881, -20.100188], [-44.14709, -20.100085], [-44.147346, -20.100156], [-44.14759, -20.1001], [-44.148129, -20.100035], [-44.14841, -20.099991], [-44.148715, -20.09997], [-44.149144, -20.099892], [-44.149449, -20.099894], [-44.149657, -20.099791], [-44.149939, -20.099724], [-44.150171, -20.099691], [-44.151026, -20.099697], [-44.151332, -20.099711], [-44.151625, -20.099724], [-44.151881, -20.099749], [-44.152137, -20.099808], [-44.152381, -20.099868], [-44.15265, -20.099916], [-44.152906, -20.099952], [-44.153443, -20.100002], [-44.1537, -20.100004], [-44.153932, -20.099994], [-44.154226, -20.099915], [-44.154458, -20.099847], [-44.154714, -20.099884], [-44.154983, -20.099851], [-44.155363, -20.099726], [-44.155645, -20.099648], [-44.155976, -20.099523], [-44.156269, -20.099433], [-44.1566, -20.099308], [-44.156833, -20.099229], [-44.157067, -20.098988], [-44.157263, -20.098839], [-44.157558, -20.098714], [-44.157791, -20.098612], [-44.158024, -20.098498], [-44.158232, -20.098396], [-44.158465, -20.098282], [-44.15871, -20.098145], [-44.158907, -20.098019], [-44.159128, -20.097906], [-44.159397, -20.097769], [-44.159618, -20.097667], [-44.159827, -20.097553], [-44.160084, -20.097439], [-44.160292, -20.097336], [-44.160465, -20.097188], [-44.160625, -20.097027], [-44.160797, -20.096867], [-44.160981, -20.096718], [-44.161226, -20.09665], [-44.161459, -20.096594], [-44.161691, -20.09655], [-44.161876, -20.096366], [-44.16212, -20.096322], [-44.162438, -20.096324], [-44.162719, -20.096349], [-44.162988, -20.096316], [-44.163257, -20.096214], [-44.163527, -20.096147], [-44.163759, -20.09609], [-44.164016, -20.096058], [-44.164248, -20.096013], [-44.16448, -20.096107], [-44.164748, -20.096166], [-44.165017, -20.096168], [-44.165285, -20.096205], [-44.165517, -20.096218], [-44.165798, -20.096243], [-44.16603, -20.096267], [-44.166323, -20.096315], [-44.166567, -20.096352], [-44.166823, -20.096388], [-44.167201, -20.096448], [-44.167494, -20.096508], [-44.167811, -20.096568], [-44.168056, -20.096593], [-44.168422, -20.096641], [-44.16869, -20.096678], [-44.168971, -20.096726], [-44.169191, -20.096646], [-44.16946, -20.09666], [-44.169716, -20.096719], [-44.16996, -20.096802], [-44.170191, -20.096895], [-44.170379, -20.096939], [-44.170447, -20.096955], [-44.170715, -20.097049], [-44.170995, -20.097178], [-44.171276, -20.097272], [-44.171495, -20.097377], [-44.171714, -20.097506], [-44.172006, -20.097635], [-44.172262, -20.097706], [-44.172567, -20.097765], [-44.172872, -20.097814], [-44.173128, -20.097838], [-44.173421, -20.09784], [-44.173714, -20.097854], [-44.173971, -20.097867], [-44.174826, -20.097873], [-44.175132, -20.097863], [-44.175413, -20.097831], [-44.17567, -20.097798], [-44.176, -20.097777], [-44.176232, -20.097755], [-44.176501, -20.097746], [-44.176757, -20.097736], [-44.177319, -20.09774], [-44.177759, -20.097766], [-44.178076, -20.097802], [-44.178528, -20.09784], [-44.178784, -20.097876], [-44.17904, -20.097936], [-44.179357, -20.097996], [-44.17965, -20.098032], [-44.179894, -20.098068], [-44.1802, -20.098117], [-44.18048, -20.098176], [-44.180761, -20.098213], [-44.181347, -20.09824], [-44.181616, -20.098241], [-44.182177, -20.098314], [-44.182409, -20.098327], [-44.182702, -20.098364], [-44.182958, -20.098389], [-44.183203, -20.098414], [-44.183435, -20.098427], [-44.183679, -20.09844], [-44.184204, -20.098443], [-44.184448, -20.09848], [-44.18468, -20.098504], [-44.184924, -20.098529], [-44.185193, -20.098554], [-44.185449, -20.098567], [-44.185693, -20.098592], [-44.18595, -20.098593], [-44.186182, -20.098606], [-44.186426, -20.098654], [-44.186964, -20.098658], [-44.187233, -20.098625], [-44.187514, -20.098592], [-44.187746, -20.098559], [-44.188003, -20.098526], [-44.188247, -20.098505], [-44.18859, -20.098472], [-44.188846, -20.098451], [-44.189177, -20.098372], [-44.189471, -20.098282], [-44.189961, -20.098101], [-44.190194, -20.09801], [-44.190475, -20.097931], [-44.190708, -20.097829], [-44.191002, -20.097727], [-44.191295, -20.097682], [-44.191528, -20.097603], [-44.191761, -20.097501], [-44.19197, -20.097387], [-44.192202, -20.097331], [-44.192423, -20.097251], [-44.192631, -20.097149], [-44.192876, -20.097035], [-44.193109, -20.097002], [-44.193352, -20.09705], [-44.193622, -20.097005], [-44.193853, -20.097041], [-44.194085, -20.097181], [-44.194267, -20.097333], [-44.194424, -20.097495], [-44.194631, -20.097612], [-44.19485, -20.097752], [-44.195069, -20.097834], [-44.195301, -20.09794], [-44.195557, -20.097999], [-44.195813, -20.098047], [-44.196045, -20.098095], [-44.196301, -20.098119], [-44.196569, -20.098179], [-44.196899, -20.098216], [-44.197168, -20.098229], [-44.197461, -20.098265], [-44.197766, -20.098267], [-44.198034, -20.098304], [-44.2006, -20.098321], [-44.200905, -20.098311], [-44.201785, -20.098317], [-44.202041, -20.098342], [-44.202286, -20.098343], [-44.202542, -20.09838], [-44.202847, -20.098405], [-44.203103, -20.098441], [-44.203372, -20.098489], [-44.203652, -20.098537], [-44.203884, -20.098561], [-44.204128, -20.098586], [-44.20436, -20.098622], [-44.204824, -20.098671], [-44.20508, -20.098708], [-44.205373, -20.098756], [-44.20563, -20.098804], [-44.205861, -20.09884], [-44.20613, -20.098911], [-44.206386, -20.098982], [-44.20669, -20.099088], [-44.206995, -20.099182], [-44.207263, -20.099299], [-44.207555, -20.099393], [-44.207836, -20.099499], [-44.208092, -20.099558], [-44.208336, -20.099606], [-44.208604, -20.099723], [-44.208835, -20.099817], [-44.209054, -20.099911], [-44.209286, -20.100005], [-44.209493, -20.100133], [-44.209603, -20.100219], [-44.209682, -20.10028], [-44.209687, -20.100284], [-44.209841, -20.100395], [-44.210076, -20.100564], [-44.210154, -20.100608]]}}, {"type": "Feature", "properties": {"tipo": "Via Urbana", "id": null}, "geometry": {"type": "LineString", "coordinates": [[-44.181367, -20.046296], [-44.181366, -20.046384], [-44.181362, -20.046453], [-44.181357, -20.046477], [-44.181365, -20.046544], [-44.181373, -20.046649], [-44.181407, -20.04673], [-44.181484, -20.046798], [-44.181539, -20.046855], [-44.181611, -20.0469], [-44.181684, -20.046908], [-44.181731, -20.046876], [-44.181791, -20.0468], [-44.181826, -20.046687], [-44.181852, -20.046623], [-44.181882, -20.046558], [-44.181916, -20.046478], [-44.181959, -20.046426], [-44.181993, -20.04641], [-44.182036, -20.046418], [-44.182083, -20.04645], [-44.182123, -20.046479], [-44.18217, -20.046499], [-44.182221, -20.046544], [-44.182259, -20.046596], [-44.18231, -20.046641], [-44.182306, -20.046689], [-44.18231, -20.046774], [-44.182309, -20.046822], [-44.182322, -20.046899], [-44.18233, -20.046976], [-44.182359, -20.047048], [-44.182427, -20.047113], [-44.182478, -20.047142], [-44.182551, -20.047154], [-44.18264, -20.047159], [-44.182674, -20.047171], [-44.182687, -20.047207], [-44.182687, -20.047252], [-44.182691, -20.047312], [-44.182703, -20.047373], [-44.182702, -20.047576], [-44.182715, -20.047661], [-44.18274, -20.047758], [-44.182791, -20.047839], [-44.182828, -20.047924], [-44.182879, -20.048021], [-44.182917, -20.048089], [-44.182972, -20.048154], [-44.183027, -20.048247], [-44.183085, -20.048322], [-44.183144, -20.048387], [-44.183216, -20.048436], [-44.183361, -20.048436], [-44.183575, -20.048429], [-44.183695, -20.048389], [-44.183806, -20.048333], [-44.183917, -20.048298], [-44.184015, -20.04825], [-44.184161, -20.048206], [-44.18428, -20.04817], [-44.18437, -20.048126], [-44.184455, -20.048119], [-44.184524, -20.048107], [-44.184584, -20.048107], [-44.184643, -20.048103], [-44.184686, -20.048108], [-44.184743, -20.048132], [-44.184803, -20.048157], [-44.184888, -20.048185], [-44.184961, -20.048186], [-44.185063, -20.048174], [-44.185161, -20.048174], [-44.185243, -20.048179], [-44.185362, -20.048163], [-44.185439, -20.048147], [-44.185555, -20.04808], [-44.185627, -20.048043], [-44.185717, -20.047999], [-44.18579, -20.047951], [-44.18585, -20.047855], [-44.185915, -20.047754], [-44.185975, -20.047658], [-44.186018, -20.04761], [-44.18608, -20.047539], [-44.186204, -20.047532], [-44.186328, -20.047504], [-44.186486, -20.047445], [-44.18664, -20.047356], [-44.186781, -20.047269], [-44.186871, -20.047204], [-44.186974, -20.04712], [-44.187043, -20.047056], [-44.187128, -20.047028], [-44.187261, -20.047013], [-44.187449, -20.046957], [-44.187543, -20.046917], [-44.187665, -20.046861], [-44.187789, -20.046797], [-44.187883, -20.046741], [-44.187951, -20.046709], [-44.188045, -20.046667], [-44.188093, -20.046611], [-44.188153, -20.046543], [-44.188221, -20.046491], [-44.188298, -20.046487], [-44.188383, -20.046487], [-44.188435, -20.046504], [-44.188494, -20.046549], [-44.188562, -20.046581], [-44.18866, -20.046565], [-44.188716, -20.046517], [-44.188755, -20.046497], [-44.18884, -20.046453], [-44.188892, -20.046421], [-44.188954, -20.046369], [-44.189078, -20.046257], [-44.189134, -20.046148], [-44.189186, -20.046072], [-44.189237, -20.046015], [-44.18928, -20.045939], [-44.189293, -20.045895], [-44.189345, -20.045838], [-44.189417, -20.045817], [-44.189494, -20.045801], [-44.189563, -20.045765], [-44.189665, -20.045721], [-44.189772, -20.045657], [-44.189879, -20.045641], [-44.189947, -20.045658], [-44.19002, -20.045682], [-44.190071, -20.045719], [-44.190113, -20.045751], [-44.190186, -20.045788], [-44.190256, -20.045833], [-44.19032, -20.045869], [-44.190358, -20.045934], [-44.190387, -20.046011], [-44.190421, -20.046071], [-44.190434, -20.046124], [-44.190438, -20.046184], [-44.190467, -20.046241], [-44.19051, -20.046302], [-44.190531, -20.046366], [-44.190564, -20.046435], [-44.190573, -20.046516], [-44.19061, -20.046655], [-44.190648, -20.046736], [-44.190682, -20.046821], [-44.190737, -20.04691], [-44.190784, -20.046978], [-44.190843, -20.047063], [-44.190855, -20.047112], [-44.190817, -20.047168], [-44.190761, -20.047232], [-44.190697, -20.047272], [-44.190573, -20.047284], [-44.190475, -20.047279], [-44.190304, -20.04727], [-44.19024, -20.04727], [-44.19015, -20.047286], [-44.190082, -20.04731], [-44.189954, -20.047352], [-44.189868, -20.047404], [-44.189799, -20.047484], [-44.189769, -20.047548], [-44.189756, -20.047613], [-44.189764, -20.047702], [-44.189807, -20.04775], [-44.18987, -20.047779], [-44.189921, -20.047799], [-44.189994, -20.047815], [-44.190075, -20.047816], [-44.190156, -20.047845], [-44.190263, -20.047877], [-44.190305, -20.047894], [-44.190356, -20.047914], [-44.19039, -20.047946], [-44.190445, -20.048003], [-44.190479, -20.048052], [-44.190522, -20.048092], [-44.190573, -20.048137], [-44.190619, -20.048185], [-44.190649, -20.048246], [-44.190708, -20.048313], [-44.190751, -20.048374], [-44.190797, -20.048458], [-44.190835, -20.048503], [-44.190921, -20.048536], [-44.191036, -20.048524], [-44.191134, -20.048512], [-44.191198, -20.048541], [-44.191215, -20.048606], [-44.191223, -20.04871], [-44.191222, -20.048787], [-44.191239, -20.048852], [-44.191235, -20.048916], [-44.19123, -20.048989], [-44.191225, -20.049094], [-44.191216, -20.049158], [-44.191177, -20.049244], [-44.191143, -20.049321], [-44.191134, -20.04939], [-44.191133, -20.049482], [-44.191124, -20.049571], [-44.19112, -20.049672], [-44.191141, -20.049716], [-44.1912, -20.049765], [-44.191264, -20.049826], [-44.191336, -20.049866], [-44.19137, -20.049915], [-44.191429, -20.050024], [-44.191527, -20.050057], [-44.191617, -20.050053], [-44.191717, -20.050055], [-44.191824, -20.050024], [-44.191939, -20.050044], [-44.192007, -20.050073], [-44.192067, -20.050122], [-44.192152, -20.050142], [-44.192284, -20.050143], [-44.192442, -20.050135], [-44.192579, -20.050104], [-44.19266, -20.050064], [-44.192797, -20.050028], [-44.192925, -20.049968], [-44.192968, -20.049932], [-44.193086, -20.049868], [-44.193227, -20.049808], [-44.193385, -20.049761], [-44.193479, -20.049761], [-44.193569, -20.049794], [-44.193637, -20.049822], [-44.193718, -20.049855], [-44.193773, -20.049883], [-44.193875, -20.049924], [-44.19399, -20.049989], [-44.194049, -20.050046], [-44.194071, -20.050086], [-44.194074, -20.050151], [-44.194083, -20.050244], [-44.194099, -20.050337], [-44.194107, -20.050425], [-44.194154, -20.050506], [-44.1942, -20.050619], [-44.194242, -20.050712], [-44.194289, -20.050842], [-44.194339, -20.050947], [-44.194366, -20.051086], [-44.194366, -20.051215], [-44.194335, -20.051344], [-44.194305, -20.05144], [-44.194296, -20.051529], [-44.194355, -20.051626], [-44.194423, -20.051667], [-44.194525, -20.051716], [-44.194657, -20.051765], [-44.194764, -20.051846], [-44.19481, -20.051874], [-44.194929, -20.051986], [-44.195006, -20.052038], [-44.195091, -20.052119], [-44.195214, -20.052241], [-44.195329, -20.05233], [-44.195478, -20.052412], [-44.195669, -20.052485], [-44.195795, -20.052522], [-44.195897, -20.052547], [-44.196008, -20.052571], [-44.196123, -20.052584], [-44.196268, -20.052597], [-44.196392, -20.052585], [-44.196512, -20.052432], [-44.196573, -20.052183], [-44.196578, -20.052167]]}}, {"type": "Feature", "properties": {"tipo": "Via Urbana", "id": null}, "geometry": {"type": "LineString", "coordinates": [[-44.207397, -20.083908], [-44.207816, -20.084272]]}}, {"type": "Feature", "properties": {"tipo": "Via Urbana", "id": null}, "geometry": {"type": "LineString", "coordinates": [[-44.18627, -20.054144], [-44.185975, -20.054313], [-44.185693, -20.054158]]}}, {"type": "Feature", "properties": {"tipo": "Via Urbana", "id": null}, "geometry": {"type": "LineString", "coordinates": [[-44.185215, -20.051602], [-44.186623, -20.051374]]}}, {"type": "Feature", "properties": {"tipo": "Via Urbana", "id": null}, "geometry": {"type": "LineString", "coordinates": [[-44.185061, -20.051792], [-44.182967, -20.05043], [-44.182864, -20.050367]]}}, {"type": "Feature", "properties": {"tipo": "Via Urbana", "id": null}, "geometry": {"type": "LineString", "coordinates": [[-44.187565, -20.051871], [-44.187315, -20.051968], [-44.186626, -20.052127], [-44.185976, -20.052201], [-44.185692, -20.052228], [-44.185455, -20.052254], [-44.185294, -20.052252], [-44.184823, -20.052191], [-44.184642, -20.052179], [-44.184419, -20.052165], [-44.184182, -20.052175], [-44.183913, -20.052228], [-44.18322, -20.052383], [-44.182963, -20.052426], [-44.18272, -20.052443], [-44.18254, -20.052426], [-44.182316, -20.052378], [-44.181666, -20.052184]]}}, {"type": "Feature", "properties": {"tipo": "Via Urbana", "id": null}, "geometry": {"type": "LineString", "coordinates": [[-44.175567, -20.054591], [-44.175188, -20.054817], [-44.175035, -20.05499], [-44.174943, -20.055169], [-44.174856, -20.055395], [-44.174489, -20.05668], [-44.174392, -20.056948], [-44.174291, -20.057133], [-44.174172, -20.05726], [-44.174067, -20.057342], [-44.173971, -20.057398], [-44.173811, -20.057432], [-44.173625, -20.057429], [-44.173445, -20.057394], [-44.173135, -20.057294], [-44.172579, -20.057091], [-44.172176, -20.056969], [-44.171852, -20.056887], [-44.171588, -20.056863], [-44.171362, -20.056877], [-44.17118, -20.056929], [-44.1704, -20.05717], [-44.169906, -20.057337], [-44.169494, -20.057495], [-44.169356, -20.057554], [-44.169174, -20.057651], [-44.168717, -20.057945], [-44.168047, -20.058395], [-44.167364, -20.058876], [-44.167033, -20.059091], [-44.166604, -20.059335], [-44.166174, -20.059491], [-44.166007, -20.05954], [-44.165756, -20.059605], [-44.165378, -20.059686], [-44.164972, -20.059724], [-44.16334, -20.059763], [-44.162983, -20.059768], [-44.162696, -20.059731], [-44.162502, -20.059659], [-44.162353, -20.059573], [-44.161792, -20.059186], [-44.16126, -20.058814], [-44.160691, -20.058378], [-44.160524, -20.058231], [-44.160367, -20.058055], [-44.16024, -20.057883], [-44.160138, -20.057691], [-44.16005, -20.057519], [-44.159818, -20.057025], [-44.15965, -20.056695], [-44.158856, -20.055099], [-44.158324, -20.054054]]}}, {"type": "Feature", "properties": {"tipo": "Via Urbana", "id": null}, "geometry": {"type": "LineString", "coordinates": [[-44.186626, -20.052127], [-44.186627, -20.053181], [-44.186667, -20.054142], [-44.18665, -20.055101], [-44.186662, -20.056099], [-44.186643, -20.056183]]}}, {"type": "Feature", "properties": {"tipo": "Via Urbana", "id": null}, "geometry": {"type": "LineString", "coordinates": [[-44.18868, -20.048105], [-44.187245, -20.047718]]}}, {"type": "Feature", "properties": {"tipo": "Via Urbana", "id": null}, "geometry": {"type": "LineString", "coordinates": [[-44.189549, -20.05164], [-44.189913, -20.051032], [-44.190243, -20.050472]]}}, {"type": "Feature", "properties": {"tipo": "Via Urbana", "id": null}, "geometry": {"type": "LineString", "coordinates": [[-44.185975, -20.054313], [-44.185972, -20.055111], [-44.185996, -20.056176]]}}, {"type": "Feature", "properties": {"tipo": "Via Urbana", "id": null}, "geometry": {"type": "LineString", "coordinates": [[-44.194071, -20.051969], [-44.19421, -20.05226], [-44.194363, -20.052595], [-44.194586, -20.052983]]}}, {"type": "Feature", "properties": {"tipo": "Via Urbana", "id": null}, "geometry": {"type": "LineString", "coordinates": [[-44.189497, -20.048778], [-44.189656, -20.048392], [-44.189667, -20.048116], [-44.189603, -20.047969], [-44.189306, -20.047551], [-44.189119, -20.047294], [-44.188938, -20.047032]]}}, {"type": "Feature", "properties": {"tipo": "Via Urbana", "id": null}, "geometry": {"type": "LineString", "coordinates": [[-44.189648, -20.046542], [-44.189137, -20.046935], [-44.188938, -20.047032], [-44.188436, -20.047143], [-44.188364, -20.047168], [-44.188338, -20.047198]]}}, {"type": "Feature", "properties": {"tipo": "Via Urbana", "id": null}, "geometry": {"type": "LineString", "coordinates": [[-44.189321, -20.050388], [-44.190243, -20.050472]]}}, {"type": "Feature", "properties": {"tipo": "Via Urbana", "id": null}, "geometry": {"type": "LineString", "coordinates": [[-44.191262, -20.050452], [-44.191258, -20.0511]]}}, {"type": "Feature", "properties": {"tipo": "Via Urbana", "id": null}, "geometry": {"type": "LineString", "coordinates": [[-44.189696, -20.047105], [-44.189643, -20.047132], [-44.189509, -20.047227], [-44.18942, -20.047329], [-44.189351, -20.047444], [-44.189306, -20.047551]]}}, {"type": "Feature", "properties": {"tipo": "Via Urbana", "id": null}, "geometry": {"type": "LineString", "coordinates": [[-44.189015, -20.049772], [-44.189121, -20.050224], [-44.189089, -20.050514], [-44.189021, -20.050802]]}}, {"type": "Feature", "properties": {"tipo": "Via Urbana", "id": null}, "geometry": {"type": "LineString", "coordinates": [[-44.189321, -20.050388], [-44.189325, -20.049827], [-44.189969, -20.049844]]}}, {"type": "Feature", "properties": {"tipo": "Via Urbana", "id": null}, "geometry": {"type": "LineString", "coordinates": [[-44.19088, -20.051071], [-44.189913, -20.051032], [-44.189289, -20.050984]]}}, {"type": "Feature", "properties": {"tipo": "Via Urbana", "id": null}, "geometry": {"type": "LineString", "coordinates": [[-44.188338, -20.047198], [-44.188336, -20.047242], [-44.188357, -20.047278], [-44.188732, -20.047707], [-44.189233, -20.048361], [-44.189285, -20.048428]]}}, {"type": "Feature", "properties": {"tipo": "Via Urbana", "id": null}, "geometry": {"type": "LineString", "coordinates": [[-44.19149, -20.051766], [-44.18948, -20.049029]]}}, {"type": "Feature", "properties": {"tipo": "Via Urbana", "id": null}, "geometry": {"type": "LineString", "coordinates": [[-44.187315, -20.051968], [-44.187331, -20.053174], [-44.187322, -20.054122], [-44.187311, -20.055091], [-44.187313, -20.055545], [-44.187291, -20.055859], [-44.186774, -20.056058], [-44.186662, -20.056099]]}}, {"type": "Feature", "properties": {"tipo": "Via Urbana", "id": null}, "geometry": {"type": "LineString", "coordinates": [[-44.188057, -20.047275], [-44.188035, -20.047275], [-44.188014, -20.047283], [-44.187245, -20.047718], [-44.186955, -20.047899], [-44.186713, -20.048015], [-44.186456, -20.048105], [-44.186328, -20.048219]]}}, {"type": "Feature", "properties": {"tipo": "Via Urbana", "id": null}, "geometry": {"type": "LineString", "coordinates": [[-44.182393, -20.055375], [-44.182842, -20.05484]]}}, {"type": "Feature", "properties": {"tipo": "Via Urbana", "id": null}, "geometry": {"type": "LineString", "coordinates": [[-44.180892, -20.055564], [-44.181206, -20.056901], [-44.181205, -20.057018], [-44.181127, -20.057211]]}}, {"type": "Feature", "properties": {"tipo": "Via Urbana", "id": null}, "geometry": {"type": "LineString", "coordinates": [[-44.185668, -20.050884], [-44.184977, -20.050916]]}}, {"type": "Feature", "properties": {"tipo": "Via Urbana", "id": null}, "geometry": {"type": "LineString", "coordinates": [[-44.18593, -20.050173], [-44.184206, -20.050384]]}}, {"type": "Feature", "properties": {"tipo": "Via Urbana", "id": null}, "geometry": {"type": "LineString", "coordinates": [[-44.183885, -20.0491], [-44.183964, -20.049342], [-44.183923, -20.049429], [-44.183839, -20.049495], [-44.183128, -20.049813], [-44.182908, -20.05001], [-44.182816, -20.050078]]}}, {"type": "Feature", "properties": {"tipo": "Via Urbana", "id": null}, "geometry": {"type": "LineString", "coordinates": [[-44.182816, -20.050078], [-44.18284, -20.04996], [-44.182783, -20.049341], [-44.182688, -20.048599], [-44.182665, -20.048553], [-44.182591, -20.048529], [-44.182518, -20.048522], [-44.182188, -20.048551], [-44.181702, -20.048641], [-44.181439, -20.048637], [-44.181158, -20.048597], [-44.180992, -20.04856], [-44.180687, -20.048115], [-44.180247, -20.047667], [-44.180178, -20.047615], [-44.179819, -20.047325], [-44.179363, -20.047155], [-44.179076, -20.046998], [-44.178933, -20.046891], [-44.178836, -20.04675], [-44.178793, -20.046538], [-44.178778, -20.046412]]}}, {"type": "Feature", "properties": {"tipo": "Via Urbana", "id": null}, "geometry": {"type": "LineString", "coordinates": [[-44.181666, -20.052184], [-44.18219, -20.051453], [-44.182761, -20.050382], [-44.182786, -20.050229]]}}, {"type": "Feature", "properties": {"tipo": "Via Urbana", "id": null}, "geometry": {"type": "LineString", "coordinates": [[-44.181127, -20.057211], [-44.181151, -20.057467], [-44.181256, -20.057633], [-44.181258, -20.057728], [-44.181218, -20.057808], [-44.181118, -20.057916], [-44.18073, -20.058274], [-44.180296, -20.058662], [-44.180054, -20.059045], [-44.179754, -20.059433], [-44.179566, -20.059821], [-44.179495, -20.060245]]}}, {"type": "Feature", "properties": {"tipo": "Via Urbana", "id": null}, "geometry": {"type": "LineString", "coordinates": [[-44.180282, -20.056262], [-44.180492, -20.057051]]}}, {"type": "Feature", "properties": {"tipo": "Via Urbana", "id": null}, "geometry": {"type": "LineString", "coordinates": [[-44.176414, -20.054209], [-44.176573, -20.054918], [-44.17653, -20.0551], [-44.176385, -20.055262], [-44.176364, -20.055457], [-44.176369, -20.055508], [-44.176403, -20.055561], [-44.17644, -20.055598], [-44.176469, -20.055631], [-44.176535, -20.055684]]}}, {"type": "Feature", "properties": {"tipo": "Via Urbana", "id": null}, "geometry": {"type": "LineString", "coordinates": [[-44.179969, -20.056633], [-44.179924, -20.056561], [-44.179948, -20.056139], [-44.179783, -20.055619]]}}, {"type": "Feature", "properties": {"tipo": "Via Urbana", "id": null}, "geometry": {"type": "LineString", "coordinates": [[-44.171137, -20.060677], [-44.170567, -20.060892], [-44.169612, -20.061235], [-44.169537, -20.061411], [-44.169497, -20.061605], [-44.169379, -20.061774], [-44.16924, -20.061939], [-44.169124, -20.062016], [-44.169014, -20.062124], [-44.168936, -20.062258], [-44.168853, -20.062411], [-44.168675, -20.062783], [-44.16855, -20.063178], [-44.168519, -20.063316], [-44.168495, -20.063446], [-44.168433, -20.063577], [-44.16836, -20.063686], [-44.168074, -20.063967], [-44.167947, -20.064121], [-44.167845, -20.064291], [-44.167779, -20.064466], [-44.1677, -20.064633], [-44.167437, -20.065283], [-44.167378, -20.065732], [-44.167206, -20.066271], [-44.167123, -20.06654], [-44.16708, -20.066669], [-44.167051, -20.066811], [-44.167055, -20.066907], [-44.167069, -20.067004], [-44.167092, -20.0672], [-44.167139, -20.067401], [-44.167203, -20.0676], [-44.167476, -20.068253], [-44.167749, -20.068935], [-44.16785, -20.069148], [-44.168, -20.069357], [-44.168193, -20.069549], [-44.168371, -20.069725], [-44.168478, -20.069808], [-44.168533, -20.069874], [-44.168573, -20.069926], [-44.168625, -20.070043], [-44.168691, -20.070173]]}}, {"type": "Feature", "properties": {"tipo": "Via Urbana", "id": null}, "geometry": {"type": "LineString", "coordinates": [[-44.176105, -20.062619], [-44.176071, -20.062558], [-44.175807, -20.062092], [-44.17536, -20.061192], [-44.175332, -20.061127], [-44.175274, -20.061043], [-44.175172, -20.060897], [-44.175024, -20.060143], [-44.175013, -20.060068], [-44.174961, -20.059984], [-44.174845, -20.059866], [-44.174639, -20.059663], [-44.174509, -20.059511], [-44.174396, -20.059341], [-44.174325, -20.05922], [-44.174307, -20.059178], [-44.174271, -20.059115]]}}, {"type": "Feature", "properties": {"tipo": "Via Urbana", "id": null}, "geometry": {"type": "LineString", "coordinates": [[-44.171137, -20.060677], [-44.172575, -20.061992], [-44.172654, -20.06206], [-44.1727, -20.062127], [-44.172745, -20.062253], [-44.173082, -20.063931], [-44.173113, -20.064791], [-44.173104, -20.065129], [-44.173098, -20.065339], [-44.173129, -20.06545], [-44.173238, -20.065698], [-44.173239, -20.065715], [-44.173232, -20.065734], [-44.172973, -20.066162], [-44.172964, -20.066288], [-44.172992, -20.06658], [-44.172964, -20.066851], [-44.172995, -20.066896], [-44.173037, -20.066916], [-44.173166, -20.066863], [-44.173353, -20.066823], [-44.173408, -20.066822], [-44.173464, -20.066834], [-44.173679, -20.067016], [-44.173707, -20.067027], [-44.173803, -20.066999], [-44.173909, -20.066966], [-44.174281, -20.066863], [-44.174361, -20.066841], [-44.174902, -20.06664], [-44.175607, -20.066161], [-44.175646, -20.066097], [-44.175651, -20.065951], [-44.175516, -20.065501], [-44.175485, -20.065415], [-44.174981, -20.064699]]}}, {"type": "Feature", "properties": {"tipo": "Via Urbana", "id": null}, "geometry": {"type": "LineString", "coordinates": [[-44.186643, -20.056183], [-44.185996, -20.056176], [-44.185327, -20.056188], [-44.184674, -20.056187], [-44.18414, -20.056191]]}}, {"type": "Feature", "properties": {"tipo": "Via Urbana", "id": null}, "geometry": {"type": "LineString", "coordinates": [[-44.207785, -20.086833], [-44.207767, -20.087115], [-44.207741, -20.087518], [-44.207717, -20.087878], [-44.20771, -20.088071], [-44.207659, -20.088231], [-44.207574, -20.088328], [-44.207467, -20.08841], [-44.206953, -20.088746], [-44.206862, -20.088766], [-44.206766, -20.088765], [-44.206676, -20.08873], [-44.206566, -20.08867], [-44.206391, -20.088599], [-44.206279, -20.088581], [-44.205839, -20.08846], [-44.205374, -20.088216], [-44.205009, -20.087936], [-44.204548, -20.087478], [-44.20406, -20.087085], [-44.203572, -20.086795], [-44.203413, -20.086712], [-44.203329, -20.086686], [-44.203244, -20.086678], [-44.202391, -20.086828], [-44.201973, -20.086919], [-44.201553, -20.086853], [-44.201049, -20.086667]]}}, {"type": "Feature", "properties": {"tipo": "Via Urbana", "id": null}, "geometry": {"type": "LineString", "coordinates": [[-44.191903, -20.059475], [-44.192004, -20.059259], [-44.192253, -20.058931], [-44.192343, -20.058717], [-44.19245, -20.058322], [-44.192522, -20.057924]]}}, {"type": "Feature", "properties": {"tipo": "Via Urbana", "id": null}, "geometry": {"type": "LineString", "coordinates": [[-44.192031, -20.061642], [-44.191629, -20.061486], [-44.191046, -20.061232], [-44.190421, -20.060958], [-44.189807, -20.060693], [-44.189183, -20.060436], [-44.188865, -20.060296], [-44.188626, -20.060092]]}}, {"type": "Feature", "properties": {"tipo": "Via Urbana", "id": null}, "geometry": {"type": "LineString", "coordinates": [[-44.207626, -20.063539], [-44.207044, -20.063337], [-44.206173, -20.063036], [-44.205241, -20.062757], [-44.20516, -20.062733], [-44.204677, -20.062583], [-44.202584, -20.061906], [-44.202432, -20.061857], [-44.201914, -20.061691], [-44.201227, -20.061472], [-44.200872, -20.0614], [-44.200613, -20.061366], [-44.200479, -20.061355], [-44.200342, -20.061353], [-44.200157, -20.061358], [-44.199972, -20.061386], [-44.19958, -20.061468], [-44.19952, -20.061488], [-44.198907, -20.061688], [-44.198188, -20.061884], [-44.197977, -20.061902], [-44.197935, -20.061898], [-44.197719, -20.061874], [-44.197464, -20.061804], [-44.197197, -20.061657], [-44.196727, -20.061349], [-44.196271, -20.061035], [-44.196025, -20.060831], [-44.195803, -20.060601], [-44.195671, -20.060407], [-44.195634, -20.060342], [-44.195536, -20.06017], [-44.195254, -20.059533], [-44.195122, -20.059305], [-44.194918, -20.059077], [-44.194697, -20.058913], [-44.194481, -20.058791], [-44.193872, -20.058526], [-44.193254, -20.05825], [-44.192889, -20.058087], [-44.192522, -20.057924], [-44.191989, -20.057691], [-44.191734, -20.057576], [-44.191704, -20.057562], [-44.191385, -20.057417], [-44.190792, -20.057161], [-44.19019, -20.056895], [-44.189641, -20.05663], [-44.189051, -20.056271], [-44.188771, -20.0561], [-44.188704, -20.056059], [-44.188599, -20.055995], [-44.188346, -20.05582], [-44.188184, -20.055707], [-44.188065, -20.055584], [-44.188012, -20.055459], [-44.187985, -20.055318], [-44.187981, -20.055208], [-44.187976, -20.055091], [-44.187982, -20.054123], [-44.187988, -20.053175], [-44.188018, -20.052143]]}}, {"type": "Feature", "properties": {"tipo": "Via Urbana", "id": null}, "geometry": {"type": "LineString", "coordinates": [[-44.195989, -20.059515], [-44.195869, -20.059484], [-44.195748, -20.059413], [-44.195531, -20.059074], [-44.195339, -20.058884], [-44.194916, -20.058291], [-44.194595, -20.057955], [-44.193916, -20.057554], [-44.193288, -20.057299], [-44.192199, -20.057068], [-44.191276, -20.056921], [-44.190702, -20.05676], [-44.189994, -20.056349]]}}, {"type": "Feature", "properties": {"tipo": "Via Urbana", "id": null}, "geometry": {"type": "LineString", "coordinates": [[-44.195536, -20.06017], [-44.195792, -20.060063], [-44.195937, -20.059952], [-44.195961, -20.059689], [-44.195989, -20.059515], [-44.196358, -20.059316], [-44.196421, -20.059234], [-44.19645, -20.05914], [-44.196525, -20.058674]]}}, {"type": "Feature", "properties": {"tipo": "Via Urbana", "id": null}, "geometry": {"type": "LineString", "coordinates": [[-44.193667, -20.054715], [-44.193588, -20.054953], [-44.193413, -20.05525], [-44.193334, -20.055461], [-44.193104, -20.055688], [-44.192788, -20.055936], [-44.192502, -20.05605]]}}, {"type": "Feature", "properties": {"tipo": "Via Urbana", "id": null}, "geometry": {"type": "LineString", "coordinates": [[-44.198188, -20.061884], [-44.198446, -20.062845], [-44.198471, -20.063029], [-44.198428, -20.063228], [-44.198375, -20.063412], [-44.198384, -20.06359], [-44.198432, -20.063699], [-44.198699, -20.064303], [-44.198861, -20.064583], [-44.199028, -20.064966], [-44.198953, -20.065152]]}}, {"type": "Feature", "properties": {"tipo": "Via Urbana", "id": null}, "geometry": {"type": "LineString", "coordinates": [[-44.195224, -20.063187], [-44.195092, -20.063341], [-44.194937, -20.063492], [-44.194644, -20.063657], [-44.194491, -20.063737], [-44.194353, -20.063828], [-44.194262, -20.063945], [-44.194185, -20.064076], [-44.194096, -20.064311], [-44.193935, -20.064539], [-44.193717, -20.064823], [-44.193488, -20.065176], [-44.193251, -20.065528], [-44.193153, -20.065594], [-44.193006, -20.06564], [-44.192895, -20.065659], [-44.192713, -20.065691], [-44.192572, -20.065691], [-44.19242, -20.06563], [-44.192295, -20.065564], [-44.19223, -20.065526], [-44.192127, -20.065479], [-44.192043, -20.06545], [-44.191988, -20.065431], [-44.191883, -20.065431]]}}, {"type": "Feature", "properties": {"tipo": "Via Urbana", "id": null}, "geometry": {"type": "LineString", "coordinates": [[-44.201665, -20.062956], [-44.201791, -20.062323], [-44.201914, -20.061691]]}}, {"type": "Feature", "properties": {"tipo": "Via Urbana", "id": null}, "geometry": {"type": "LineString", "coordinates": [[-44.199714, -20.062048], [-44.199151, -20.062108]]}}, {"type": "Feature", "properties": {"tipo": "Via Urbana", "id": null}, "geometry": {"type": "LineString", "coordinates": [[-44.200594, -20.062151], [-44.20111, -20.062204]]}}, {"type": "Feature", "properties": {"tipo": "Via Urbana", "id": null}, "geometry": {"type": "LineString", "coordinates": [[-44.201227, -20.061472], [-44.201175, -20.061837], [-44.20111, -20.062204], [-44.201002, -20.062869]]}}, {"type": "Feature", "properties": {"tipo": "Via Urbana", "id": null}, "geometry": {"type": "LineString", "coordinates": [[-44.199289, -20.062381], [-44.199209, -20.062243], [-44.199177, -20.062175], [-44.199151, -20.062108], [-44.198907, -20.061688]]}}, {"type": "Feature", "properties": {"tipo": "Via Urbana", "id": null}, "geometry": {"type": "LineString", "coordinates": [[-44.202728, -20.062568], [-44.202649, -20.062497], [-44.202599, -20.062468], [-44.202562, -20.062429], [-44.20255, -20.062346], [-44.202555, -20.06224], [-44.202546, -20.062189], [-44.202504, -20.062156], [-44.202424, -20.06208], [-44.202432, -20.061857]]}}, {"type": "Feature", "properties": {"tipo": "Via Urbana", "id": null}, "geometry": {"type": "LineString", "coordinates": [[-44.206463, -20.063913], [-44.205897, -20.063829]]}}, {"type": "Feature", "properties": {"tipo": "Via Urbana", "id": null}, "geometry": {"type": "LineString", "coordinates": [[-44.204866, -20.061535], [-44.207268, -20.062022], [-44.208166, -20.06226], [-44.209314, -20.062652], [-44.210006, -20.062938], [-44.210764, -20.063311], [-44.211424, -20.063648], [-44.212074, -20.063997], [-44.212377, -20.064233], [-44.212782, -20.064702], [-44.21289, -20.064935], [-44.212967, -20.065156], [-44.213017, -20.065391], [-44.213075, -20.065723], [-44.213067, -20.066044], [-44.212985, -20.066415], [-44.212872, -20.066715], [-44.212709, -20.066987], [-44.212492, -20.067287], [-44.212349, -20.067421], [-44.212211, -20.067557], [-44.211986, -20.067791], [-44.211581, -20.067991], [-44.211301, -20.068091], [-44.211088, -20.068139], [-44.210979, -20.068103], [-44.210849, -20.068079]]}}, {"type": "Feature", "properties": {"tipo": "Via Urbana", "id": null}, "geometry": {"type": "LineString", "coordinates": [[-44.205794, -20.064147], [-44.205897, -20.063829], [-44.206173, -20.063036]]}}, {"type": "Feature", "properties": {"tipo": "Via Urbana", "id": null}, "geometry": {"type": "LineString", "coordinates": [[-44.204881, -20.063757], [-44.205034, -20.063789]]}}, {"type": "Feature", "properties": {"tipo": "Via Urbana", "id": null}, "geometry": {"type": "LineString", "coordinates": [[-44.204945, -20.06416], [-44.205034, -20.063789], [-44.205126, -20.063374], [-44.205153, -20.062974], [-44.20516, -20.062733]]}}, {"type": "Feature", "properties": {"tipo": "Via Urbana", "id": null}, "geometry": {"type": "LineString", "coordinates": [[-44.204866, -20.061535], [-44.204839, -20.061692], [-44.204677, -20.062583]]}}, {"type": "Feature", "properties": {"tipo": "Via Urbana", "id": null}, "geometry": {"type": "LineString", "coordinates": [[-44.158405, -20.059754], [-44.158135, -20.059715], [-44.157839, -20.059651], [-44.157625, -20.059568], [-44.157358, -20.059463]]}}, {"type": "Feature", "properties": {"tipo": "Via Urbana", "id": null}, "geometry": {"type": "LineString", "coordinates": [[-44.154632, -20.059166], [-44.154814, -20.060278]]}}, {"type": "Feature", "properties": {"tipo": "Via Urbana", "id": null}, "geometry": {"type": "LineString", "coordinates": [[-44.161792, -20.059186], [-44.161395, -20.059651]]}}, {"type": "Feature", "properties": {"tipo": "Via Urbana", "id": null}, "geometry": {"type": "LineString", "coordinates": [[-44.160102, -20.060154], [-44.159755, -20.060701], [-44.159388, -20.061256]]}}, {"type": "Feature", "properties": {"tipo": "Via Urbana", "id": null}, "geometry": {"type": "LineString", "coordinates": [[-44.160909, -20.058753], [-44.160561, -20.059425]]}}, {"type": "Feature", "properties": {"tipo": "Via Urbana", "id": null}, "geometry": {"type": "LineString", "coordinates": [[-44.156678, -20.059677], [-44.156645, -20.059644], [-44.156427, -20.059363], [-44.156155, -20.059009], [-44.155844, -20.058818], [-44.155653, -20.058665], [-44.155634, -20.058622], [-44.155625, -20.058572], [-44.155624, -20.058519], [-44.155732, -20.0583], [-44.155742, -20.058264], [-44.155744, -20.058201], [-44.155469, -20.057412]]}}, {"type": "Feature", "properties": {"tipo": "Via Urbana", "id": null}, "geometry": {"type": "LineString", "coordinates": [[-44.162124, -20.061238], [-44.162129, -20.060846], [-44.162125, -20.060786], [-44.162103, -20.060741], [-44.162081, -20.060703], [-44.16205, -20.060673], [-44.161688, -20.060437]]}}, {"type": "Feature", "properties": {"tipo": "Via Urbana", "id": null}, "geometry": {"type": "LineString", "coordinates": [[-44.154042, -20.056204], [-44.154504, -20.057173], [-44.154732, -20.057653], [-44.155864, -20.059944]]}}, {"type": "Feature", "properties": {"tipo": "Via Urbana", "id": null}, "geometry": {"type": "LineString", "coordinates": [[-44.158183, -20.059053], [-44.157981, -20.058872], [-44.157915, -20.058813], [-44.157716, -20.058521], [-44.157406, -20.058244], [-44.157132, -20.057851], [-44.157015, -20.057628], [-44.156986, -20.057526], [-44.156974, -20.057425], [-44.15695, -20.057355], [-44.156181, -20.055676], [-44.156103, -20.055589], [-44.155956, -20.055481], [-44.155835, -20.055449], [-44.155705, -20.055445]]}}, {"type": "Feature", "properties": {"tipo": "Via Urbana", "id": null}, "geometry": {"type": "LineString", "coordinates": [[-44.161941, -20.06721], [-44.162379, -20.065967]]}}, {"type": "Feature", "properties": {"tipo": "Via Urbana", "id": null}, "geometry": {"type": "LineString", "coordinates": [[-44.162728, -20.066051], [-44.162379, -20.065967], [-44.161658, -20.065769]]}}, {"type": "Feature", "properties": {"tipo": "Via Urbana", "id": null}, "geometry": {"type": "LineString", "coordinates": [[-44.160824, -20.066136], [-44.160066, -20.065765], [-44.158815, -20.065098]]}}, {"type": "Feature", "properties": {"tipo": "Via Urbana", "id": null}, "geometry": {"type": "LineString", "coordinates": [[-44.163825, -20.064495], [-44.163705, -20.064435], [-44.163583, -20.064382], [-44.163324, -20.064305], [-44.162908, -20.064228], [-44.162846, -20.064223], [-44.162659, -20.064249], [-44.162563, -20.064274], [-44.162481, -20.064317], [-44.162456, -20.064344], [-44.162439, -20.064383], [-44.162394, -20.064549], [-44.162342, -20.064708], [-44.162305, -20.06476], [-44.162259, -20.064792], [-44.162173, -20.064841]]}}, {"type": "Feature", "properties": {"tipo": "Via Urbana", "id": null}, "geometry": {"type": "LineString", "coordinates": [[-44.165559, -20.062149], [-44.165315, -20.062487], [-44.164889, -20.063157], [-44.163825, -20.064495]]}}, {"type": "Feature", "properties": {"tipo": "Via Urbana", "id": null}, "geometry": {"type": "LineString", "coordinates": [[-44.163563, -20.063544], [-44.163585, -20.063497], [-44.16375, -20.063147], [-44.163829, -20.062987], [-44.163898, -20.062866], [-44.163907, -20.062839], [-44.163905, -20.062796], [-44.16375, -20.062642]]}}, {"type": "Feature", "properties": {"tipo": "Via Urbana", "id": null}, "geometry": {"type": "LineString", "coordinates": [[-44.162115, -20.063434], [-44.161951, -20.06342], [-44.161804, -20.063407], [-44.161664, -20.063375], [-44.16156, -20.063344], [-44.16146, -20.063301], [-44.161348, -20.063234]]}}, {"type": "Feature", "properties": {"tipo": "Via Urbana", "id": null}, "geometry": {"type": "LineString", "coordinates": [[-44.165578, -20.066704], [-44.165185, -20.066577], [-44.164665, -20.066022], [-44.163825, -20.064495]]}}, {"type": "Feature", "properties": {"tipo": "Via Urbana", "id": null}, "geometry": {"type": "LineString", "coordinates": [[-44.148099, -20.066518], [-44.148168, -20.066278], [-44.148206, -20.066228], [-44.148256, -20.066187], [-44.148354, -20.06615], [-44.148859, -20.066067], [-44.148973, -20.066038], [-44.149053, -20.06599], [-44.149161, -20.065898], [-44.149795, -20.065076], [-44.14985, -20.06497], [-44.149867, -20.064903], [-44.149845, -20.063994], [-44.149815, -20.063], [-44.149846, -20.062791], [-44.149863, -20.062692], [-44.149901, -20.062648], [-44.149966, -20.062602], [-44.150025, -20.062493], [-44.150244, -20.061972], [-44.150566, -20.060849], [-44.150813, -20.060276]]}}, {"type": "Feature", "properties": {"tipo": "Via Urbana", "id": null}, "geometry": {"type": "LineString", "coordinates": [[-44.15057, -20.069566], [-44.149954, -20.068614], [-44.149944, -20.068576], [-44.149564, -20.067151], [-44.149434, -20.066538], [-44.149161, -20.065898]]}}, {"type": "Feature", "properties": {"tipo": "Via Urbana", "id": null}, "geometry": {"type": "LineString", "coordinates": [[-44.157434, -20.07081], [-44.157452, -20.070841], [-44.157451, -20.070879], [-44.157424, -20.071344], [-44.157402, -20.071891], [-44.157376, -20.072471], [-44.157338, -20.07295], [-44.157326, -20.073002], [-44.1573, -20.073037]]}}, {"type": "Feature", "properties": {"tipo": "Via Urbana", "id": null}, "geometry": {"type": "LineString", "coordinates": [[-44.154492, -20.070132], [-44.154587, -20.06909]]}}, {"type": "Feature", "properties": {"tipo": "Via Urbana", "id": null}, "geometry": {"type": "LineString", "coordinates": [[-44.1573, -20.073037], [-44.155476, -20.073746], [-44.154903, -20.073993], [-44.154779, -20.074044]]}}, {"type": "Feature", "properties": {"tipo": "Via Urbana", "id": null}, "geometry": {"type": "LineString", "coordinates": [[-44.154874, -20.07294], [-44.154861, -20.073873], [-44.154865, -20.073922], [-44.154874, -20.073951], [-44.154903, -20.073993]]}}, {"type": "Feature", "properties": {"tipo": "Via Urbana", "id": null}, "geometry": {"type": "LineString", "coordinates": [[-44.1573, -20.073037], [-44.155488, -20.072985], [-44.154874, -20.07294], [-44.154338, -20.072905], [-44.154289, -20.072891], [-44.154243, -20.072867]]}}, {"type": "Feature", "properties": {"tipo": "Via Urbana", "id": null}, "geometry": {"type": "LineString", "coordinates": [[-44.159117, -20.067269], [-44.160066, -20.065765]]}}, {"type": "Feature", "properties": {"tipo": "Via Urbana", "id": null}, "geometry": {"type": "LineString", "coordinates": [[-44.149564, -20.067151], [-44.150523, -20.067107], [-44.151473, -20.06742]]}}, {"type": "Feature", "properties": {"tipo": "Via Urbana", "id": null}, "geometry": {"type": "LineString", "coordinates": [[-44.160321, -20.068297], [-44.160588, -20.068821], [-44.160634, -20.069027], [-44.16066, -20.069243], [-44.160652, -20.06953], [-44.160611, -20.069812], [-44.160531, -20.07027], [-44.160403, -20.071041], [-44.160407, -20.071099], [-44.160422, -20.071152], [-44.160455, -20.071226]]}}, {"type": "Feature", "properties": {"tipo": "Via Urbana", "id": null}, "geometry": {"type": "LineString", "coordinates": [[-44.163107, -20.063201], [-44.163563, -20.063544]]}}, {"type": "Feature", "properties": {"tipo": "Via Urbana", "id": null}, "geometry": {"type": "LineString", "coordinates": [[-44.163221, -20.068901], [-44.163382, -20.068269], [-44.163541, -20.067681]]}}, {"type": "Feature", "properties": {"tipo": "Via Urbana", "id": null}, "geometry": {"type": "LineString", "coordinates": [[-44.161032, -20.064064], [-44.161584, -20.064305], [-44.162128, -20.06456], [-44.162153, -20.064584], [-44.162172, -20.06462], [-44.162189, -20.064675], [-44.162189, -20.064729], [-44.162173, -20.064841], [-44.162152, -20.064932], [-44.162105, -20.06502], [-44.161983, -20.065083], [-44.161835, -20.06514], [-44.161557, -20.065243], [-44.161525, -20.065263], [-44.161513, -20.065284], [-44.161516, -20.065303], [-44.161524, -20.065322]]}}, {"type": "Feature", "properties": {"tipo": "Via Urbana", "id": null}, "geometry": {"type": "LineString", "coordinates": [[-44.162295, -20.065399], [-44.162591, -20.065494], [-44.16291, -20.065555]]}}, {"type": "Feature", "properties": {"tipo": "Via Urbana", "id": null}, "geometry": {"type": "LineString", "coordinates": [[-44.164238, -20.0707], [-44.164484, -20.069999], [-44.16461, -20.06965], [-44.164691, -20.069314], [-44.164844, -20.069175], [-44.165063, -20.069032], [-44.165658, -20.06864]]}}, {"type": "Feature", "properties": {"tipo": "Via Urbana", "id": null}, "geometry": {"type": "LineString", "coordinates": [[-44.161658, -20.065769], [-44.161735, -20.06649], [-44.161841, -20.067217], [-44.16193, -20.06773], [-44.161955, -20.067987], [-44.161962, -20.068197]]}}, {"type": "Feature", "properties": {"tipo": "Via Urbana", "id": null}, "geometry": {"type": "LineString", "coordinates": [[-44.162586, -20.062073], [-44.162598, -20.061186], [-44.162602, -20.060647], [-44.162578, -20.060154], [-44.162517, -20.059812], [-44.162502, -20.059659]]}}, {"type": "Feature", "properties": {"tipo": "Via Urbana", "id": null}, "geometry": {"type": "LineString", "coordinates": [[-44.164352, -20.074326], [-44.163976, -20.073889], [-44.162812, -20.072965]]}}, {"type": "Feature", "properties": {"tipo": "Via Urbana", "id": null}, "geometry": {"type": "LineString", "coordinates": [[-44.189272, -20.052329], [-44.189291, -20.0523], [-44.189333, -20.052283], [-44.189364, -20.052278], [-44.189406, -20.052273]]}}, {"type": "Feature", "properties": {"tipo": "Via Urbana", "id": null}, "geometry": {"type": "LineString", "coordinates": [[-44.188803, -20.05287], [-44.189107, -20.052961], [-44.189403, -20.053037], [-44.189431, -20.053019], [-44.189513, -20.052774], [-44.189656, -20.052347], [-44.189814, -20.051875], [-44.189858, -20.051746], [-44.189836, -20.051724], [-44.188821, -20.051679], [-44.188734, -20.051671], [-44.188725, -20.051589]]}}, {"type": "Feature", "properties": {"tipo": "Via Urbana", "id": null}, "geometry": {"type": "LineString", "coordinates": [[-44.199666, -20.061073], [-44.199618, -20.060758], [-44.199613, -20.06055], [-44.199613, -20.060346], [-44.199672, -20.06009], [-44.199669, -20.060059], [-44.199645, -20.060049], [-44.199233, -20.059998], [-44.198973, -20.059964], [-44.198883, -20.059966], [-44.198808, -20.059983], [-44.198741, -20.060015], [-44.198559, -20.060175], [-44.198296, -20.060422], [-44.198175, -20.060539], [-44.198176, -20.060584], [-44.198266, -20.060779], [-44.198377, -20.061073]]}}, {"type": "Feature", "properties": {"tipo": "Via Urbana", "id": null}, "geometry": {"type": "LineString", "coordinates": [[-44.189369, -20.052973], [-44.189403, -20.053037]]}}, {"type": "Feature", "properties": {"tipo": "Via Urbana", "id": null}, "geometry": {"type": "LineString", "coordinates": [[-44.188857, -20.052822], [-44.189127, -20.052902], [-44.189369, -20.052973], [-44.189442, -20.052755], [-44.189586, -20.052326], [-44.189723, -20.051915], [-44.189729, -20.051895], [-44.1897, -20.051875], [-44.189332, -20.051744], [-44.189235, -20.051754], [-44.189182, -20.051817], [-44.188857, -20.052822]]}}, {"type": "Feature", "properties": {"tipo": "Via Urbana", "id": null}, "geometry": {"type": "LineString", "coordinates": [[-44.189225, -20.052218], [-44.189247, -20.052235], [-44.18927, -20.052252], [-44.189281, -20.05228], [-44.189279, -20.052298], [-44.189272, -20.052329]]}}, {"type": "Feature", "properties": {"tipo": "Via Urbana", "id": null}, "geometry": {"type": "LineString", "coordinates": [[-44.189695, -20.052358], [-44.189656, -20.052347], [-44.189586, -20.052326], [-44.189406, -20.052273]]}}, {"type": "Feature", "properties": {"tipo": "Via Urbana", "id": null}, "geometry": {"type": "LineString", "coordinates": [[-44.189513, -20.052774], [-44.189442, -20.052755]]}}, {"type": "Feature", "properties": {"tipo": "Via Urbana", "id": null}, "geometry": {"type": "LineString", "coordinates": [[-44.189406, -20.052273], [-44.189373, -20.052255], [-44.189351, -20.052238], [-44.18934, -20.052187], [-44.189344, -20.052164]]}}, {"type": "Feature", "properties": {"tipo": "Via Urbana", "id": null}, "geometry": {"type": "LineString", "coordinates": [[-44.189362, -20.052169], [-44.189388, -20.05219], [-44.189403, -20.052213], [-44.189411, -20.052254], [-44.189406, -20.052273], [-44.189403, -20.052285], [-44.189384, -20.052312], [-44.189368, -20.052325], [-44.189337, -20.052338], [-44.189296, -20.052339], [-44.189272, -20.052329], [-44.189254, -20.052321], [-44.189231, -20.052298], [-44.189223, -20.052283], [-44.189216, -20.052252], [-44.189217, -20.052234], [-44.189225, -20.052218], [-44.189235, -20.052194], [-44.18926, -20.052172], [-44.189288, -20.05216], [-44.189328, -20.052158], [-44.189344, -20.052164], [-44.189362, -20.052169]]}}, {"type": "Feature", "properties": {"tipo": "Via Urbana", "id": null}, "geometry": {"type": "LineString", "coordinates": [[-44.194243, -20.054193], [-44.193841, -20.053748]]}}, {"type": "Feature", "properties": {"tipo": "Via Urbana", "id": null}, "geometry": {"type": "LineString", "coordinates": [[-44.189344, -20.052164], [-44.18933, -20.052186], [-44.189314, -20.052202], [-44.18929, -20.052215], [-44.189261, -20.052226], [-44.189225, -20.052218]]}}, {"type": "Feature", "properties": {"tipo": "Via Urbana", "id": null}, "geometry": {"type": "LineString", "coordinates": [[-44.191861, -20.052457], [-44.190625, -20.052419]]}}, {"type": "Feature", "properties": {"tipo": "Via Urbana", "id": null}, "geometry": {"type": "LineString", "coordinates": [[-44.188857, -20.052822], [-44.188803, -20.05287]]}}, {"type": "Feature", "properties": {"tipo": "Via Urbana", "id": null}, "geometry": {"type": "LineString", "coordinates": [[-44.189127, -20.052902], [-44.189107, -20.052961], [-44.1891, -20.052975]]}}, {"type": "Feature", "properties": {"tipo": "Via Urbana", "id": null}, "geometry": {"type": "LineString", "coordinates": [[-44.198266, -20.060779], [-44.198174, -20.060783]]}}, {"type": "Feature", "properties": {"tipo": "Via Urbana", "id": null}, "geometry": {"type": "LineString", "coordinates": [[-44.192802, -20.053245], [-44.193512, -20.053241], [-44.194132, -20.053136], [-44.194586, -20.052983]]}}, {"type": "Feature", "properties": {"tipo": "Via Urbana", "id": null}, "geometry": {"type": "LineString", "coordinates": [[-44.203287, -20.060018], [-44.203184, -20.060344], [-44.203157, -20.060435], [-44.203155, -20.060524], [-44.203269, -20.060823], [-44.203373, -20.0612]]}}, {"type": "Feature", "properties": {"tipo": "Via Urbana", "id": null}, "geometry": {"type": "LineString", "coordinates": [[-44.189729, -20.051895], [-44.189814, -20.051875]]}}, {"type": "Feature", "properties": {"tipo": "Via Urbana", "id": null}, "geometry": {"type": "LineString", "coordinates": [[-44.170256, -20.059918], [-44.170292, -20.059659], [-44.170386, -20.059493], [-44.170426, -20.059403], [-44.170414, -20.059314], [-44.170371, -20.059267], [-44.170006, -20.05896], [-44.169907, -20.058853], [-44.169878, -20.058723], [-44.169878, -20.058589], [-44.169976, -20.058244], [-44.170041, -20.057989], [-44.170054, -20.057868], [-44.170006, -20.057739], [-44.16989, -20.057666], [-44.169743, -20.057654], [-44.169619, -20.057681], [-44.169455, -20.05775], [-44.169014, -20.058025], [-44.168783, -20.058169], [-44.168678, -20.058287], [-44.168511, -20.05854], [-44.168378, -20.058736], [-44.168223, -20.058887], [-44.168129, -20.058943], [-44.168025, -20.058979], [-44.167924, -20.058992], [-44.167823, -20.058994], [-44.167686, -20.058979], [-44.167559, -20.058946], [-44.167364, -20.058876]]}}, {"type": "Feature", "properties": {"tipo": "Via Urbana", "id": null}, "geometry": {"type": "LineString", "coordinates": [[-44.173812, -20.063209], [-44.173331, -20.062815], [-44.173101, -20.062512], [-44.172909, -20.061998], [-44.172866, -20.061384], [-44.172843, -20.06109], [-44.172568, -20.060649], [-44.172285, -20.06025]]}}, {"type": "Feature", "properties": {"tipo": "Via Urbana", "id": null}, "geometry": {"type": "LineString", "coordinates": [[-44.1704, -20.05717], [-44.170615, -20.057002], [-44.171101, -20.056718], [-44.171478, -20.05652], [-44.172077, -20.056166], [-44.172402, -20.055944], [-44.172681, -20.055677], [-44.172936, -20.055196], [-44.173327, -20.054605], [-44.173569, -20.054158], [-44.173708, -20.053766], [-44.173738, -20.053472], [-44.173743, -20.05289], [-44.173779, -20.0523], [-44.173821, -20.051799], [-44.173838, -20.051292], [-44.173797, -20.051008], [-44.173776, -20.050957], [-44.173674, -20.050721], [-44.173488, -20.050348], [-44.173397, -20.050026], [-44.173454, -20.049684], [-44.17364, -20.049297], [-44.173658, -20.049256]]}}, {"type": "Feature", "properties": {"tipo": "Via Urbana", "id": null}, "geometry": {"type": "LineString", "coordinates": [[-44.16317, -20.058548], [-44.163393, -20.058641], [-44.163449, -20.058678], [-44.16347, -20.058732], [-44.163473, -20.058905], [-44.163442, -20.059199]]}}, {"type": "Feature", "properties": {"tipo": "Via Urbana", "id": null}, "geometry": {"type": "LineString", "coordinates": [[-44.171478, -20.05652], [-44.171329, -20.055984], [-44.171155, -20.055478], [-44.17113, -20.055169], [-44.17109, -20.054853], [-44.170851, -20.054378], [-44.17081, -20.054189], [-44.170701, -20.053801], [-44.170633, -20.053617], [-44.170597, -20.053422], [-44.170536, -20.052852]]}}, {"type": "Feature", "properties": {"tipo": "Via Urbana", "id": null}, "geometry": {"type": "LineString", "coordinates": [[-44.173708, -20.053766], [-44.174101, -20.053746], [-44.174368, -20.053629], [-44.174505, -20.05345], [-44.174881, -20.053462], [-44.175435, -20.05258], [-44.175988, -20.052181], [-44.176058, -20.051981], [-44.176011, -20.051725], [-44.175966, -20.051539], [-44.176275, -20.051008], [-44.176551, -20.050761], [-44.177538, -20.050207], [-44.17815, -20.049831], [-44.178308, -20.049529], [-44.178378, -20.049358], [-44.178418, -20.049133], [-44.17837, -20.048934], [-44.178286, -20.048776], [-44.178013, -20.048614], [-44.177924, -20.048598], [-44.177741, -20.048631], [-44.17765, -20.04869], [-44.177621, -20.04873]]}}, {"type": "Feature", "properties": {"tipo": "Via Urbana", "id": null}, "geometry": {"type": "LineString", "coordinates": [[-44.176275, -20.051008], [-44.176187, -20.050969], [-44.174507, -20.050725], [-44.174266, -20.050711], [-44.174086, -20.050764], [-44.173921, -20.050842], [-44.173797, -20.051008]]}}, {"type": "Feature", "properties": {"tipo": "Via Urbana", "id": null}, "geometry": {"type": "LineString", "coordinates": [[-44.170536, -20.052852], [-44.170538, -20.052716], [-44.170503, -20.052607], [-44.1704, -20.052405], [-44.170261, -20.051993], [-44.170251, -20.051746], [-44.17032, -20.05157], [-44.170536, -20.051385], [-44.170631, -20.051348], [-44.170863, -20.051332], [-44.170937, -20.051383], [-44.17114, -20.051637], [-44.171397, -20.051852], [-44.172154, -20.052559], [-44.172339, -20.052732], [-44.172579, -20.052779], [-44.172725, -20.05274], [-44.173056, -20.052521], [-44.173421, -20.052339], [-44.17353, -20.052301], [-44.173636, -20.052292], [-44.173779, -20.0523]]}}, {"type": "Feature", "properties": {"tipo": "Via Urbana", "id": null}, "geometry": {"type": "LineString", "coordinates": [[-44.17352, -20.060529], [-44.173484, -20.060345], [-44.173465, -20.060254], [-44.173444, -20.06013], [-44.173409, -20.059956], [-44.173356, -20.059753], [-44.173324, -20.059628]]}}, {"type": "Feature", "properties": {"tipo": "Via Urbana", "id": null}, "geometry": {"type": "LineString", "coordinates": [[-44.166174, -20.059491], [-44.165348, -20.059318], [-44.165184, -20.059318], [-44.164111, -20.05933], [-44.163787, -20.059285], [-44.163442, -20.059199], [-44.163263, -20.059277]]}}, {"type": "Feature", "properties": {"tipo": "Via Urbana", "id": null}, "geometry": {"type": "LineString", "coordinates": [[-44.172525, -20.068101], [-44.172225, -20.06609]]}}, {"type": "Feature", "properties": {"tipo": "Via Urbana", "id": null}, "geometry": {"type": "LineString", "coordinates": [[-44.17269, -20.071202], [-44.172651, -20.07066], [-44.17271, -20.07056], [-44.172785, -20.070471], [-44.172973, -20.070295], [-44.173325, -20.069974], [-44.173453, -20.069482]]}}, {"type": "Feature", "properties": {"tipo": "Via Urbana", "id": null}, "geometry": {"type": "LineString", "coordinates": [[-44.210304, -20.094415], [-44.210576, -20.094352]]}}, {"type": "Feature", "properties": {"tipo": "Via Urbana", "id": null}, "geometry": {"type": "LineString", "coordinates": [[-44.172145, -20.071225], [-44.17269, -20.071202], [-44.172792, -20.071199], [-44.172918, -20.07117], [-44.174027, -20.070196]]}}, {"type": "Feature", "properties": {"tipo": "Via Urbana", "id": null}, "geometry": {"type": "LineString", "coordinates": [[-44.172525, -20.068101], [-44.172529, -20.068256], [-44.172556, -20.068498], [-44.17256, -20.068631], [-44.172536, -20.068751], [-44.172453, -20.069035], [-44.172421, -20.06937], [-44.172332, -20.069701], [-44.172258, -20.070038], [-44.172179, -20.070273], [-44.172081, -20.070502], [-44.17193, -20.070647], [-44.171686, -20.071325], [-44.171669, -20.071429], [-44.17166, -20.071538], [-44.171666, -20.071647], [-44.171686, -20.071758], [-44.171821, -20.0722], [-44.171879, -20.072421], [-44.17195, -20.072646], [-44.172246, -20.073168], [-44.172498, -20.073638], [-44.172737, -20.074124], [-44.173196, -20.075104]]}}, {"type": "Feature", "properties": {"tipo": "Via Urbana", "id": null}, "geometry": {"type": "LineString", "coordinates": [[-44.209289, -20.088446], [-44.209286, -20.088611], [-44.209283, -20.08873], [-44.209308, -20.088779], [-44.209328, -20.088818], [-44.209447, -20.089065], [-44.209628, -20.089386], [-44.209721, -20.089526], [-44.209759, -20.089656], [-44.209764, -20.089697], [-44.209752, -20.089785], [-44.20953, -20.089881], [-44.209462, -20.090027], [-44.209499, -20.090546], [-44.209548, -20.090879], [-44.209725, -20.091418], [-44.209836, -20.091956], [-44.209945, -20.092576], [-44.210304, -20.094415], [-44.210578, -20.095786]]}}, {"type": "Feature", "properties": {"tipo": "Via Urbana", "id": null}, "geometry": {"type": "LineString", "coordinates": [[-44.209019, -20.091648], [-44.208931, -20.091819], [-44.20882, -20.092003], [-44.208729, -20.092035], [-44.208617, -20.091991], [-44.208445, -20.091817], [-44.208339, -20.091548], [-44.208167, -20.091024]]}}, {"type": "Feature", "properties": {"tipo": "Via Urbana", "id": null}, "geometry": {"type": "LineString", "coordinates": [[-44.176347, -20.086757], [-44.176632, -20.086579], [-44.176998, -20.086403], [-44.177412, -20.086226], [-44.177887, -20.08604], [-44.178029, -20.085929], [-44.178147, -20.085717], [-44.178254, -20.085438], [-44.178356, -20.085115], [-44.178665, -20.08447], [-44.178855, -20.084176], [-44.179263, -20.08355], [-44.179636, -20.082906], [-44.179634, -20.082744], [-44.179623, -20.082394], [-44.179644, -20.081936], [-44.179747, -20.081482], [-44.179763, -20.081402], [-44.179755, -20.081273], [-44.179715, -20.081183], [-44.179496, -20.081021], [-44.179335, -20.080893], [-44.179139, -20.080762], [-44.179005, -20.080661], [-44.178893, -20.080574], [-44.178828, -20.080563], [-44.1786, -20.080669], [-44.178555, -20.080666], [-44.178509, -20.08064], [-44.178309, -20.080373], [-44.178018, -20.079933], [-44.177981, -20.07987], [-44.177967, -20.07979], [-44.177966, -20.079683], [-44.177978, -20.079572], [-44.177971, -20.079522], [-44.177957, -20.079482], [-44.177942, -20.079443], [-44.177819, -20.079415], [-44.177702, -20.079378], [-44.177573, -20.079273], [-44.17747, -20.079162], [-44.177204, -20.078841], [-44.177058, -20.078691], [-44.176893, -20.078566], [-44.17673, -20.078453], [-44.176558, -20.078378], [-44.176354, -20.078279], [-44.176156, -20.078213], [-44.175807, -20.078123], [-44.175465, -20.078019], [-44.175129, -20.07791], [-44.174805, -20.07779], [-44.174611, -20.077709], [-44.174431, -20.077613], [-44.174226, -20.077501], [-44.174093, -20.077389], [-44.173916, -20.077208], [-44.173754, -20.076997], [-44.173649, -20.076781], [-44.173556, -20.076548], [-44.173392, -20.075935], [-44.173302, -20.075634], [-44.173196, -20.075347], [-44.173158, -20.07526], [-44.173154, -20.075221], [-44.173159, -20.075187], [-44.173196, -20.075104]]}}, {"type": "Feature", "properties": {"tipo": "Via Urbana", "id": null}, "geometry": {"type": "LineString", "coordinates": [[-44.175158, -20.072285], [-44.174727, -20.072072], [-44.174408, -20.071848], [-44.17411, -20.071605]]}}, {"type": "Feature", "properties": {"tipo": "Via Urbana", "id": null}, "geometry": {"type": "LineString", "coordinates": [[-44.201891, -20.083942], [-44.201645, -20.084239], [-44.201194, -20.084611], [-44.201022, -20.084737], [-44.200787, -20.084619], [-44.200066, -20.084361], [-44.19983, -20.084332], [-44.199594, -20.084341], [-44.19889, -20.084535], [-44.198507, -20.084716], [-44.198147, -20.08495], [-44.197941, -20.085273], [-44.197801, -20.085602], [-44.197553, -20.085846], [-44.19716, -20.086204]]}}, {"type": "Feature", "properties": {"tipo": "Via Urbana", "id": null}, "geometry": {"type": "LineString", "coordinates": [[-44.174949, -20.066976], [-44.174901, -20.067074], [-44.174759, -20.067365], [-44.174291, -20.068029], [-44.174087, -20.068221], [-44.174027, -20.068306], [-44.17401, -20.068351], [-44.174012, -20.068399], [-44.17406, -20.068593], [-44.174084, -20.068724], [-44.174069, -20.068859], [-44.174008, -20.069047], [-44.174014, -20.069085], [-44.174033, -20.069122], [-44.174149, -20.069197], [-44.174452, -20.069354], [-44.174766, -20.06954], [-44.174916, -20.069749], [-44.175035, -20.069982], [-44.175103, -20.070148], [-44.175126, -20.070237], [-44.175123, -20.070334], [-44.175099, -20.070431], [-44.175054, -20.070518], [-44.174825, -20.070772], [-44.174552, -20.07101], [-44.174244, -20.071258], [-44.174228, -20.071289], [-44.174189, -20.071419], [-44.174171, -20.071511], [-44.17411, -20.071605], [-44.173791, -20.071957], [-44.173739, -20.071995], [-44.173692, -20.072003], [-44.173652, -20.071984], [-44.173622, -20.071947], [-44.173558, -20.071863], [-44.173427, -20.071735], [-44.173221, -20.071614], [-44.173141, -20.071591], [-44.17306, -20.071584], [-44.172995, -20.071587], [-44.172928, -20.071601], [-44.172807, -20.071637], [-44.17266, -20.071661], [-44.17251, -20.071673], [-44.172378, -20.071674], [-44.172313, -20.071673], [-44.17225, -20.071665], [-44.172205, -20.071652], [-44.17219, -20.071627], [-44.172183, -20.071596], [-44.172145, -20.071225], [-44.172112, -20.070874], [-44.172081, -20.070502]]}}, {"type": "Feature", "properties": {"tipo": "Via Urbana", "id": null}, "geometry": {"type": "LineString", "coordinates": [[-44.209513, -20.088738], [-44.209283, -20.08873], [-44.208913, -20.088873], [-44.208814, -20.088901], [-44.208711, -20.088904], [-44.208502, -20.08889], [-44.208285, -20.088873], [-44.208204, -20.088882], [-44.208122, -20.088913], [-44.208084, -20.089008], [-44.208097, -20.089091], [-44.20813, -20.089166], [-44.20846, -20.090077], [-44.208872, -20.091171], [-44.209019, -20.091648], [-44.209054, -20.091734], [-44.20925, -20.092343], [-44.209435, -20.093332]]}}, {"type": "Feature", "properties": {"tipo": "Via Urbana", "id": null}, "geometry": {"type": "LineString", "coordinates": [[-44.182866, -20.083813], [-44.182751, -20.083817], [-44.182646, -20.083791], [-44.182536, -20.08372], [-44.182453, -20.083599], [-44.182333, -20.083493], [-44.18203, -20.083372], [-44.181815, -20.083301], [-44.181661, -20.083236], [-44.181543, -20.083082], [-44.181478, -20.083003], [-44.181387, -20.082946], [-44.181304, -20.082947], [-44.181132, -20.082991], [-44.180865, -20.083051], [-44.180781, -20.083088], [-44.180688, -20.083154], [-44.180605, -20.083231], [-44.180534, -20.083258], [-44.180466, -20.083247], [-44.18042, -20.083188], [-44.18033, -20.082954], [-44.180242, -20.082806], [-44.180136, -20.082756], [-44.179972, -20.082737], [-44.179829, -20.08276], [-44.179636, -20.082906]]}}, {"type": "Feature", "properties": {"tipo": "Via Urbana", "id": null}, "geometry": {"type": "LineString", "coordinates": [[-44.175138, -20.073243], [-44.172246, -20.073168]]}}, {"type": "Feature", "properties": {"tipo": "Via Urbana", "id": null}, "geometry": {"type": "LineString", "coordinates": [[-44.180392, -20.072297], [-44.178407, -20.072685]]}}, {"type": "Feature", "properties": {"tipo": "Via Urbana", "id": null}, "geometry": {"type": "LineString", "coordinates": [[-44.179392, -20.071624], [-44.180238, -20.071835]]}}, {"type": "Feature", "properties": {"tipo": "Via Urbana", "id": null}, "geometry": {"type": "LineString", "coordinates": [[-44.182187, -20.077977], [-44.182451, -20.077932], [-44.182623, -20.077915], [-44.182861, -20.077837], [-44.182919, -20.077823], [-44.182973, -20.077842], [-44.183003, -20.077883], [-44.183002, -20.07793], [-44.18299, -20.078174], [-44.182976, -20.078307], [-44.182949, -20.078423], [-44.182868, -20.078495], [-44.182367, -20.078779]]}}, {"type": "Feature", "properties": {"tipo": "Via Urbana", "id": null}, "geometry": {"type": "LineString", "coordinates": [[-44.17921, -20.06824], [-44.178713, -20.068377], [-44.1786, -20.068397], [-44.178225, -20.068201], [-44.178094, -20.06811]]}}, {"type": "Feature", "properties": {"tipo": "Via Urbana", "id": null}, "geometry": {"type": "LineString", "coordinates": [[-44.183687, -20.067326], [-44.18193, -20.067304], [-44.181599, -20.067395], [-44.181143, -20.067629], [-44.180985, -20.067777], [-44.180977, -20.067868], [-44.181018, -20.067984], [-44.181147, -20.068155], [-44.181179, -20.068342], [-44.181111, -20.068467], [-44.180997, -20.068537], [-44.180738, -20.068541], [-44.180135, -20.068534], [-44.179555, -20.068633]]}}, {"type": "Feature", "properties": {"tipo": "Via Urbana", "id": null}, "geometry": {"type": "LineString", "coordinates": [[-44.17921, -20.06824], [-44.179358, -20.068321], [-44.179451, -20.068418], [-44.179555, -20.068633], [-44.179566, -20.06923], [-44.179597, -20.069646], [-44.179614, -20.069965], [-44.179671, -20.070267], [-44.179793, -20.070534], [-44.179945, -20.070805], [-44.180177, -20.071189], [-44.180222, -20.071511], [-44.180238, -20.071835], [-44.180392, -20.072297], [-44.180443, -20.072611], [-44.180458, -20.0727], [-44.180454, -20.072784], [-44.180456, -20.072907], [-44.180456, -20.072941], [-44.180434, -20.073003], [-44.180431, -20.073147], [-44.18043, -20.07361], [-44.180476, -20.074069], [-44.18055, -20.074462], [-44.180768, -20.074779], [-44.181358, -20.075536], [-44.18158, -20.07584], [-44.181771, -20.076057], [-44.18179, -20.076426], [-44.181901, -20.076642], [-44.181944, -20.076694], [-44.181969, -20.076752], [-44.181975, -20.076825], [-44.181973, -20.076906], [-44.181956, -20.077037], [-44.181905, -20.077119], [-44.181863, -20.077162], [-44.18186, -20.077199], [-44.181863, -20.077238], [-44.181887, -20.077303], [-44.181995, -20.077694], [-44.182003, -20.077733], [-44.182004, -20.07776], [-44.182001, -20.077789]]}}, {"type": "Feature", "properties": {"tipo": "Via Urbana", "id": null}, "geometry": {"type": "LineString", "coordinates": [[-44.172525, -20.068101], [-44.172306, -20.068112], [-44.17211, -20.068119], [-44.171911, -20.068114], [-44.171694, -20.06809], [-44.171501, -20.068057], [-44.171215, -20.068036], [-44.171062, -20.068025], [-44.170989, -20.068022], [-44.170912, -20.068032], [-44.17085, -20.068056], [-44.170786, -20.068105], [-44.170704, -20.068236], [-44.170476, -20.068643], [-44.170418, -20.068809], [-44.1704, -20.068985], [-44.170389, -20.069226], [-44.170381, -20.069345], [-44.170348, -20.069461], [-44.170303, -20.069526], [-44.170232, -20.069571], [-44.169945, -20.069543], [-44.169463, -20.069443], [-44.16939, -20.069461], [-44.169331, -20.069516], [-44.169293, -20.069611], [-44.169288, -20.06966], [-44.169293, -20.069706], [-44.169357, -20.069883], [-44.169373, -20.069982], [-44.169358, -20.070075], [-44.169312, -20.070179], [-44.169223, -20.070265], [-44.169158, -20.070281], [-44.169083, -20.070269], [-44.168881, -20.070241], [-44.168722, -20.070204], [-44.168691, -20.070173]]}}, {"type": "Feature", "properties": {"tipo": "Via Urbana", "id": null}, "geometry": {"type": "LineString", "coordinates": [[-44.210154, -20.100608], [-44.210528, -20.098929], [-44.211133, -20.0975], [-44.211515, -20.095995], [-44.21143, -20.095628], [-44.211212, -20.094674], [-44.210787, -20.092374], [-44.210611, -20.090145], [-44.210586, -20.089835], [-44.210423, -20.088862], [-44.210178, -20.088575], [-44.208276, -20.086672], [-44.207732, -20.084839], [-44.207678, -20.084656], [-44.207576, -20.084407], [-44.207552, -20.08422], [-44.207697, -20.084035], [-44.207933, -20.08396], [-44.208286, -20.083766], [-44.208438, -20.083513], [-44.208381, -20.082361], [-44.208697, -20.081513], [-44.208834, -20.080694], [-44.208747, -20.079312], [-44.208597, -20.078064], [-44.208283, -20.076559], [-44.207502, -20.075278], [-44.2076, -20.0742], [-44.207628, -20.073896], [-44.208156, -20.07292], [-44.208657, -20.071207], [-44.209427, -20.069561], [-44.210232, -20.068607], [-44.210847, -20.068468], [-44.212399, -20.06806], [-44.213175, -20.067623], [-44.213588, -20.067102], [-44.214484, -20.064657], [-44.213769, -20.06349], [-44.212933, -20.062525], [-44.211798, -20.062246], [-44.210088, -20.062532], [-44.208787, -20.061309], [-44.206903, -20.06092], [-44.205296, -20.060391], [-44.203308, -20.059127], [-44.200898, -20.058245], [-44.200027, -20.058552], [-44.19927, -20.058576], [-44.198778, -20.058396], [-44.198256, -20.058137], [-44.198053, -20.057775], [-44.197884, -20.057003], [-44.198189, -20.055791], [-44.197797, -20.054798], [-44.197218, -20.053709], [-44.196582, -20.052854], [-44.196578, -20.052167]]}}, {"type": "Feature", "properties": {"tipo": "Via Urbana", "id": null}, "geometry": {"type": "LineString", "coordinates": [[-44.173196, -20.075104], [-44.17332, -20.075072], [-44.174232, -20.074509], [-44.174672, -20.074208], [-44.175087, -20.073946], [-44.175119, -20.073901], [-44.175128, -20.073849], [-44.175138, -20.073243], [-44.175158, -20.072285], [-44.176339, -20.070229]]}}, {"type": "Feature", "properties": {"tipo": "Via Urbana", "id": null}, "geometry": {"type": "LineString", "coordinates": [[-44.19434, -20.051496], [-44.194501, -20.051418]]}}, {"type": "Feature", "properties": {"tipo": "Via Urbana", "id": null}, "geometry": {"type": "LineString", "coordinates": [[-44.194034, -20.051625], [-44.19434, -20.051496]]}}, {"type": "Feature", "properties": {"tipo": "Via Urbana", "id": null}, "geometry": {"type": "LineString", "coordinates": [[-44.187888, -20.05169], [-44.187917, -20.051685], [-44.187946, -20.051687], [-44.187973, -20.051695], [-44.187993, -20.051706], [-44.188011, -20.05172], [-44.188027, -20.05174], [-44.188037, -20.051762], [-44.188043, -20.051786], [-44.18804, -20.051823], [-44.188024, -20.051856], [-44.187998, -20.051883], [-44.187964, -20.051901], [-44.187926, -20.051907], [-44.187888, -20.051902], [-44.187855, -20.051886], [-44.187831, -20.051864], [-44.187814, -20.051835], [-44.187807, -20.051804], [-44.187809, -20.051772], [-44.187822, -20.051741], [-44.187839, -20.051719], [-44.187862, -20.051702], [-44.187888, -20.05169]]}}, {"type": "Feature", "properties": {"tipo": "Via Urbana", "id": null}, "geometry": {"type": "LineString", "coordinates": [[-44.188043, -20.051786], [-44.188018, -20.052143]]}}, {"type": "Feature", "properties": {"tipo": "Via Urbana", "id": null}, "geometry": {"type": "LineString", "coordinates": [[-44.187855, -20.051886], [-44.187726, -20.051872], [-44.187565, -20.051871]]}}, {"type": "Feature", "properties": {"tipo": "Via Urbana", "id": null}, "geometry": {"type": "LineString", "coordinates": [[-44.188018, -20.052143], [-44.187911, -20.051938], [-44.187888, -20.051902]]}}, {"type": "Feature", "properties": {"tipo": "Via Urbana", "id": null}, "geometry": {"type": "LineString", "coordinates": [[-44.187565, -20.051871], [-44.187711, -20.051799], [-44.187822, -20.051741]]}}, {"type": "Feature", "properties": {"tipo": "Via Urbana", "id": null}, "geometry": {"type": "LineString", "coordinates": [[-44.201049, -20.086667], [-44.200875, -20.086965], [-44.200627, -20.087181], [-44.200488, -20.087272], [-44.200171, -20.087489], [-44.200033, -20.087589], [-44.199516, -20.087865], [-44.199345, -20.087988], [-44.199208, -20.088137], [-44.198911, -20.08853], [-44.198741, -20.088669], [-44.198601, -20.088689], [-44.198525, -20.08868], [-44.198461, -20.08865], [-44.198195, -20.088469], [-44.198021, -20.088363], [-44.197829, -20.088253], [-44.197675, -20.088159], [-44.197511, -20.088035], [-44.197259, -20.087823], [-44.197131, -20.087595]]}}, {"type": "Feature", "properties": {"tipo": "Via Urbana", "id": null}, "geometry": {"type": "LineString", "coordinates": [[-44.19716, -20.086204], [-44.196727, -20.086215], [-44.196308, -20.086196], [-44.196072, -20.086206], [-44.195933, -20.086191], [-44.195832, -20.086167], [-44.195698, -20.085998], [-44.195659, -20.085968], [-44.195564, -20.085972], [-44.195383, -20.085987], [-44.195317, -20.08596], [-44.195298, -20.085897], [-44.195304, -20.085812], [-44.195367, -20.085652], [-44.19549, -20.085425], [-44.195597, -20.085301], [-44.195662, -20.085186], [-44.195673, -20.08508], [-44.195603, -20.084951], [-44.195478, -20.084873], [-44.195335, -20.084834], [-44.195182, -20.084824], [-44.195026, -20.084869], [-44.194656, -20.085095], [-44.194208, -20.085322], [-44.194036, -20.085422], [-44.193004, -20.086427], [-44.192835, -20.086542], [-44.192753, -20.086577], [-44.192678, -20.086599], [-44.192587, -20.086589], [-44.192482, -20.086508], [-44.192292, -20.086412], [-44.192033, -20.086353], [-44.191905, -20.086346], [-44.191782, -20.086354], [-44.191645, -20.086344], [-44.191463, -20.086274], [-44.191142, -20.086133], [-44.190955, -20.086113], [-44.190775, -20.086109], [-44.190658, -20.086138], [-44.190602, -20.086193], [-44.190559, -20.086542], [-44.190529, -20.086604], [-44.190426, -20.086649], [-44.190279, -20.086702], [-44.190043, -20.086795], [-44.189852, -20.086822], [-44.189725, -20.086818], [-44.189282, -20.08672], [-44.189219, -20.086695], [-44.189175, -20.086608], [-44.189124, -20.086484], [-44.18906, -20.0864], [-44.18898, -20.086333], [-44.188868, -20.086278], [-44.188653, -20.08627], [-44.188455, -20.086261], [-44.187942, -20.086164], [-44.187116, -20.086026], [-44.18611, -20.085894], [-44.185862, -20.085886], [-44.185724, -20.085881], [-44.185559, -20.085888], [-44.185429, -20.08589], [-44.185145, -20.085822], [-44.184783, -20.085737], [-44.184481, -20.085658], [-44.184304, -20.085562], [-44.184146, -20.085531], [-44.184049, -20.085519], [-44.183947, -20.085473], [-44.183856, -20.08541], [-44.183773, -20.0853], [-44.183632, -20.084925], [-44.183579, -20.084794], [-44.183495, -20.084678], [-44.183341, -20.08457], [-44.183188, -20.084484], [-44.183096, -20.08441], [-44.183002, -20.084276], [-44.182946, -20.084148], [-44.182866, -20.083813], [-44.182929, -20.083735], [-44.182958, -20.083643], [-44.182964, -20.083552], [-44.182884, -20.08341], [-44.182743, -20.083269], [-44.182607, -20.082956], [-44.182546, -20.082556], [-44.182532, -20.082226], [-44.182578, -20.081994], [-44.18272, -20.081387], [-44.182836, -20.080674], [-44.182921, -20.080369], [-44.183023, -20.080183], [-44.183192, -20.079908], [-44.183431, -20.079419], [-44.183558, -20.078359], [-44.183607, -20.078083], [-44.183647, -20.077653], [-44.183648, -20.077417], [-44.183672, -20.077074], [-44.183828, -20.076583], [-44.183828, -20.076371], [-44.183744, -20.076233], [-44.183651, -20.076081], [-44.18349, -20.075861], [-44.183053, -20.074824], [-44.182991, -20.07453], [-44.182988, -20.07399], [-44.183064, -20.073245], [-44.183006, -20.072817], [-44.182972, -20.072562], [-44.182827, -20.071466], [-44.182841, -20.071139], [-44.182878, -20.07065], [-44.182935, -20.070245], [-44.183132, -20.069701], [-44.183234, -20.069525], [-44.183258, -20.06948], [-44.183269, -20.069425], [-44.18327, -20.069322], [-44.183222, -20.068237], [-44.18323, -20.067803], [-44.183265, -20.067715], [-44.183333, -20.067633], [-44.183483, -20.0675], [-44.183687, -20.067326], [-44.183815, -20.067221], [-44.183833, -20.067192], [-44.183866, -20.067143], [-44.18387, -20.067055], [-44.183836, -20.066915], [-44.183772, -20.066776], [-44.183719, -20.066485], [-44.183729, -20.065742], [-44.183784, -20.064966], [-44.183859, -20.064126], [-44.183917, -20.063965], [-44.184001, -20.063846], [-44.184119, -20.063661], [-44.184206, -20.063545], [-44.18425, -20.063471], [-44.184268, -20.063409], [-44.184273, -20.063338], [-44.184268, -20.063243], [-44.184263, -20.063145], [-44.184234, -20.062957], [-44.184203, -20.062786], [-44.184148, -20.062627], [-44.184136, -20.062472], [-44.184119, -20.062317], [-44.184131, -20.062238], [-44.184158, -20.062161], [-44.184218, -20.062017], [-44.184278, -20.06191], [-44.184463, -20.06158], [-44.184619, -20.061321], [-44.18479, -20.061135], [-44.184814, -20.061119], [-44.185099, -20.060893], [-44.185413, -20.060716], [-44.185659, -20.060602], [-44.185767, -20.060406], [-44.185778, -20.060014], [-44.186261, -20.059049], [-44.186462, -20.058717], [-44.186554, -20.058593]]}}, {"type": "Feature", "properties": {"tipo": "Via Urbana", "id": null}, "geometry": {"type": "LineString", "coordinates": [[-44.200216, -20.086289], [-44.200337, -20.086788], [-44.200488, -20.087272]]}}, {"type": "Feature", "properties": {"tipo": "Via Urbana", "id": null}, "geometry": {"type": "LineString", "coordinates": [[-44.202246, -20.085381], [-44.201919, -20.084833], [-44.201645, -20.084239]]}}, {"type": "Feature", "properties": {"tipo": "Via Urbana", "id": null}, "geometry": {"type": "LineString", "coordinates": [[-44.199607, -20.086174], [-44.200033, -20.087589]]}}, {"type": "Feature", "properties": {"tipo": "Via Urbana", "id": null}, "geometry": {"type": "LineString", "coordinates": [[-44.207281, -20.085045], [-44.206482, -20.085473], [-44.205885, -20.08574]]}}, {"type": "Feature", "properties": {"tipo": "Via Urbana", "id": null}, "geometry": {"type": "LineString", "coordinates": [[-44.206172, -20.083637], [-44.205953, -20.083358], [-44.20562, -20.082813], [-44.204987, -20.081712]]}}, {"type": "Feature", "properties": {"tipo": "Via Urbana", "id": null}, "geometry": {"type": "LineString", "coordinates": [[-44.206758, -20.080432], [-44.206596, -20.080461], [-44.206441, -20.080513], [-44.206149, -20.080708], [-44.205939, -20.080984], [-44.205608, -20.081298], [-44.205354, -20.081471], [-44.204987, -20.081712], [-44.204562, -20.081966]]}}, {"type": "Feature", "properties": {"tipo": "Via Urbana", "id": null}, "geometry": {"type": "LineString", "coordinates": [[-44.201049, -20.086667], [-44.200782, -20.086348], [-44.200766, -20.086283], [-44.200759, -20.086218], [-44.200763, -20.086082], [-44.200857, -20.085854], [-44.201124, -20.085369], [-44.201158, -20.085269], [-44.201161, -20.08517], [-44.201138, -20.085099], [-44.201107, -20.085034], [-44.201058, -20.084893], [-44.201022, -20.084737]]}}, {"type": "Feature", "properties": {"tipo": "Via Urbana", "id": null}, "geometry": {"type": "LineString", "coordinates": [[-44.181153, -20.045881], [-44.181114, -20.045877], [-44.180949, -20.045892], [-44.180882, -20.045898], [-44.180613, -20.045954], [-44.180369, -20.04601], [-44.180186, -20.046017], [-44.180088, -20.04602], [-44.179758, -20.046041], [-44.179525, -20.046086], [-44.179268, -20.046199], [-44.179108, -20.04636], [-44.179057, -20.04659], [-44.179141, -20.046799], [-44.178909, -20.046878], [-44.178664, -20.046911], [-44.17842, -20.046898], [-44.178116, -20.046792], [-44.178038, -20.04678], [-44.177952, -20.046767], [-44.177884, -20.046756], [-44.177652, -20.046708], [-44.177507, -20.046714], [-44.177408, -20.046718], [-44.177314, -20.046764], [-44.177199, -20.04682], [-44.177159, -20.046921], [-44.177112, -20.047039], [-44.177067, -20.047197], [-44.17705, -20.047258], [-44.177024, -20.047477], [-44.176976, -20.04758], [-44.176912, -20.047719], [-44.176778, -20.047863], [-44.176752, -20.047891], [-44.176519, -20.047981], [-44.176478, -20.047979], [-44.17625, -20.047968], [-44.176032, -20.04784], [-44.176007, -20.047808], [-44.175886, -20.047654], [-44.175779, -20.047536], [-44.175729, -20.04748], [-44.175572, -20.047479], [-44.175485, -20.047478], [-44.17529, -20.047538], [-44.175228, -20.047557], [-44.17515, -20.047635], [-44.175043, -20.047741], [-44.174895, -20.047936], [-44.174734, -20.0482], [-44.174562, -20.048372], [-44.174463, -20.048579], [-44.174378, -20.048594], [-44.174206, -20.048624], [-44.174147, -20.048668], [-44.174022, -20.048761], [-44.173953, -20.048795], [-44.173605, -20.048966], [-44.173573, -20.048989], [-44.173396, -20.049115], [-44.17334, -20.049214], [-44.173273, -20.049333], [-44.1731, -20.049517], [-44.172879, -20.049642], [-44.172693, -20.049709], [-44.172659, -20.049721], [-44.172522, -20.049759], [-44.172414, -20.049789], [-44.172285, -20.049806], [-44.17217, -20.049822], [-44.172148, -20.049819], [-44.171969, -20.049791], [-44.171938, -20.049786], [-44.171723, -20.049784], [-44.171694, -20.049784], [-44.171626, -20.049839], [-44.171509, -20.049933], [-44.171403, -20.050078], [-44.171374, -20.050117], [-44.171319, -20.050213], [-44.171272, -20.050294], [-44.171262, -20.050312], [-44.171114, -20.050389], [-44.171042, -20.050426], [-44.170809, -20.05054], [-44.170789, -20.050541], [-44.17054, -20.05055], [-44.170133, -20.050547], [-44.169918, -20.050546], [-44.16949, -20.050543], [-44.169391, -20.050666], [-44.169357, -20.050707], [-44.169342, -20.050726], [-44.169097, -20.050725], [-44.169065, -20.050731], [-44.168853, -20.050769], [-44.168746, -20.0508], [-44.16862, -20.050837], [-44.168412, -20.050939], [-44.168341, -20.050985], [-44.168216, -20.051065], [-44.167983, -20.051167], [-44.167901, -20.051199], [-44.16775, -20.051258], [-44.167493, -20.051349], [-44.167378, -20.051402], [-44.167223, -20.051474], [-44.167028, -20.051546], [-44.166917, -20.051587], [-44.166685, -20.051632], [-44.166394, -20.051679], [-44.166342, -20.051687], [-44.166073, -20.051766], [-44.165804, -20.051833], [-44.165742, -20.051854], [-44.165498, -20.051935], [-44.165265, -20.052026], [-44.164984, -20.052082], [-44.164949, -20.052094], [-44.164945, -20.052095], [-44.164751, -20.052161], [-44.164705, -20.05221], [-44.164579, -20.052344], [-44.164822, -20.052473], [-44.164833, -20.052502], [-44.164906, -20.052693], [-44.164896, -20.052716], [-44.164806, -20.052912], [-44.164721, -20.053002], [-44.164634, -20.053095], [-44.164584, -20.053113], [-44.164414, -20.053174], [-44.164246, -20.053165], [-44.164182, -20.053161], [-44.163925, -20.053125], [-44.163841, -20.0531], [-44.163741, -20.053071], [-44.163682, -20.053054], [-44.163663, -20.053044], [-44.163438, -20.052925], [-44.163427, -20.052921], [-44.163195, -20.052843], [-44.163188, -20.05284], [-44.162964, -20.052738], [-44.16282, -20.052689], [-44.162683, -20.052643], [-44.162427, -20.052584], [-44.16216, -20.052455], [-44.161941, -20.052292], [-44.161776, -20.052204], [-44.161722, -20.052175], [-44.161626, -20.051967], [-44.161506, -20.051747], [-44.16144, -20.051699], [-44.161299, -20.051595], [-44.161056, -20.051467], [-44.160861, -20.051327], [-44.160692, -20.051164], [-44.16052, -20.051313], [-44.160501, -20.051497], [-44.160493, -20.051578], [-44.160485, -20.05159], [-44.160418, -20.051697], [-44.160332, -20.051831], [-44.160209, -20.051931], [-44.160136, -20.051991], [-44.160124, -20.052103], [-44.16011, -20.052233], [-44.160216, -20.052293], [-44.160316, -20.05235], [-44.160425, -20.052559], [-44.160255, -20.052788], [-44.160153, -20.052926], [-44.160042, -20.053052], [-44.159981, -20.053121], [-44.159802, -20.053176], [-44.159687, -20.053212], [-44.159558, -20.053272], [-44.159417, -20.053337], [-44.159241, -20.05346], [-44.159221, -20.053474], [-44.159088, -20.053607], [-44.159061, -20.053634], [-44.159047, -20.053673], [-44.158973, -20.053888], [-44.15896, -20.054107], [-44.158957, -20.054395], [-44.158821, -20.054625], [-44.158734, -20.054867], [-44.15855, -20.055016], [-44.158356, -20.055006], [-44.158305, -20.055003], [-44.158228, -20.054983], [-44.158037, -20.054932], [-44.157818, -20.054838], [-44.1576, -20.054675], [-44.157355, -20.05465], [-44.157123, -20.054752], [-44.15689, -20.054774], [-44.156796, -20.05484], [-44.156694, -20.054911], [-44.156663, -20.055024], [-44.156631, -20.055141], [-44.156568, -20.05536], [-44.156526, -20.055412], [-44.15642, -20.055544], [-44.156236, -20.055681], [-44.156195, -20.055696], [-44.155991, -20.055772], [-44.155759, -20.055839], [-44.155526, -20.055953], [-44.155269, -20.056021], [-44.155213, -20.056021], [-44.155012, -20.056019], [-44.154768, -20.055983], [-44.154714, -20.05598], [-44.154524, -20.055969], [-44.154391, -20.055962], [-44.154268, -20.055956], [-44.154036, -20.055943], [-44.153862, -20.055925], [-44.153792, -20.055918], [-44.153548, -20.055917], [-44.153303, -20.055926], [-44.153258, -20.055933], [-44.153071, -20.05596], [-44.15294, -20.056017], [-44.152903, -20.056033], [-44.152844, -20.056059], [-44.152838, -20.056062], [-44.152778, -20.056087], [-44.152618, -20.056153], [-44.15236, -20.056255], [-44.152176, -20.056392], [-44.152087, -20.056459], [-44.151979, -20.056541], [-44.151807, -20.05669], [-44.151677, -20.056826], [-44.15161, -20.056896], [-44.151572, -20.057099], [-44.151558, -20.057157], [-44.151513, -20.057339], [-44.1515, -20.057602], [-44.151487, -20.057719], [-44.151475, -20.057832], [-44.151462, -20.058095], [-44.151425, -20.058445], [-44.151377, -20.058752], [-44.151321, -20.058982], [-44.151294, -20.059091], [-44.151199, -20.05957], [-44.150966, -20.05979], [-44.150768, -20.059954], [-44.150558, -20.060062], [-44.150326, -20.060127], [-44.150163, -20.060192], [-44.149936, -20.060289], [-44.149763, -20.060484], [-44.149702, -20.060596], [-44.149639, -20.060714], [-44.149491, -20.060932], [-44.149367, -20.061174], [-44.149268, -20.061404], [-44.14918, -20.061669], [-44.14908, -20.061922], [-44.148932, -20.062163], [-44.148857, -20.062382], [-44.148766, -20.06256], [-44.148634, -20.062819], [-44.148497, -20.063107], [-44.148337, -20.063313], [-44.148213, -20.063532], [-44.148077, -20.063739], [-44.147978, -20.063969], [-44.147939, -20.064188], [-44.14795, -20.064407], [-44.148009, -20.064627], [-44.148006, -20.064988], [-44.148003, -20.065458], [-44.148013, -20.065677], [-44.148024, -20.065908], [-44.148034, -20.066196], [-44.148044, -20.06652], [-44.148078, -20.066785], [-44.148113, -20.067028], [-44.148136, -20.067259], [-44.148146, -20.067501], [-44.148181, -20.067744], [-44.148216, -20.067975], [-44.148238, -20.068194], [-44.148261, -20.068437], [-44.148296, -20.068691], [-44.148343, -20.068945], [-44.148365, -20.069165], [-44.148412, -20.069442], [-44.148447, -20.069673], [-44.148494, -20.069916], [-44.148633, -20.070141], [-44.148719, -20.070423], [-44.148857, -20.070721], [-44.148978, -20.071169], [-44.149133, -20.071567], [-44.149255, -20.07206], [-44.149309, -20.072441], [-44.149267, -20.072775], [-44.149143, -20.073089], [-44.148984, -20.07327], [-44.148878, -20.073451], [-44.148824, -20.07365], [-44.148753, -20.073864], [-44.148734, -20.074046], [-44.148655, -20.074349], [-44.148646, -20.07439], [-44.148592, -20.074625], [-44.148529, -20.07489], [-44.148478, -20.075155], [-44.148427, -20.075443], [-44.148352, -20.075708], [-44.148301, -20.075939], [-44.148238, -20.076169], [-44.148041, -20.076406], [-44.147971, -20.076695], [-44.147867, -20.076985], [-44.147746, -20.07721], [-44.14757, -20.077459], [-44.147469, -20.077747], [-44.147305, -20.078164], [-44.147158, -20.078557], [-44.147054, -20.078962], [-44.147001, -20.079252], [-44.146983, -20.079462], [-44.146982, -20.079703], [-44.146963, -20.079993], [-44.146979, -20.080219], [-44.146961, -20.080444], [-44.146994, -20.080654], [-44.146958, -20.080927], [-44.146974, -20.081201], [-44.146955, -20.081491], [-44.146987, -20.081814], [-44.147003, -20.082039], [-44.146968, -20.082313], [-44.146966, -20.082555], [-44.146931, -20.08278], [-44.146915, -20.083027], [-44.146804, -20.083234], [-44.146741, -20.083476], [-44.14669, -20.083729], [-44.146627, -20.08396], [-44.146601, -20.08419], [-44.146513, -20.084467], [-44.146339, -20.08495], [-44.146251, -20.085227], [-44.1462, -20.085457], [-44.146137, -20.085711], [-44.146111, -20.085987], [-44.14601, -20.086448], [-44.145971, -20.086667], [-44.145896, -20.086886], [-44.14576, -20.087116], [-44.145673, -20.087381], [-44.145537, -20.087576], [-44.145351, -20.087829], [-44.145179, -20.088024], [-44.144921, -20.088149], [-44.144664, -20.088251], [-44.144443, -20.088434], [-44.144259, -20.088571], [-44.144038, -20.088708], [-44.143817, -20.088822], [-44.143645, -20.088971], [-44.14346, -20.089143], [-44.143251, -20.089292], [-44.143067, -20.08944], [-44.142858, -20.089554], [-44.142637, -20.089714], [-44.142404, -20.08984], [-44.142159, -20.089907], [-44.141938, -20.090067], [-44.141718, -20.090158], [-44.141485, -20.090283], [-44.141227, -20.090397], [-44.140982, -20.090511], [-44.140725, -20.090613], [-44.14043, -20.090749], [-44.140099, -20.090897], [-44.139768, -20.091079], [-44.139413, -20.091204], [-44.13918, -20.091295], [-44.138935, -20.091397], [-44.138396, -20.091647], [-44.138163, -20.091749], [-44.137954, -20.091852], [-44.137697, -20.091965], [-44.1375, -20.092183], [-44.137315, -20.092367], [-44.13707, -20.092457], [-44.136801, -20.092548], [-44.136531, -20.092615], [-44.136299, -20.092671], [-44.136054, -20.092716], [-44.135809, -20.092772], [-44.135516, -20.092816], [-44.135271, -20.092837], [-44.13499, -20.092835], [-44.134672, -20.092902], [-44.134403, -20.092981], [-44.13417, -20.093037], [-44.133815, -20.093116], [-44.133522, -20.093183], [-44.133265, -20.093227], [-44.13302, -20.093272], [-44.132751, -20.093281], [-44.132385, -20.093313], [-44.131578, -20.093308], [-44.131346, -20.093329], [-44.131089, -20.093362], [-44.130857, -20.093407], [-44.130624, -20.093463], [-44.130355, -20.093565], [-44.130097, -20.093701], [-44.129864, -20.093838], [-44.129655, -20.093964], [-44.129447, -20.094078], [-44.129214, -20.094203], [-44.128992, -20.094375], [-44.128845, -20.094547], [-44.12866, -20.094742], [-44.128499, -20.094948], [-44.128363, -20.095167], [-44.128215, -20.095396], [-44.128067, -20.095603], [-44.127661, -20.095981], [-44.127451, -20.096268], [-44.127193, -20.096428], [-44.12696, -20.096565], [-44.126714, -20.096679], [-44.126482, -20.096769], [-44.126261, -20.096872], [-44.126052, -20.096986], [-44.125868, -20.097134], [-44.125621, -20.097525], [-44.125497, -20.097743], [-44.125336, -20.097961], [-44.1252, -20.098145], [-44.125028, -20.098329], [-44.124819, -20.098512], [-44.124634, -20.098672], [-44.124413, -20.098844], [-44.124287, -20.098924]]}}, {"type": "Feature", "properties": {"tipo": "Via Urbana", "id": null}, "geometry": {"type": "LineString", "coordinates": [[-44.210446, -20.093622], [-44.210646, -20.093601]]}}, {"type": "Feature", "properties": {"tipo": "Via Urbana", "id": null}, "geometry": {"type": "LineString", "coordinates": [[-44.161348, -20.063234], [-44.16115, -20.063626], [-44.161032, -20.064064], [-44.160862, -20.064564], [-44.160827, -20.065059], [-44.160852, -20.065683], [-44.160824, -20.066136]]}}, {"type": "Feature", "properties": {"tipo": "Via Urbana", "id": null}, "geometry": {"type": "LineString", "coordinates": [[-44.164188, -20.068277], [-44.164496, -20.068771]]}}, {"type": "Feature", "properties": {"tipo": "Via Urbana", "id": null}, "geometry": {"type": "LineString", "coordinates": [[-44.164496, -20.068771], [-44.164691, -20.069314]]}}, {"type": "Feature", "properties": {"tipo": "Via Urbana", "id": null}, "geometry": {"type": "LineString", "coordinates": [[-44.153061, -20.066216], [-44.154155, -20.066749], [-44.155043, -20.067176], [-44.155359, -20.067322]]}}, {"type": "Feature", "properties": {"tipo": "Via Urbana", "id": null}, "geometry": {"type": "LineString", "coordinates": [[-44.163019, -20.063223], [-44.163019, -20.063344], [-44.163006, -20.063471], [-44.162944, -20.06373], [-44.162846, -20.064223]]}}, {"type": "Feature", "properties": {"tipo": "Via Urbana", "id": null}, "geometry": {"type": "LineString", "coordinates": [[-44.159213, -20.070529], [-44.158414, -20.070363], [-44.158088, -20.0703], [-44.15777, -20.070248], [-44.157509, -20.070217], [-44.156145, -20.070167], [-44.155563, -20.070161], [-44.154998, -20.070135], [-44.154492, -20.070132], [-44.153841, -20.070129], [-44.153148, -20.070175]]}}, {"type": "Feature", "properties": {"tipo": "Via Urbana", "id": null}, "geometry": {"type": "LineString", "coordinates": [[-44.174271, -20.059115], [-44.174156, -20.059108], [-44.17405, -20.059107], [-44.173949, -20.059132], [-44.17392, -20.059133], [-44.173671, -20.059261], [-44.173518, -20.059393], [-44.173324, -20.059628], [-44.173204, -20.059738], [-44.172536, -20.0601], [-44.172285, -20.06025], [-44.171651, -20.060471], [-44.171137, -20.060677]]}}, {"type": "Feature", "properties": {"tipo": "Via Urbana", "id": null}, "geometry": {"type": "LineString", "coordinates": [[-44.206185, -20.083855], [-44.20618, -20.083801], [-44.206174, -20.083749], [-44.20617, -20.083692], [-44.206172, -20.083637], [-44.20619, -20.083411], [-44.206277, -20.083023], [-44.20631, -20.082871], [-44.206346, -20.082522], [-44.206337, -20.082214], [-44.206285, -20.081755], [-44.206184, -20.080978], [-44.206149, -20.080708], [-44.206061, -20.079825], [-44.205984, -20.079196], [-44.205959, -20.078987], [-44.205815, -20.07782], [-44.205786, -20.077606], [-44.205721, -20.077192], [-44.205718, -20.07717], [-44.205499, -20.07643], [-44.205388, -20.075981], [-44.205033, -20.074318], [-44.20496, -20.074046], [-44.204941, -20.07375], [-44.204958, -20.073586], [-44.205027, -20.073424], [-44.205151, -20.073283], [-44.205282, -20.073186], [-44.205967, -20.072795], [-44.206156, -20.072663], [-44.20621, -20.07261], [-44.206262, -20.072505], [-44.206286, -20.072441]]}}, {"type": "Feature", "properties": {"tipo": "Via Urbana", "id": null}, "geometry": {"type": "LineString", "coordinates": [[-44.161688, -20.060437], [-44.161346, -20.060206], [-44.161025, -20.059997], [-44.160865, -20.059927], [-44.16079, -20.059911], [-44.160709, -20.059893], [-44.160654, -20.059868], [-44.160429, -20.059734], [-44.160401, -20.059727], [-44.160379, -20.059731]]}}, {"type": "Feature", "properties": {"tipo": "Via Urbana", "id": null}, "geometry": {"type": "LineString", "coordinates": [[-44.161388, -20.060903], [-44.160102, -20.060154]]}}, {"type": "Feature", "properties": {"tipo": "Via Urbana", "id": null}, "geometry": {"type": "LineString", "coordinates": [[-44.174949, -20.066976], [-44.174627, -20.066886], [-44.174361, -20.066841]]}}, {"type": "Feature", "properties": {"tipo": "Via Urbana", "id": null}, "geometry": {"type": "LineString", "coordinates": [[-44.177058, -20.065328], [-44.177129, -20.065156], [-44.177184, -20.065082], [-44.177358, -20.064815], [-44.177369, -20.064761], [-44.177365, -20.064707], [-44.17734, -20.064598], [-44.177287, -20.064446], [-44.177224, -20.064298], [-44.177055, -20.064015], [-44.176713, -20.063452], [-44.17646, -20.063111], [-44.176208, -20.062769], [-44.176105, -20.062619]]}}, {"type": "Feature", "properties": {"tipo": "Via Urbana", "id": null}, "geometry": {"type": "LineString", "coordinates": [[-44.18551, -20.065665], [-44.185306, -20.0655], [-44.185177, -20.065304], [-44.185011, -20.064896], [-44.184378, -20.063888], [-44.184119, -20.063661]]}}, {"type": "Feature", "properties": {"tipo": "Via Urbana", "id": null}, "geometry": {"type": "LineString", "coordinates": [[-44.195483, -20.062987], [-44.195537, -20.063114], [-44.195612, -20.063224], [-44.195656, -20.063286], [-44.195706, -20.06335], [-44.195934, -20.063524], [-44.195996, -20.063589], [-44.196122, -20.06362], [-44.196196, -20.063638], [-44.196312, -20.063706], [-44.196429, -20.063821], [-44.196509, -20.063947], [-44.196603, -20.064244], [-44.196669, -20.064574], [-44.196664, -20.064622], [-44.196648, -20.064653], [-44.196397, -20.06471], [-44.196084, -20.06483], [-44.195867, -20.065006], [-44.195592, -20.065227]]}}, {"type": "Feature", "properties": {"tipo": "Via Urbana", "id": null}, "geometry": {"type": "LineString", "coordinates": [[-44.193952, -20.065963], [-44.193967, -20.066278], [-44.194011, -20.066439], [-44.19407, -20.06655], [-44.194346, -20.066834], [-44.194427, -20.066983], [-44.194501, -20.067105], [-44.194719, -20.067367], [-44.194929, -20.067608], [-44.19497, -20.067875], [-44.194971, -20.067949], [-44.194997, -20.068037], [-44.195054, -20.068198], [-44.195155, -20.068386], [-44.195251, -20.068558], [-44.195336, -20.06876], [-44.195428, -20.069145]]}}, {"type": "Feature", "properties": {"tipo": "Via Urbana", "id": null}, "geometry": {"type": "LineString", "coordinates": [[-44.193952, -20.065963], [-44.193975, -20.065581], [-44.194117, -20.065004], [-44.194147, -20.064547], [-44.194145, -20.064484], [-44.194126, -20.064428], [-44.194096, -20.064311]]}}, {"type": "Feature", "properties": {"tipo": "Via Urbana", "id": null}, "geometry": {"type": "LineString", "coordinates": [[-44.200634, -20.064309], [-44.199017, -20.063641], [-44.198432, -20.063699]]}}, {"type": "Feature", "properties": {"tipo": "Via Urbana", "id": null}, "geometry": {"type": "LineString", "coordinates": [[-44.200339, -20.063737], [-44.20002, -20.063281], [-44.199777, -20.062961], [-44.199624, -20.062791], [-44.199449, -20.062585], [-44.199289, -20.062381]]}}, {"type": "Feature", "properties": {"tipo": "Via Urbana", "id": null}, "geometry": {"type": "LineString", "coordinates": [[-44.198529, -20.061265], [-44.198572, -20.061318], [-44.198755, -20.061323], [-44.199125, -20.061252], [-44.199666, -20.061073], [-44.200047, -20.060955], [-44.200271, -20.060863], [-44.200392, -20.060823], [-44.200679, -20.060768], [-44.200874, -20.060749], [-44.201213, -20.060778], [-44.201541, -20.060829], [-44.202228, -20.060922], [-44.202912, -20.061093], [-44.203373, -20.0612], [-44.203482, -20.061225], [-44.204866, -20.061535]]}}, {"type": "Feature", "properties": {"tipo": "Via Urbana", "id": null}, "geometry": {"type": "LineString", "coordinates": [[-44.198529, -20.061265], [-44.198455, -20.061187], [-44.198377, -20.061073], [-44.198174, -20.060783], [-44.19782, -20.060347], [-44.197672, -20.060087], [-44.197566, -20.059924], [-44.197435, -20.059723], [-44.197125, -20.059329], [-44.196865, -20.059008], [-44.196733, -20.058863], [-44.196589, -20.058727], [-44.196525, -20.058674], [-44.19652, -20.058654], [-44.196499, -20.058571], [-44.19646, -20.058475]]}}, {"type": "Feature", "properties": {"tipo": "Via Urbana", "id": null}, "geometry": {"type": "LineString", "coordinates": [[-44.186554, -20.058593], [-44.186828, -20.058107], [-44.187028, -20.05789], [-44.18753, -20.05745], [-44.188771, -20.0561]]}}, {"type": "Feature", "properties": {"tipo": "Via Urbana", "id": null}, "geometry": {"type": "LineString", "coordinates": [[-44.188738, -20.05814], [-44.188086, -20.059605], [-44.188008, -20.059785], [-44.188105, -20.059857], [-44.188175, -20.05995], [-44.188267, -20.060013], [-44.188369, -20.060044], [-44.188626, -20.060092]]}}, {"type": "Feature", "properties": {"tipo": "Via Urbana", "id": null}, "geometry": {"type": "LineString", "coordinates": [[-44.16126, -20.058814], [-44.160909, -20.058753], [-44.160627, -20.058671], [-44.160337, -20.058616], [-44.159948, -20.058616], [-44.159549, -20.058641], [-44.158897, -20.058806]]}}, {"type": "Feature", "properties": {"tipo": "Via Urbana", "id": null}, "geometry": {"type": "LineString", "coordinates": [[-44.152132, -20.058843], [-44.151797, -20.057561]]}}, {"type": "Feature", "properties": {"tipo": "Via Urbana", "id": null}, "geometry": {"type": "LineString", "coordinates": [[-44.15235, -20.059795], [-44.152272, -20.059315], [-44.152132, -20.058843]]}}, {"type": "Feature", "properties": {"tipo": "Via Urbana", "id": null}, "geometry": {"type": "LineString", "coordinates": [[-44.19463, -20.051662], [-44.194501, -20.051803]]}}, {"type": "Feature", "properties": {"tipo": "Via Urbana", "id": null}, "geometry": {"type": "LineString", "coordinates": [[-44.194501, -20.051803], [-44.194339, -20.051937], [-44.194134, -20.051974], [-44.194071, -20.051969], [-44.193535, -20.051949], [-44.192604, -20.0519], [-44.192362, -20.051828]]}}, {"type": "Feature", "properties": {"tipo": "Via Urbana", "id": null}, "geometry": {"type": "LineString", "coordinates": [[-44.193301, -20.053945], [-44.193284, -20.054212]]}}, {"type": "Feature", "properties": {"tipo": "Via Urbana", "id": null}, "geometry": {"type": "LineString", "coordinates": [[-44.185693, -20.054158], [-44.185983, -20.05405], [-44.18627, -20.054144]]}}, {"type": "Feature", "properties": {"tipo": "Via Urbana", "id": null}, "geometry": {"type": "LineString", "coordinates": [[-44.187982, -20.054123], [-44.187322, -20.054122], [-44.186667, -20.054142], [-44.18627, -20.054144]]}}, {"type": "Feature", "properties": {"tipo": "Via Urbana", "id": null}, "geometry": {"type": "LineString", "coordinates": [[-44.160087, -20.055249], [-44.160337, -20.055281], [-44.160545, -20.055357], [-44.16071, -20.055473], [-44.160769, -20.055546], [-44.160849, -20.055654], [-44.160929, -20.055727], [-44.161029, -20.055779], [-44.161143, -20.055834], [-44.161241, -20.055899], [-44.161344, -20.055949], [-44.161697, -20.056031], [-44.162167, -20.056165]]}}, {"type": "Feature", "properties": {"tipo": "Via Urbana", "id": null}, "geometry": {"type": "LineString", "coordinates": [[-44.15965, -20.056695], [-44.159846, -20.05642], [-44.159978, -20.055916], [-44.160026, -20.05539], [-44.160087, -20.055249], [-44.160208, -20.0551], [-44.16045, -20.054729], [-44.161195, -20.054193], [-44.161256, -20.054126]]}}, {"type": "Feature", "properties": {"tipo": "Via Urbana", "id": null}, "geometry": {"type": "LineString", "coordinates": [[-44.20621, -20.07261], [-44.205687, -20.072026]]}}, {"type": "Feature", "properties": {"tipo": "Via Urbana", "id": null}, "geometry": {"type": "LineString", "coordinates": [[-44.154489, -20.075033], [-44.154391, -20.074328], [-44.154376, -20.074294], [-44.154332, -20.074268], [-44.153024, -20.073852], [-44.152936, -20.073834], [-44.15285, -20.073842], [-44.152764, -20.073874], [-44.152694, -20.073915], [-44.152627, -20.073977], [-44.152551, -20.074114], [-44.15247, -20.074341], [-44.152417, -20.074547], [-44.152387, -20.07465], [-44.152348, -20.07473], [-44.151961, -20.075303], [-44.151931, -20.075333], [-44.151884, -20.075356], [-44.151855, -20.07536], [-44.151633, -20.075314], [-44.151609, -20.075284], [-44.151605, -20.075251], [-44.151603, -20.07517], [-44.151613, -20.074899], [-44.151598, -20.074848], [-44.151561, -20.074815], [-44.151488, -20.074808], [-44.151412, -20.074803], [-44.151338, -20.074818], [-44.151285, -20.074795], [-44.15124, -20.074734], [-44.150828, -20.074459], [-44.150762, -20.074449], [-44.150696, -20.074461], [-44.15062, -20.074507], [-44.150547, -20.074585], [-44.150512, -20.074672], [-44.150504, -20.074724], [-44.150504, -20.074769], [-44.150525, -20.074804], [-44.150554, -20.074828], [-44.150869, -20.075036]]}}, {"type": "Feature", "properties": {"tipo": "Via Urbana", "id": null}, "geometry": {"type": "LineString", "coordinates": [[-44.156815, -20.075571], [-44.156612, -20.075505], [-44.156416, -20.075459], [-44.156173, -20.075416], [-44.154573, -20.075169], [-44.154541, -20.07515], [-44.154525, -20.075118], [-44.154489, -20.075033]]}}, {"type": "Feature", "properties": {"tipo": "Via Urbana", "id": null}, "geometry": {"type": "LineString", "coordinates": [[-44.154954, -20.086989], [-44.158446, -20.08515], [-44.158602, -20.085135], [-44.158677, -20.08515]]}}, {"type": "Feature", "properties": {"tipo": "Via Urbana", "id": null}, "geometry": {"type": "LineString", "coordinates": [[-44.154399, -20.086294], [-44.154954, -20.086989], [-44.155434, -20.087644], [-44.155678, -20.087977], [-44.155812, -20.088145], [-44.155957, -20.088287], [-44.156129, -20.088407], [-44.156236, -20.08843], [-44.156381, -20.088395], [-44.160312, -20.08631], [-44.160353, -20.086266], [-44.160353, -20.086222], [-44.160312, -20.086177], [-44.158677, -20.08515]]}}, {"type": "Feature", "properties": {"tipo": "Via Urbana", "id": null}, "geometry": {"type": "LineString", "coordinates": [[-44.163019, -20.076152], [-44.163325, -20.076333], [-44.163652, -20.076507]]}}, {"type": "Feature", "properties": {"tipo": "Via Urbana", "id": null}, "geometry": {"type": "LineString", "coordinates": [[-44.166525, -20.075059], [-44.166729, -20.074943], [-44.167265, -20.074425], [-44.167297, -20.074393], [-44.167829, -20.074257]]}}, {"type": "Feature", "properties": {"tipo": "Via Urbana", "id": null}, "geometry": {"type": "LineString", "coordinates": [[-44.151263, -20.080905], [-44.151154, -20.081074], [-44.151003, -20.081275], [-44.150809, -20.081581], [-44.150027, -20.08282], [-44.149756, -20.08325], [-44.149192, -20.084127], [-44.148639, -20.084989], [-44.148572, -20.08511], [-44.148522, -20.085231], [-44.148482, -20.085344], [-44.148452, -20.085444], [-44.148328, -20.085979], [-44.148314, -20.086081], [-44.148318, -20.086169], [-44.148346, -20.086257], [-44.148392, -20.086342], [-44.148458, -20.086409], [-44.148537, -20.086461], [-44.148725, -20.086538], [-44.148907, -20.086586], [-44.149001, -20.0866], [-44.149119, -20.086605], [-44.149265, -20.086608], [-44.149482, -20.086601], [-44.150212, -20.086579], [-44.151173, -20.086538], [-44.152144, -20.0865], [-44.152466, -20.086487], [-44.152548, -20.086478], [-44.15263, -20.086458], [-44.15271, -20.086427], [-44.153363, -20.086138], [-44.153465, -20.08608], [-44.153551, -20.085977], [-44.153591, -20.085901], [-44.153616, -20.085807], [-44.153628, -20.08572], [-44.153545, -20.082761], [-44.153537, -20.08249], [-44.153574, -20.082294], [-44.153599, -20.082236], [-44.15427, -20.081168], [-44.154941, -20.080101], [-44.15501, -20.079993], [-44.155595, -20.079113], [-44.155626, -20.079032], [-44.155644, -20.078986], [-44.155983, -20.077452], [-44.155965, -20.077365], [-44.155512, -20.076415], [-44.155415, -20.07622], [-44.155367, -20.076158], [-44.155276, -20.076122], [-44.155132, -20.076096], [-44.154677, -20.076076], [-44.154214, -20.076047], [-44.153031, -20.075969], [-44.151944, -20.075873]]}}, {"type": "Feature", "properties": {"tipo": "Via Urbana", "id": null}, "geometry": {"type": "LineString", "coordinates": [[-44.153599, -20.082236], [-44.152548, -20.081612], [-44.152298, -20.081483]]}}, {"type": "Feature", "properties": {"tipo": "Via Urbana", "id": null}, "geometry": {"type": "LineString", "coordinates": [[-44.152198, -20.081285], [-44.152706, -20.080511], [-44.152947, -20.080121], [-44.153086, -20.079884], [-44.153158, -20.079721], [-44.15319, -20.079582], [-44.153204, -20.0795], [-44.153205, -20.079248], [-44.153201, -20.079192], [-44.153153, -20.079029], [-44.152856, -20.078321], [-44.151996, -20.076466], [-44.151897, -20.076304], [-44.151766, -20.076158], [-44.151644, -20.076039], [-44.151568, -20.075979], [-44.151509, -20.075931], [-44.150708, -20.075647], [-44.150641, -20.075625], [-44.15042, -20.075551], [-44.150039, -20.075421]]}}, {"type": "Feature", "properties": {"tipo": "Via Urbana", "id": null}, "geometry": {"type": "LineString", "coordinates": [[-44.148724, -20.074268], [-44.148738, -20.074245], [-44.148757, -20.074218], [-44.148774, -20.074199], [-44.148785, -20.07419], [-44.148815, -20.074167], [-44.148833, -20.074157], [-44.148849, -20.074149], [-44.148914, -20.074119], [-44.149045, -20.074076]]}}, {"type": "Feature", "properties": {"tipo": "Via Urbana", "id": null}, "geometry": {"type": "LineString", "coordinates": [[-44.149045, -20.074076], [-44.149009, -20.074172], [-44.148962, -20.074234], [-44.14891, -20.074283], [-44.148833, -20.07436]]}}, {"type": "Feature", "properties": {"tipo": "Via Urbana", "id": null}, "geometry": {"type": "LineString", "coordinates": [[-44.150539, -20.075819], [-44.150899, -20.076629], [-44.150929, -20.076689], [-44.151296, -20.077521]]}}, {"type": "Feature", "properties": {"tipo": "Via Urbana", "id": null}, "geometry": {"type": "LineString", "coordinates": [[-44.15157, -20.07588], [-44.151818, -20.076103], [-44.151938, -20.076246], [-44.15206, -20.076446], [-44.152917, -20.07829]]}}, {"type": "Feature", "properties": {"tipo": "Via Urbana", "id": null}, "geometry": {"type": "LineString", "coordinates": [[-44.153885, -20.080362], [-44.153282, -20.081267]]}}, {"type": "Feature", "properties": {"tipo": "Via Urbana", "id": null}, "geometry": {"type": "LineString", "coordinates": [[-44.154941, -20.080101], [-44.153892, -20.077878], [-44.153031, -20.076053], [-44.153031, -20.075969]]}}, {"type": "Feature", "properties": {"tipo": "Via Urbana", "id": null}, "geometry": {"type": "LineString", "coordinates": [[-44.154214, -20.076047], [-44.154228, -20.076085], [-44.154243, -20.076128], [-44.154854, -20.07746], [-44.155512, -20.078913], [-44.155561, -20.078982], [-44.155626, -20.079032]]}}, {"type": "Feature", "properties": {"tipo": "Via Urbana", "id": null}, "geometry": {"type": "LineString", "coordinates": [[-44.154854, -20.07746], [-44.153892, -20.077878], [-44.152917, -20.07829], [-44.152856, -20.078321]]}}, {"type": "Feature", "properties": {"tipo": "Via Urbana", "id": null}, "geometry": {"type": "LineString", "coordinates": [[-44.155512, -20.076415], [-44.156045, -20.076197]]}}, {"type": "Feature", "properties": {"tipo": "Via Urbana", "id": null}, "geometry": {"type": "LineString", "coordinates": [[-44.156254, -20.076309], [-44.15619, -20.076307], [-44.156129, -20.076286], [-44.156079, -20.076248], [-44.156045, -20.076197], [-44.156029, -20.076137], [-44.156035, -20.076075], [-44.156063, -20.076018], [-44.156109, -20.075973], [-44.156169, -20.075945], [-44.156235, -20.075937], [-44.1563, -20.07595], [-44.156357, -20.075982], [-44.156399, -20.07603], [-44.156422, -20.076088], [-44.156424, -20.076149], [-44.156405, -20.076206], [-44.156368, -20.076255], [-44.156316, -20.076291], [-44.156254, -20.076309]]}}, {"type": "Feature", "properties": {"tipo": "Via Urbana", "id": null}, "geometry": {"type": "LineString", "coordinates": [[-44.156169, -20.075945], [-44.156173, -20.075416]]}}, {"type": "Feature", "properties": {"tipo": "Via Urbana", "id": null}, "geometry": {"type": "LineString", "coordinates": [[-44.150662, -20.07556], [-44.150691, -20.075485], [-44.150869, -20.075036], [-44.150974, -20.07488], [-44.151079, -20.074816], [-44.15124, -20.074734]]}}, {"type": "Feature", "properties": {"tipo": "Via Urbana", "id": null}, "geometry": {"type": "LineString", "coordinates": [[-44.149732, -20.077024], [-44.149766, -20.077012], [-44.149802, -20.077012], [-44.149835, -20.077023], [-44.149863, -20.077044], [-44.149882, -20.077072], [-44.14989, -20.077105], [-44.149887, -20.077136], [-44.149873, -20.077165], [-44.14985, -20.077188], [-44.149821, -20.077203], [-44.149788, -20.077209], [-44.149755, -20.077206], [-44.149725, -20.077192], [-44.1497, -20.07717], [-44.149684, -20.07714], [-44.149679, -20.077107], [-44.149686, -20.077074], [-44.149705, -20.077045], [-44.149732, -20.077024]]}}, {"type": "Feature", "properties": {"tipo": "Via Urbana", "id": null}, "geometry": {"type": "LineString", "coordinates": [[-44.149882, -20.077072], [-44.150899, -20.076629]]}}, {"type": "Feature", "properties": {"tipo": "Via Urbana", "id": null}, "geometry": {"type": "LineString", "coordinates": [[-44.187875, -20.072329], [-44.187968, -20.072253], [-44.188116, -20.072143], [-44.188133, -20.072007], [-44.188065, -20.071686], [-44.188058, -20.071414], [-44.18806, -20.07135], [-44.188086, -20.071238], [-44.188093, -20.071071], [-44.188066, -20.070912], [-44.188008, -20.07058], [-44.187995, -20.070394], [-44.188075, -20.069785], [-44.188168, -20.069594], [-44.188285, -20.069409], [-44.188303, -20.069229], [-44.188242, -20.068998], [-44.188192, -20.068598], [-44.188211, -20.068373], [-44.188913, -20.066926], [-44.189043, -20.066769], [-44.189233, -20.066596], [-44.189474, -20.066431], [-44.189807, -20.066206], [-44.190174, -20.066017], [-44.190485, -20.065921], [-44.191079, -20.065785], [-44.191454, -20.065635], [-44.191883, -20.065431]]}}, {"type": "Feature", "properties": {"tipo": "Via Urbana", "id": null}, "geometry": {"type": "LineString", "coordinates": [[-44.195996, -20.063589], [-44.195863, -20.063724], [-44.195691, -20.063854], [-44.195512, -20.063982], [-44.195179, -20.064222]]}}, {"type": "Feature", "properties": {"tipo": "Via Urbana", "id": null}, "geometry": {"type": "LineString", "coordinates": [[-44.190222, -20.061551], [-44.190213, -20.061934], [-44.190182, -20.06223]]}}, {"type": "Feature", "properties": {"tipo": "Via Urbana", "id": null}, "geometry": {"type": "LineString", "coordinates": [[-44.191428, -20.062424], [-44.190222, -20.061551], [-44.190123, -20.061472]]}}, {"type": "Feature", "properties": {"tipo": "Via Urbana", "id": null}, "geometry": {"type": "LineString", "coordinates": [[-44.169612, -20.061235], [-44.169132, -20.061023], [-44.168901, -20.06089], [-44.168681, -20.060809]]}}, {"type": "Feature", "properties": {"tipo": "Via Urbana", "id": null}, "geometry": {"type": "LineString", "coordinates": [[-44.161962, -20.068197], [-44.161952, -20.068333], [-44.161316, -20.070545]]}}, {"type": "Feature", "properties": {"tipo": "Via Urbana", "id": null}, "geometry": {"type": "LineString", "coordinates": [[-44.163262, -20.065338], [-44.16328, -20.064742], [-44.163324, -20.064305]]}}, {"type": "Feature", "properties": {"tipo": "Via Urbana", "id": null}, "geometry": {"type": "LineString", "coordinates": [[-44.162586, -20.062073], [-44.161814, -20.062578]]}}, {"type": "Feature", "properties": {"tipo": "Via Urbana", "id": null}, "geometry": {"type": "LineString", "coordinates": [[-44.185556, -20.048913], [-44.186481, -20.048901], [-44.186612, -20.0489], [-44.187278, -20.048898], [-44.187822, -20.048894], [-44.187877, -20.048909], [-44.187923, -20.048927]]}}, {"type": "Feature", "properties": {"tipo": "Via Urbana", "id": null}, "geometry": {"type": "LineString", "coordinates": [[-44.190243, -20.050472], [-44.190329, -20.050343]]}}, {"type": "Feature", "properties": {"tipo": "Via Urbana", "id": null}, "geometry": {"type": "LineString", "coordinates": [[-44.197719, -20.061874], [-44.197727, -20.062134], [-44.197652, -20.06235], [-44.197507, -20.062547], [-44.197322, -20.062731], [-44.197107, -20.062827], [-44.196131, -20.062799], [-44.195483, -20.062987], [-44.195224, -20.063187]]}}, {"type": "Feature", "properties": {"tipo": "Via Urbana", "id": null}, "geometry": {"type": "LineString", "coordinates": [[-44.185933, -20.050832], [-44.185668, -20.050884]]}}, {"type": "Feature", "properties": {"tipo": "Via Urbana", "id": null}, "geometry": {"type": "LineString", "coordinates": [[-44.185668, -20.050884], [-44.185262, -20.051528], [-44.185215, -20.051602], [-44.185061, -20.051792], [-44.184823, -20.052191]]}}, {"type": "Feature", "properties": {"tipo": "Via Urbana", "id": null}, "geometry": {"type": "LineString", "coordinates": [[-44.153148, -20.070175], [-44.152982, -20.070307], [-44.152868, -20.070368], [-44.152748, -20.070386], [-44.152572, -20.070366], [-44.152314, -20.070337], [-44.152064, -20.070339], [-44.151859, -20.070364], [-44.151621, -20.070434], [-44.151019, -20.070685], [-44.150766, -20.070797], [-44.150624, -20.070867], [-44.150495, -20.070958], [-44.150347, -20.071127], [-44.150268, -20.071232], [-44.150205, -20.071334], [-44.14978, -20.072285], [-44.149736, -20.072413], [-44.149697, -20.072587], [-44.149651, -20.07282], [-44.149574, -20.073197], [-44.149416, -20.073695], [-44.149394, -20.073749], [-44.149363, -20.073795], [-44.149293, -20.073879], [-44.149198, -20.073963], [-44.149045, -20.074076]]}}, {"type": "Feature", "properties": {"tipo": "Via Urbana", "id": null}, "geometry": {"type": "LineString", "coordinates": [[-44.191795, -20.051792], [-44.191781, -20.051268], [-44.191793, -20.050924], [-44.191805, -20.050581]]}}, {"type": "Feature", "properties": {"tipo": "Via Urbana", "id": null}, "geometry": {"type": "LineString", "coordinates": [[-44.191539, -20.05309], [-44.192399, -20.053137]]}}, {"type": "Feature", "properties": {"tipo": "Via Urbana", "id": null}, "geometry": {"type": "LineString", "coordinates": [[-44.161524, -20.065322], [-44.161614, -20.065525], [-44.161658, -20.065769]]}}, {"type": "Feature", "properties": {"tipo": "Via Urbana", "id": null}, "geometry": {"type": "LineString", "coordinates": [[-44.157849, -20.062653], [-44.156613, -20.064646]]}}, {"type": "Feature", "properties": {"tipo": "Via Urbana", "id": null}, "geometry": {"type": "LineString", "coordinates": [[-44.156613, -20.064646], [-44.155043, -20.067176]]}}, {"type": "Feature", "properties": {"tipo": "Via Urbana", "id": null}, "geometry": {"type": "LineString", "coordinates": [[-44.159818, -20.057025], [-44.158897, -20.058806]]}}, {"type": "Feature", "properties": {"tipo": "Via Urbana", "id": null}, "geometry": {"type": "LineString", "coordinates": [[-44.15799, -20.06045], [-44.15692, -20.062152]]}}, {"type": "Feature", "properties": {"tipo": "Via Urbana", "id": null}, "geometry": {"type": "LineString", "coordinates": [[-44.15692, -20.062152], [-44.155745, -20.064157]]}}, {"type": "Feature", "properties": {"tipo": "Via Urbana", "id": null}, "geometry": {"type": "LineString", "coordinates": [[-44.158897, -20.058806], [-44.158405, -20.059754], [-44.158006, -20.060421], [-44.15799, -20.06045]]}}, {"type": "Feature", "properties": {"tipo": "Via Urbana", "id": null}, "geometry": {"type": "LineString", "coordinates": [[-44.160824, -20.066136], [-44.16068, -20.06692], [-44.160509, -20.067735], [-44.160321, -20.068297], [-44.160125, -20.068639], [-44.159806, -20.069273], [-44.159505, -20.069744], [-44.159396, -20.070026], [-44.15936, -20.070121], [-44.159213, -20.070529]]}}, {"type": "Feature", "properties": {"tipo": "Via Urbana", "id": null}, "geometry": {"type": "LineString", "coordinates": [[-44.16105, -20.061441], [-44.160737, -20.061988]]}}, {"type": "Feature", "properties": {"tipo": "Via Urbana", "id": null}, "geometry": {"type": "LineString", "coordinates": [[-44.161688, -20.060437], [-44.161388, -20.060903]]}}, {"type": "Feature", "properties": {"tipo": "Via Urbana", "id": null}, "geometry": {"type": "LineString", "coordinates": [[-44.158478, -20.065659], [-44.158158, -20.066177], [-44.15696, -20.067976]]}}, {"type": "Feature", "properties": {"tipo": "Via Urbana", "id": null}, "geometry": {"type": "LineString", "coordinates": [[-44.154243, -20.072867], [-44.154094, -20.072294], [-44.153793, -20.071772]]}}, {"type": "Feature", "properties": {"tipo": "Via Urbana", "id": null}, "geometry": {"type": "LineString", "coordinates": [[-44.162812, -20.072965], [-44.163235, -20.072475], [-44.163679, -20.071956], [-44.16407, -20.071532]]}}, {"type": "Feature", "properties": {"tipo": "Via Urbana", "id": null}, "geometry": {"type": "LineString", "coordinates": [[-44.158779, -20.063163], [-44.159788, -20.061486]]}}, {"type": "Feature", "properties": {"tipo": "Via Urbana", "id": null}, "geometry": {"type": "LineString", "coordinates": [[-44.15604, -20.067525], [-44.157573, -20.065162]]}}, {"type": "Feature", "properties": {"tipo": "Via Urbana", "id": null}, "geometry": {"type": "LineString", "coordinates": [[-44.162384, -20.073473], [-44.159976, -20.071598]]}}, {"type": "Feature", "properties": {"tipo": "Via Urbana", "id": null}, "geometry": {"type": "LineString", "coordinates": [[-44.163941, -20.071229], [-44.164238, -20.0707]]}}, {"type": "Feature", "properties": {"tipo": "Via Urbana", "id": null}, "geometry": {"type": "LineString", "coordinates": [[-44.163235, -20.072475], [-44.162078, -20.071554], [-44.160917, -20.070673]]}}, {"type": "Feature", "properties": {"tipo": "Via Urbana", "id": null}, "geometry": {"type": "LineString", "coordinates": [[-44.162812, -20.072965], [-44.160551, -20.071225]]}}, {"type": "Feature", "properties": {"tipo": "Via Urbana", "id": null}, "geometry": {"type": "LineString", "coordinates": [[-44.156317, -20.071899], [-44.157402, -20.071891]]}}, {"type": "Feature", "properties": {"tipo": "Via Urbana", "id": null}, "geometry": {"type": "LineString", "coordinates": [[-44.159213, -20.070529], [-44.157744, -20.073988], [-44.157278, -20.075202]]}}, {"type": "Feature", "properties": {"tipo": "Via Urbana", "id": null}, "geometry": {"type": "LineString", "coordinates": [[-44.161797, -20.077442], [-44.161763, -20.077289], [-44.161752, -20.077211], [-44.161729, -20.077108], [-44.161619, -20.076779], [-44.161467, -20.076426], [-44.161446, -20.076352], [-44.161436, -20.076273], [-44.161451, -20.076101]]}}, {"type": "Feature", "properties": {"tipo": "Via Urbana", "id": null}, "geometry": {"type": "LineString", "coordinates": [[-44.15692, -20.062152], [-44.157849, -20.062653]]}}, {"type": "Feature", "properties": {"tipo": "Via Urbana", "id": null}, "geometry": {"type": "LineString", "coordinates": [[-44.161814, -20.062578], [-44.161609, -20.062818], [-44.161348, -20.063234]]}}, {"type": "Feature", "properties": {"tipo": "Via Urbana", "id": null}, "geometry": {"type": "LineString", "coordinates": [[-44.161814, -20.062578], [-44.160737, -20.061988]]}}, {"type": "Feature", "properties": {"tipo": "Via Urbana", "id": null}, "geometry": {"type": "LineString", "coordinates": [[-44.161388, -20.060903], [-44.16105, -20.061441]]}}, {"type": "Feature", "properties": {"tipo": "Via Urbana", "id": null}, "geometry": {"type": "LineString", "coordinates": [[-44.160379, -20.059731], [-44.16036, -20.059743], [-44.160347, -20.059764], [-44.160102, -20.060154]]}}, {"type": "Feature", "properties": {"tipo": "Via Urbana", "id": null}, "geometry": {"type": "LineString", "coordinates": [[-44.160561, -20.059425], [-44.160293, -20.059332]]}}, {"type": "Feature", "properties": {"tipo": "Via Urbana", "id": null}, "geometry": {"type": "LineString", "coordinates": [[-44.162602, -20.060647], [-44.161468, -20.059688], [-44.161395, -20.059651]]}}, {"type": "Feature", "properties": {"tipo": "Via Urbana", "id": null}, "geometry": {"type": "LineString", "coordinates": [[-44.16375, -20.062642], [-44.163648, -20.062728], [-44.163107, -20.063201]]}}, {"type": "Feature", "properties": {"tipo": "Via Urbana", "id": null}, "geometry": {"type": "LineString", "coordinates": [[-44.165378, -20.059686], [-44.165194, -20.060071], [-44.164941, -20.06092], [-44.164464, -20.061773], [-44.1644, -20.061873], [-44.164296, -20.062056], [-44.164155, -20.062227], [-44.16375, -20.062642]]}}, {"type": "Feature", "properties": {"tipo": "Via Urbana", "id": null}, "geometry": {"type": "LineString", "coordinates": [[-44.163324, -20.064305], [-44.163373, -20.064084], [-44.163448, -20.06383], [-44.163563, -20.063544]]}}, {"type": "Feature", "properties": {"tipo": "Via Urbana", "id": null}, "geometry": {"type": "LineString", "coordinates": [[-44.162379, -20.065967], [-44.162591, -20.065494]]}}, {"type": "Feature", "properties": {"tipo": "Via Urbana", "id": null}, "geometry": {"type": "LineString", "coordinates": [[-44.181666, -20.052184], [-44.181247, -20.052063], [-44.180977, -20.052003], [-44.180738, -20.052008], [-44.180527, -20.052033], [-44.180059, -20.052174], [-44.179724, -20.052254], [-44.179433, -20.052261]]}}, {"type": "Feature", "properties": {"tipo": "Via Urbana", "id": null}, "geometry": {"type": "LineString", "coordinates": [[-44.182786, -20.050229], [-44.182816, -20.050078]]}}, {"type": "Feature", "properties": {"tipo": "Via Urbana", "id": null}, "geometry": {"type": "LineString", "coordinates": [[-44.163263, -20.059277], [-44.16334, -20.059763], [-44.163473, -20.060441], [-44.163612, -20.060761]]}}, {"type": "Feature", "properties": {"tipo": "Via Urbana", "id": null}, "geometry": {"type": "LineString", "coordinates": [[-44.152132, -20.058843], [-44.152032, -20.058867], [-44.151885, -20.058917], [-44.151094, -20.059192]]}}, {"type": "Feature", "properties": {"tipo": "Via Urbana", "id": null}, "geometry": {"type": "LineString", "coordinates": [[-44.149265, -20.086608], [-44.149214, -20.084959], [-44.149192, -20.084127]]}}, {"type": "Feature", "properties": {"tipo": "Via Urbana", "id": null}, "geometry": {"type": "LineString", "coordinates": [[-44.150212, -20.086579], [-44.150163, -20.08482], [-44.150129, -20.083488], [-44.15012, -20.083257], [-44.150096, -20.082848], [-44.150027, -20.08282]]}}, {"type": "Feature", "properties": {"tipo": "Via Urbana", "id": null}, "geometry": {"type": "LineString", "coordinates": [[-44.151173, -20.086538], [-44.151118, -20.084591], [-44.151075, -20.082815]]}}, {"type": "Feature", "properties": {"tipo": "Via Urbana", "id": null}, "geometry": {"type": "LineString", "coordinates": [[-44.152144, -20.0865], [-44.152108, -20.084863], [-44.152057, -20.083379], [-44.152043, -20.082998], [-44.152054, -20.08296], [-44.152071, -20.082938]]}}, {"type": "Feature", "properties": {"tipo": "Via Urbana", "id": null}, "geometry": {"type": "LineString", "coordinates": [[-44.15271, -20.086427], [-44.152682, -20.085832], [-44.152642, -20.084576], [-44.152612, -20.083709], [-44.152588, -20.083004], [-44.152571, -20.08294], [-44.152553, -20.082905], [-44.152516, -20.082876]]}}, {"type": "Feature", "properties": {"tipo": "Via Urbana", "id": null}, "geometry": {"type": "LineString", "coordinates": [[-44.193284, -20.054212], [-44.193162, -20.054127], [-44.192914, -20.053816], [-44.192399, -20.053137]]}}, {"type": "Feature", "properties": {"tipo": "Via Urbana", "id": null}, "geometry": {"type": "LineString", "coordinates": [[-44.19646, -20.058475], [-44.193667, -20.054715], [-44.193586, -20.054605], [-44.193433, -20.054405], [-44.193284, -20.054212]]}}, {"type": "Feature", "properties": {"tipo": "Via Urbana", "id": null}, "geometry": {"type": "LineString", "coordinates": [[-44.179495, -20.060245], [-44.179229, -20.060044], [-44.178949, -20.059675], [-44.178578, -20.059178], [-44.17832, -20.058917], [-44.178177, -20.058833], [-44.178087, -20.05882], [-44.178005, -20.058844], [-44.177924, -20.058901], [-44.177824, -20.058938], [-44.177721, -20.058946], [-44.1776, -20.058913], [-44.17713, -20.058699], [-44.177003, -20.058612], [-44.17689, -20.058512], [-44.176677, -20.05835], [-44.176555, -20.058302], [-44.176433, -20.058303], [-44.176362, -20.05835], [-44.176303, -20.058439], [-44.176272, -20.058542], [-44.176243, -20.058591], [-44.176196, -20.058588], [-44.176165, -20.058524], [-44.17615, -20.058441], [-44.176101, -20.058211]]}}, {"type": "Feature", "properties": {"tipo": "Via Urbana", "id": null}, "geometry": {"type": "LineString", "coordinates": [[-44.18753, -20.05745], [-44.186912, -20.056881]]}}, {"type": "Feature", "properties": {"tipo": "Via Urbana", "id": null}, "geometry": {"type": "LineString", "coordinates": [[-44.18219, -20.051453], [-44.181887, -20.051276], [-44.18169, -20.051221], [-44.18138, -20.051247], [-44.181218, -20.051279], [-44.181093, -20.051268], [-44.181022, -20.051218], [-44.181012, -20.051172], [-44.181013, -20.051084], [-44.181071, -20.050985]]}}, {"type": "Feature", "properties": {"tipo": "Via Urbana", "id": null}, "geometry": {"type": "LineString", "coordinates": [[-44.183128, -20.049813], [-44.1831, -20.049521], [-44.183125, -20.049393], [-44.183215, -20.049239], [-44.183381, -20.049072], [-44.183573, -20.048968], [-44.183778, -20.048856], [-44.184202, -20.048692]]}}, {"type": "Feature", "properties": {"tipo": "Via Urbana", "id": null}, "geometry": {"type": "LineString", "coordinates": [[-44.182783, -20.049341], [-44.182082, -20.049383], [-44.18138, -20.049457]]}}, {"type": "Feature", "properties": {"tipo": "Via Urbana", "id": null}, "geometry": {"type": "LineString", "coordinates": [[-44.192399, -20.053137], [-44.191861, -20.052457], [-44.191374, -20.05176]]}}, {"type": "Feature", "properties": {"tipo": "Via Urbana", "id": null}, "geometry": {"type": "LineString", "coordinates": [[-44.191738, -20.051784], [-44.191258, -20.0511], [-44.190803, -20.050505]]}}, {"type": "Feature", "properties": {"tipo": "Via Urbana", "id": null}, "geometry": {"type": "LineString", "coordinates": [[-44.184252, -20.04891], [-44.183885, -20.0491], [-44.183777, -20.049156], [-44.183713, -20.049171], [-44.183674, -20.049135], [-44.183573, -20.048968]]}}, {"type": "Feature", "properties": {"tipo": "Via Urbana", "id": null}, "geometry": {"type": "LineString", "coordinates": [[-44.190019, -20.054673], [-44.189951, -20.054148], [-44.1903, -20.052992], [-44.190507, -20.052406], [-44.190732, -20.051712]]}}, {"type": "Feature", "properties": {"tipo": "Via Urbana", "id": null}, "geometry": {"type": "LineString", "coordinates": [[-44.196719, -20.058004], [-44.196863, -20.057957], [-44.196925, -20.057871], [-44.197062, -20.057374], [-44.197242, -20.0568], [-44.19726, -20.056435], [-44.197331, -20.056051], [-44.197362, -20.055644], [-44.197308, -20.055372], [-44.197249, -20.054946], [-44.197153, -20.05474], [-44.196935, -20.054445], [-44.196804, -20.054228], [-44.196686, -20.053932]]}}, {"type": "Feature", "properties": {"tipo": "Via Urbana", "id": null}, "geometry": {"type": "LineString", "coordinates": [[-44.178958, -20.053836], [-44.178001, -20.053524]]}}, {"type": "Feature", "properties": {"tipo": "Via Urbana", "id": null}, "geometry": {"type": "LineString", "coordinates": [[-44.180178, -20.047615], [-44.180006, -20.047788], [-44.18, -20.047845], [-44.180017, -20.047893], [-44.180168, -20.04802], [-44.180182, -20.048059], [-44.180169, -20.048106], [-44.179877, -20.048433]]}}, {"type": "Feature", "properties": {"tipo": "Via Urbana", "id": null}, "geometry": {"type": "LineString", "coordinates": [[-44.19193, -20.051812], [-44.191841, -20.051919]]}}, {"type": "Feature", "properties": {"tipo": "Via Urbana", "id": null}, "geometry": {"type": "LineString", "coordinates": [[-44.188008, -20.059785], [-44.187326, -20.059353], [-44.186664, -20.058839], [-44.186462, -20.058717]]}}, {"type": "Feature", "properties": {"tipo": "Via Urbana", "id": null}, "geometry": {"type": "LineString", "coordinates": [[-44.187521, -20.048468], [-44.187092, -20.048458], [-44.186859, -20.048511], [-44.18669, -20.048667], [-44.186612, -20.0489]]}}, {"type": "Feature", "properties": {"tipo": "Via Urbana", "id": null}, "geometry": {"type": "LineString", "coordinates": [[-44.188009, -20.050498], [-44.187979, -20.049005], [-44.187957, -20.048956], [-44.187923, -20.048927]]}}, {"type": "Feature", "properties": {"tipo": "Via Urbana", "id": null}, "geometry": {"type": "LineString", "coordinates": [[-44.188732, -20.047707], [-44.188482, -20.047837]]}}, {"type": "Feature", "properties": {"tipo": "Via Urbana", "id": null}, "geometry": {"type": "LineString", "coordinates": [[-44.171747, -20.065297], [-44.171366, -20.064399], [-44.171197, -20.063918], [-44.171026, -20.063459], [-44.170567, -20.062812], [-44.170241, -20.062283], [-44.170127, -20.061963], [-44.1702, -20.061645], [-44.170414, -20.061131], [-44.170567, -20.060892]]}}, {"type": "Feature", "properties": {"tipo": "Via Urbana", "id": null}, "geometry": {"type": "LineString", "coordinates": [[-44.165958, -20.070874], [-44.165783, -20.070946], [-44.165714, -20.071042], [-44.165557, -20.071506], [-44.165428, -20.071937], [-44.165321, -20.072121], [-44.164803, -20.072731], [-44.164151, -20.07315]]}}, {"type": "Feature", "properties": {"tipo": "Via Urbana", "id": null}, "geometry": {"type": "LineString", "coordinates": [[-44.168691, -20.070173], [-44.168617, -20.071055], [-44.168563, -20.071283], [-44.16848, -20.071466], [-44.168441, -20.071533], [-44.168384, -20.071563], [-44.168323, -20.071571], [-44.168264, -20.071567], [-44.168201, -20.071551], [-44.168138, -20.071523], [-44.167884, -20.071325]]}}, {"type": "Feature", "properties": {"tipo": "Via Urbana", "id": null}, "geometry": {"type": "LineString", "coordinates": [[-44.151944, -20.075873], [-44.151818, -20.076103]]}}, {"type": "Feature", "properties": {"tipo": "Via Urbana", "id": null}, "geometry": {"type": "LineString", "coordinates": [[-44.150745, -20.075588], [-44.150708, -20.075647]]}}, {"type": "Feature", "properties": {"tipo": "Via Urbana", "id": null}, "geometry": {"type": "LineString", "coordinates": [[-44.155456, -20.062663], [-44.15592, -20.062066], [-44.156072, -20.061943], [-44.156146, -20.061908], [-44.156241, -20.061885], [-44.156354, -20.06187], [-44.156436, -20.061879], [-44.156499, -20.0619], [-44.15692, -20.062152]]}}, {"type": "Feature", "properties": {"tipo": "Via Urbana", "id": null}, "geometry": {"type": "LineString", "coordinates": [[-44.15319, -20.079582], [-44.153261, -20.079591]]}}, {"type": "Feature", "properties": {"tipo": "Via Urbana", "id": null}, "geometry": {"type": "LineString", "coordinates": [[-44.153302, -20.079252], [-44.153319, -20.079252], [-44.153347, -20.079254], [-44.153365, -20.079261], [-44.153383, -20.079279], [-44.153498, -20.079552]]}}, {"type": "Feature", "properties": {"tipo": "Via Urbana", "id": null}, "geometry": {"type": "LineString", "coordinates": [[-44.153498, -20.079552], [-44.153261, -20.079591]]}}, {"type": "Feature", "properties": {"tipo": "Via Urbana", "id": null}, "geometry": {"type": "LineString", "coordinates": [[-44.150539, -20.075819], [-44.15042, -20.075551]]}}, {"type": "Feature", "properties": {"tipo": "Via Urbana", "id": null}, "geometry": {"type": "LineString", "coordinates": [[-44.150708, -20.075647], [-44.150539, -20.075819]]}}, {"type": "Feature", "properties": {"tipo": "Via Urbana", "id": null}, "geometry": {"type": "LineString", "coordinates": [[-44.15157, -20.07588], [-44.151944, -20.075873]]}}, {"type": "Feature", "properties": {"tipo": "Via Urbana", "id": null}, "geometry": {"type": "LineString", "coordinates": [[-44.153498, -20.079552], [-44.153885, -20.080362], [-44.15427, -20.081168]]}}, {"type": "Feature", "properties": {"tipo": "Via Urbana", "id": null}, "geometry": {"type": "LineString", "coordinates": [[-44.152917, -20.07829], [-44.153266, -20.079096], [-44.153296, -20.079183]]}}, {"type": "Feature", "properties": {"tipo": "Via Urbana", "id": null}, "geometry": {"type": "LineString", "coordinates": [[-44.153296, -20.079183], [-44.153302, -20.079219], [-44.153302, -20.079252], [-44.153261, -20.079591], [-44.153223, -20.079749], [-44.153154, -20.079911], [-44.152886, -20.080396], [-44.15229, -20.081332]]}}, {"type": "Feature", "properties": {"tipo": "Via Urbana", "id": null}, "geometry": {"type": "LineString", "coordinates": [[-44.148766, -20.074442], [-44.14874, -20.07455], [-44.148739, -20.074636], [-44.148755, -20.074733], [-44.148789, -20.074823], [-44.148849, -20.074942], [-44.148888, -20.075013], [-44.148927, -20.075065], [-44.148981, -20.075123], [-44.149069, -20.075194], [-44.149118, -20.075222], [-44.149162, -20.075239], [-44.149258, -20.07525], [-44.149535, -20.07525], [-44.149663, -20.075258], [-44.149793, -20.07528], [-44.149972, -20.07534]]}}, {"type": "Feature", "properties": {"tipo": "Via Urbana", "id": null}, "geometry": {"type": "LineString", "coordinates": [[-44.17536, -20.061192], [-44.175785, -20.061271], [-44.176119, -20.061376], [-44.17637, -20.061469], [-44.176841, -20.061599]]}}, {"type": "Feature", "properties": {"tipo": "Via Urbana", "id": null}, "geometry": {"type": "LineString", "coordinates": [[-44.165149, -20.062289], [-44.164464, -20.061773]]}}, {"type": "Feature", "properties": {"tipo": "Via Urbana", "id": null}, "geometry": {"type": "LineString", "coordinates": [[-44.162344, -20.077454], [-44.161797, -20.077442]]}}, {"type": "Feature", "properties": {"tipo": "Via Urbana", "id": null}, "geometry": {"type": "LineString", "coordinates": [[-44.149697, -20.072587], [-44.149633, -20.072551], [-44.149599, -20.072506], [-44.149579, -20.072407], [-44.149559, -20.07228], [-44.149528, -20.072134], [-44.149476, -20.071993], [-44.149418, -20.071879], [-44.149344, -20.071787], [-44.14925, -20.071715], [-44.149187, -20.071692], [-44.149116, -20.071686], [-44.14905, -20.071707], [-44.149002, -20.071734], [-44.14892, -20.071818], [-44.148855, -20.071926], [-44.148759, -20.072127], [-44.148691, -20.072347], [-44.148624, -20.072567], [-44.148589, -20.072607], [-44.148564, -20.072617], [-44.148522, -20.072613], [-44.148478, -20.072601], [-44.148382, -20.072563], [-44.14826, -20.072499], [-44.148178, -20.072442], [-44.148089, -20.072388], [-44.148038, -20.072371], [-44.147908, -20.072333], [-44.147829, -20.072299], [-44.147636, -20.072211], [-44.147542, -20.072182], [-44.147389, -20.072149], [-44.147292, -20.072131], [-44.147235, -20.072111], [-44.147147, -20.072066], [-44.146988, -20.071968], [-44.146831, -20.071862], [-44.146758, -20.071804], [-44.146696, -20.071739], [-44.146425, -20.071428], [-44.146336, -20.071341], [-44.146189, -20.071198]]}}, {"type": "Feature", "properties": {"tipo": "Via Urbana", "id": null}, "geometry": {"type": "LineString", "coordinates": [[-44.148641, -20.074354], [-44.148179, -20.07433], [-44.148066, -20.074354], [-44.147845, -20.074487], [-44.147587, -20.074794], [-44.147522, -20.074969], [-44.147424, -20.075904], [-44.147256, -20.076472], [-44.147145, -20.076855], [-44.147159, -20.076927], [-44.147202, -20.077088], [-44.147212, -20.07715], [-44.147045, -20.07791], [-44.146962, -20.078385], [-44.146997, -20.078689], [-44.147094, -20.078869], [-44.147119, -20.0789], [-44.147161, -20.078939], [-44.14735, -20.078991]]}}, {"type": "Feature", "properties": {"tipo": "Via Urbana", "id": null}, "geometry": {"type": "LineString", "coordinates": [[-44.151509, -20.075931], [-44.15157, -20.07588]]}}, {"type": "Feature", "properties": {"tipo": "Via Urbana", "id": null}, "geometry": {"type": "LineString", "coordinates": [[-44.150447, -20.075494], [-44.15042, -20.075551]]}}, {"type": "Feature", "properties": {"tipo": "Via Urbana", "id": null}, "geometry": {"type": "LineString", "coordinates": [[-44.151766, -20.076158], [-44.151818, -20.076103]]}}, {"type": "Feature", "properties": {"tipo": "Via Urbana", "id": null}, "geometry": {"type": "LineString", "coordinates": [[-44.148655, -20.074491], [-44.148579, -20.074671], [-44.14856, -20.074718], [-44.148415, -20.07508], [-44.148144, -20.075739], [-44.147825, -20.076603], [-44.147624, -20.076987], [-44.147552, -20.077081], [-44.147504, -20.077112], [-44.14745, -20.077119], [-44.147202, -20.077088]]}}, {"type": "Feature", "properties": {"tipo": "Via Urbana", "id": null}, "geometry": {"type": "LineString", "coordinates": [[-44.1644, -20.061873], [-44.163957, -20.061693]]}}, {"type": "Feature", "properties": {"tipo": "Via Urbana", "id": null}, "geometry": {"type": "LineString", "coordinates": [[-44.16328, -20.064742], [-44.163125, -20.064942], [-44.163072, -20.065047], [-44.162954, -20.065535], [-44.162938, -20.06555], [-44.16291, -20.065555]]}}, {"type": "Feature", "properties": {"tipo": "Via Urbana", "id": null}, "geometry": {"type": "LineString", "coordinates": [[-44.148809, -20.074417], [-44.148766, -20.074442], [-44.14875, -20.074446], [-44.14871, -20.074439], [-44.148663, -20.074418], [-44.148651, -20.074397], [-44.148643, -20.074374], [-44.148641, -20.074354], [-44.148648, -20.074323], [-44.148666, -20.074297], [-44.148692, -20.074277], [-44.148724, -20.074268], [-44.148757, -20.074269], [-44.148788, -20.074281], [-44.148813, -20.074302], [-44.148829, -20.074329], [-44.148833, -20.07436], [-44.148826, -20.074391], [-44.148809, -20.074417]]}}, {"type": "Feature", "properties": {"tipo": "Via Urbana", "id": null}, "geometry": {"type": "LineString", "coordinates": [[-44.149944, -20.068576], [-44.149734, -20.068622], [-44.148918, -20.06882], [-44.148381, -20.068924], [-44.148023, -20.068939], [-44.147924, -20.068917], [-44.14788, -20.068883], [-44.147866, -20.068851], [-44.147888, -20.068515], [-44.147955, -20.067913], [-44.14803, -20.06691], [-44.148099, -20.066518]]}}, {"type": "Feature", "properties": {"tipo": "Via Urbana", "id": null}, "geometry": {"type": "LineString", "coordinates": [[-44.154641, -20.065907], [-44.153448, -20.06532]]}}, {"type": "Feature", "properties": {"tipo": "Via Urbana", "id": null}, "geometry": {"type": "LineString", "coordinates": [[-44.174901, -20.067074], [-44.174738, -20.067131], [-44.174219, -20.067508], [-44.174067, -20.067652], [-44.173904, -20.067779], [-44.173587, -20.067914], [-44.173244, -20.067997], [-44.172525, -20.068101]]}}, {"type": "Feature", "properties": {"tipo": "Via Urbana", "id": null}, "geometry": {"type": "LineString", "coordinates": [[-44.153205, -20.079248], [-44.153302, -20.079252]]}}, {"type": "Feature", "properties": {"tipo": "Via Urbana", "id": null}, "geometry": {"type": "LineString", "coordinates": [[-44.150379, -20.080943], [-44.150243, -20.080889], [-44.150134, -20.080792], [-44.150031, -20.080458], [-44.149973, -20.080194], [-44.149926, -20.080131], [-44.149843, -20.080078], [-44.149179, -20.079867], [-44.148415, -20.079584], [-44.148199, -20.079504], [-44.148167, -20.079501], [-44.148131, -20.079506], [-44.148024, -20.079505], [-44.147995, -20.079496], [-44.147957, -20.079474], [-44.147468, -20.079077], [-44.147397, -20.079019], [-44.14735, -20.078991]]}}, {"type": "Feature", "properties": {"tipo": "Via Urbana", "id": null}, "geometry": {"type": "LineString", "coordinates": [[-44.152873, -20.060421], [-44.152395, -20.060546], [-44.151915, -20.060682], [-44.151785, -20.060677], [-44.151657, -20.060662], [-44.151341, -20.060708]]}}, {"type": "Feature", "properties": {"tipo": "Via Urbana", "id": null}, "geometry": {"type": "LineString", "coordinates": [[-44.15135, -20.060044], [-44.151179, -20.05979], [-44.150912, -20.059576], [-44.150817, -20.059436], [-44.150713, -20.059287]]}}, {"type": "Feature", "properties": {"tipo": "Via Urbana", "id": null}, "geometry": {"type": "LineString", "coordinates": [[-44.173734, -20.04916], [-44.173868, -20.049204], [-44.174058, -20.049235], [-44.174361, -20.049203], [-44.174813, -20.049041], [-44.175304, -20.048696], [-44.175372, -20.04868], [-44.175436, -20.048697], [-44.175542, -20.04878], [-44.175594, -20.04887], [-44.175606, -20.048952], [-44.175578, -20.049126], [-44.175565, -20.049292], [-44.175547, -20.049432], [-44.175493, -20.04953], [-44.1754, -20.049635], [-44.175357, -20.049773], [-44.17535, -20.049831], [-44.175337, -20.049979], [-44.175316, -20.050042], [-44.175292, -20.050168], [-44.175316, -20.050204], [-44.175391, -20.050276], [-44.175693, -20.05049], [-44.17578, -20.050537], [-44.175812, -20.050566], [-44.175997, -20.050775], [-44.176187, -20.050969]]}}, {"type": "Feature", "properties": {"tipo": "Via Urbana", "id": null}, "geometry": {"type": "LineString", "coordinates": [[-44.158895, -20.060182], [-44.158772, -20.060296], [-44.158773, -20.060309], [-44.158779, -20.060321], [-44.15896, -20.060563]]}}, {"type": "Feature", "properties": {"tipo": "Via Urbana", "id": null}, "geometry": {"type": "LineString", "coordinates": [[-44.159268, -20.060683], [-44.158895, -20.060182], [-44.158874, -20.060172], [-44.15885, -20.060174], [-44.15873, -20.060222], [-44.158704, -20.060211], [-44.158671, -20.060177], [-44.158405, -20.059754]]}}, {"type": "Feature", "properties": {"tipo": "Via Urbana", "id": null}, "geometry": {"type": "LineString", "coordinates": [[-44.165184, -20.059318], [-44.164967, -20.057939]]}}, {"type": "Feature", "properties": {"tipo": "Via Urbana", "id": null}, "geometry": {"type": "LineString", "coordinates": [[-44.153595, -20.056368], [-44.153383, -20.056246], [-44.153318, -20.056138], [-44.153232, -20.056096]]}}, {"type": "Feature", "properties": {"tipo": "Via Urbana", "id": null}, "geometry": {"type": "LineString", "coordinates": [[-44.154732, -20.057653], [-44.154304, -20.057845], [-44.154077, -20.057353], [-44.153595, -20.056368], [-44.154042, -20.056204]]}}, {"type": "Feature", "properties": {"tipo": "Via Urbana", "id": null}, "geometry": {"type": "LineString", "coordinates": [[-44.154504, -20.057173], [-44.154077, -20.057353]]}}, {"type": "Feature", "properties": {"tipo": "Via Urbana", "id": null}, "geometry": {"type": "LineString", "coordinates": [[-44.17392, -20.059133], [-44.173903, -20.058908], [-44.173874, -20.058827], [-44.173851, -20.058779], [-44.17378, -20.058471], [-44.173791, -20.058431], [-44.173826, -20.05838], [-44.174118, -20.058104]]}}, {"type": "Feature", "properties": {"tipo": "Via Urbana", "id": null}, "geometry": {"type": "LineString", "coordinates": [[-44.16719, -20.057526], [-44.167292, -20.058667], [-44.167334, -20.058821], [-44.167364, -20.058876]]}}, {"type": "Feature", "properties": {"tipo": "Via Urbana", "id": null}, "geometry": {"type": "LineString", "coordinates": [[-44.153231, -20.059738], [-44.153178, -20.059868], [-44.153141, -20.059908], [-44.153106, -20.05993], [-44.152864, -20.060009], [-44.152824, -20.060025], [-44.152797, -20.060056], [-44.152754, -20.060191]]}}, {"type": "Feature", "properties": {"tipo": "Via Urbana", "id": null}, "geometry": {"type": "LineString", "coordinates": [[-44.169356, -20.057554], [-44.169261, -20.057427], [-44.169122, -20.057317], [-44.168928, -20.057209], [-44.168766, -20.057011], [-44.168648, -20.05686], [-44.168571, -20.056516], [-44.168424, -20.05613], [-44.168153, -20.055763], [-44.168121, -20.055707], [-44.168094, -20.055575], [-44.168067, -20.055065], [-44.16811, -20.054765], [-44.168184, -20.054542], [-44.1684, -20.054203], [-44.168746, -20.053767], [-44.168858, -20.053662], [-44.168925, -20.053597], [-44.168945, -20.053548], [-44.168865, -20.053382], [-44.168877, -20.053336], [-44.169139, -20.052523], [-44.16914, -20.052411], [-44.169099, -20.052345], [-44.169042, -20.052313], [-44.16885, -20.052288], [-44.168577, -20.052323]]}}, {"type": "Feature", "properties": {"tipo": "Via Urbana", "id": null}, "geometry": {"type": "LineString", "coordinates": [[-44.186611, -20.075337], [-44.186583, -20.075395], [-44.186554, -20.075454], [-44.186529, -20.075513], [-44.18653, -20.075576], [-44.186632, -20.075687], [-44.186753, -20.07579], [-44.186815, -20.075861], [-44.186839, -20.075947], [-44.186851, -20.076047], [-44.186853, -20.076319], [-44.186847, -20.076605], [-44.186828, -20.076699], [-44.186804, -20.076781], [-44.18676, -20.076842], [-44.186678, -20.076888], [-44.186557, -20.076912], [-44.186125, -20.076912], [-44.185976, -20.076913], [-44.185887, -20.076908], [-44.185821, -20.076889], [-44.185492, -20.076752], [-44.185338, -20.076706], [-44.185246, -20.076688], [-44.185133, -20.076673], [-44.184987, -20.076629], [-44.184878, -20.07659], [-44.184783, -20.076583], [-44.18471, -20.076612], [-44.184631, -20.076617], [-44.184579, -20.076589], [-44.184511, -20.076478], [-44.18435, -20.076341], [-44.184201, -20.076254], [-44.184038, -20.076209], [-44.183744, -20.076233]]}}, {"type": "Feature", "properties": {"tipo": "Via Urbana", "id": null}, "geometry": {"type": "LineString", "coordinates": [[-44.18349, -20.075861], [-44.183388, -20.07591], [-44.183273, -20.075942], [-44.183156, -20.075929], [-44.183015, -20.075891], [-44.182889, -20.075864], [-44.182795, -20.075895], [-44.182394, -20.076066], [-44.182134, -20.076133], [-44.182015, -20.076135], [-44.181851, -20.076076], [-44.181771, -20.076057]]}}, {"type": "Feature", "properties": {"tipo": "Via Urbana", "id": null}, "geometry": {"type": "LineString", "coordinates": [[-44.179852, -20.07768], [-44.179867, -20.077645], [-44.179878, -20.077612], [-44.179907, -20.07754], [-44.180151, -20.077099], [-44.180249, -20.076912], [-44.180535, -20.0765], [-44.18063, -20.076368], [-44.180682, -20.076295], [-44.180721, -20.07623], [-44.180757, -20.076192], [-44.180785, -20.076179], [-44.180836, -20.076175]]}}, {"type": "Feature", "properties": {"tipo": "Via Urbana", "id": null}, "geometry": {"type": "LineString", "coordinates": [[-44.180992, -20.075526], [-44.180684, -20.075362], [-44.180647, -20.075353], [-44.180609, -20.075353], [-44.180561, -20.075363], [-44.180517, -20.07538], [-44.18041, -20.075445], [-44.18025, -20.075561], [-44.180116, -20.075706], [-44.179836, -20.076238], [-44.179723, -20.07645], [-44.179671, -20.076574], [-44.179633, -20.076725], [-44.179594, -20.076817], [-44.179519, -20.076937], [-44.17944, -20.077078], [-44.179418, -20.077143], [-44.179416, -20.077221], [-44.179445, -20.077334], [-44.179573, -20.077504], [-44.179714, -20.0776], [-44.179813, -20.077648], [-44.179852, -20.07768], [-44.179996, -20.077787], [-44.18013, -20.077899]]}}, {"type": "Feature", "properties": {"tipo": "Via Urbana", "id": null}, "geometry": {"type": "LineString", "coordinates": [[-44.181358, -20.075536], [-44.181328, -20.075515], [-44.181277, -20.075511], [-44.181164, -20.075509], [-44.181024, -20.075522], [-44.180992, -20.075526], [-44.180966, -20.075581], [-44.180939, -20.075612], [-44.180892, -20.075683], [-44.180845, -20.075754], [-44.180832, -20.075799], [-44.18082, -20.075836], [-44.180829, -20.076035], [-44.180836, -20.076175], [-44.180848, -20.076596], [-44.180849, -20.076735], [-44.180836, -20.076845], [-44.180804, -20.076933], [-44.18076, -20.077013], [-44.180396, -20.077584], [-44.18013, -20.077899], [-44.180031, -20.078021], [-44.17962, -20.078538], [-44.179402, -20.078787], [-44.179288, -20.078914], [-44.179169, -20.079034], [-44.178686, -20.079572], [-44.178634, -20.079608], [-44.17858, -20.079625], [-44.178552, -20.079633], [-44.17851, -20.079626], [-44.178458, -20.079599], [-44.17831, -20.079548], [-44.178104, -20.079477], [-44.178001, -20.079451], [-44.177942, -20.079443]]}}, {"type": "Feature", "properties": {"tipo": "Via Urbana", "id": null}, "geometry": {"type": "LineString", "coordinates": [[-44.183647, -20.077653], [-44.183461, -20.077673], [-44.183292, -20.077711]]}}, {"type": "Feature", "properties": {"tipo": "Via Urbana", "id": null}, "geometry": {"type": "LineString", "coordinates": [[-44.182367, -20.078779], [-44.182308, -20.079122], [-44.182272, -20.079149], [-44.182202, -20.079135], [-44.181441, -20.078948], [-44.181384, -20.078952], [-44.181348, -20.079013], [-44.18115, -20.079699], [-44.180942, -20.080243], [-44.180872, -20.080273], [-44.180218, -20.080236]]}}, {"type": "Feature", "properties": {"tipo": "Via Urbana", "id": null}, "geometry": {"type": "LineString", "coordinates": [[-44.182367, -20.078779], [-44.182418, -20.078217], [-44.182382, -20.078132], [-44.182322, -20.078051], [-44.182187, -20.077977]]}}, {"type": "Feature", "properties": {"tipo": "Via Urbana", "id": null}, "geometry": {"type": "LineString", "coordinates": [[-44.181765, -20.078125], [-44.182187, -20.077977]]}}, {"type": "Feature", "properties": {"tipo": "Via Urbana", "id": null}, "geometry": {"type": "LineString", "coordinates": [[-44.189678, -20.06261], [-44.189292, -20.06295], [-44.189248, -20.062995], [-44.189231, -20.063021], [-44.189221, -20.063044], [-44.189225, -20.063067], [-44.189234, -20.063078], [-44.189467, -20.063202], [-44.189658, -20.063293]]}}, {"type": "Feature", "properties": {"tipo": "Via Urbana", "id": null}, "geometry": {"type": "LineString", "coordinates": [[-44.193436, -20.066764], [-44.193576, -20.066513], [-44.193952, -20.065963]]}}, {"type": "Feature", "properties": {"tipo": "Via Urbana", "id": null}, "geometry": {"type": "LineString", "coordinates": [[-44.179212, -20.067612], [-44.179006, -20.067692], [-44.179027, -20.067866], [-44.17921, -20.06824]]}}, {"type": "Feature", "properties": {"tipo": "Via Urbana", "id": null}, "geometry": {"type": "LineString", "coordinates": [[-44.185684, -20.068547], [-44.185649, -20.068579], [-44.185616, -20.068603], [-44.185543, -20.06861], [-44.184862, -20.068471], [-44.184065, -20.068302], [-44.183608, -20.068197], [-44.183529, -20.068175], [-44.183427, -20.068114], [-44.183359, -20.068078], [-44.18333, -20.068002], [-44.183333, -20.067924], [-44.183367, -20.067764], [-44.18342, -20.067707], [-44.183493, -20.067634], [-44.183503, -20.067583], [-44.183483, -20.0675]]}}, {"type": "Feature", "properties": {"tipo": "Via Urbana", "id": null}, "geometry": {"type": "LineString", "coordinates": [[-44.205786, -20.077606], [-44.206085, -20.077306], [-44.206208, -20.077156], [-44.206259, -20.077019], [-44.206375, -20.076752], [-44.206424, -20.076637], [-44.206509, -20.07659], [-44.206784, -20.076511], [-44.20686, -20.076502], [-44.206894, -20.076535], [-44.20724, -20.077959]]}}, {"type": "Feature", "properties": {"tipo": "Via Urbana", "id": null}, "geometry": {"type": "LineString", "coordinates": [[-44.205815, -20.07782], [-44.204791, -20.077234], [-44.204443, -20.07715], [-44.204052, -20.077084], [-44.20358, -20.076925], [-44.203215, -20.07692], [-44.203155, -20.076932], [-44.203114, -20.076956], [-44.203104, -20.076985], [-44.203112, -20.077016], [-44.203336, -20.077707], [-44.20334, -20.077769], [-44.203318, -20.077806], [-44.203278, -20.077832], [-44.201603, -20.078298], [-44.201329, -20.078422], [-44.200876, -20.078797], [-44.200409, -20.079034], [-44.200053, -20.079205], [-44.199632, -20.079253], [-44.19894, -20.079205]]}}, {"type": "Feature", "properties": {"tipo": "Via Urbana", "id": null}, "geometry": {"type": "LineString", "coordinates": [[-44.20277, -20.083752], [-44.202593, -20.083578], [-44.202448, -20.083379], [-44.202394, -20.083332], [-44.20233, -20.083314], [-44.202228, -20.083354], [-44.202102, -20.083546], [-44.201891, -20.083942]]}}, {"type": "Feature", "properties": {"tipo": "Via Urbana", "id": null}, "geometry": {"type": "LineString", "coordinates": [[-44.203244, -20.086678], [-44.20347, -20.086576], [-44.203738, -20.086387], [-44.203798, -20.086255], [-44.203834, -20.08612], [-44.203801, -20.086051], [-44.203743, -20.085983], [-44.203556, -20.085829], [-44.203464, -20.08572], [-44.203413, -20.085596], [-44.203392, -20.085234], [-44.203358, -20.08475], [-44.203349, -20.084652], [-44.20332, -20.084547], [-44.203282, -20.08446], [-44.203231, -20.084371], [-44.203118, -20.084188], [-44.20299, -20.084019], [-44.20277, -20.083752]]}}, {"type": "Feature", "properties": {"tipo": "Via Urbana", "id": null}, "geometry": {"type": "LineString", "coordinates": [[-44.20277, -20.083752], [-44.203593, -20.083286], [-44.203969, -20.083012], [-44.204148, -20.082798], [-44.204258, -20.082392], [-44.204339, -20.082175], [-44.204445, -20.082063], [-44.204562, -20.081966]]}}, {"type": "Feature", "properties": {"tipo": "Via Urbana", "id": null}, "geometry": {"type": "LineString", "coordinates": [[-44.206766, -20.088765], [-44.206774, -20.089246], [-44.206723, -20.089496], [-44.206621, -20.08972], [-44.2066, -20.089906], [-44.206646, -20.090166], [-44.20682, -20.090612]]}}, {"type": "Feature", "properties": {"tipo": "Via Urbana", "id": null}, "geometry": {"type": "LineString", "coordinates": [[-44.153545, -20.082761], [-44.152519, -20.08276]]}}, {"type": "Feature", "properties": {"tipo": "Via Urbana", "id": null}, "geometry": {"type": "LineString", "coordinates": [[-44.152168, -20.081541], [-44.152126, -20.081716], [-44.15211, -20.081872], [-44.152118, -20.082072], [-44.152183, -20.082291], [-44.152396, -20.082609]]}}, {"type": "Feature", "properties": {"tipo": "Via Urbana", "id": null}, "geometry": {"type": "LineString", "coordinates": [[-44.152048, -20.082732], [-44.152038, -20.082604], [-44.152021, -20.082129], [-44.152022, -20.081825], [-44.152036, -20.081658], [-44.15207, -20.081486]]}}, {"type": "Feature", "properties": {"tipo": "Via Urbana", "id": null}, "geometry": {"type": "LineString", "coordinates": [[-44.152177, -20.083024], [-44.152136, -20.083002], [-44.152101, -20.082973], [-44.152071, -20.082938], [-44.152053, -20.082907], [-44.152041, -20.082873], [-44.152034, -20.082838], [-44.152033, -20.082802], [-44.152037, -20.082767], [-44.152048, -20.082732], [-44.152075, -20.082682], [-44.152115, -20.08264], [-44.152164, -20.082608], [-44.152221, -20.082588], [-44.152281, -20.082581], [-44.15234, -20.082588], [-44.152396, -20.082609], [-44.152439, -20.082637], [-44.152475, -20.082672], [-44.152502, -20.082714], [-44.152519, -20.08276], [-44.152525, -20.082799], [-44.152524, -20.082838], [-44.152516, -20.082876], [-44.152499, -20.082917], [-44.152474, -20.082955], [-44.152441, -20.082987], [-44.152403, -20.083013], [-44.152361, -20.083031], [-44.152315, -20.083042], [-44.152268, -20.083044], [-44.152221, -20.083038], [-44.152177, -20.083024]]}}, {"type": "Feature", "properties": {"tipo": "Via Urbana", "id": null}, "geometry": {"type": "LineString", "coordinates": [[-44.152298, -20.081483], [-44.152276, -20.081508], [-44.152244, -20.081529], [-44.152207, -20.08154], [-44.152168, -20.081541], [-44.15213, -20.081532], [-44.152097, -20.081513], [-44.15207, -20.081486], [-44.152053, -20.081453], [-44.152046, -20.081417], [-44.152051, -20.081381], [-44.152066, -20.081347], [-44.15209, -20.081319], [-44.152122, -20.081298], [-44.152159, -20.081287], [-44.152198, -20.081285], [-44.152232, -20.081293], [-44.152264, -20.081309], [-44.15229, -20.081332], [-44.152308, -20.08136], [-44.152318, -20.08139], [-44.15232, -20.081422], [-44.152313, -20.081454], [-44.152298, -20.081483]]}}, {"type": "Feature", "properties": {"tipo": "Via Urbana", "id": null}, "geometry": {"type": "LineString", "coordinates": [[-44.152066, -20.081347], [-44.151263, -20.080905], [-44.150763, -20.08061]]}}, {"type": "Feature", "properties": {"tipo": "Via Urbana", "id": null}, "geometry": {"type": "LineString", "coordinates": [[-44.152057, -20.083379], [-44.151216, -20.082849], [-44.151075, -20.082815]]}}, {"type": "Feature", "properties": {"tipo": "Via Urbana", "id": null}, "geometry": {"type": "LineString", "coordinates": [[-44.151018, -20.081603], [-44.150948, -20.081618], [-44.150847, -20.081616], [-44.150809, -20.081581]]}}, {"type": "Feature", "properties": {"tipo": "Via Urbana", "id": null}, "geometry": {"type": "LineString", "coordinates": [[-44.151075, -20.082815], [-44.151018, -20.081603], [-44.151003, -20.081275]]}}, {"type": "Feature", "properties": {"tipo": "Via Urbana", "id": null}, "geometry": {"type": "LineString", "coordinates": [[-44.150096, -20.082848], [-44.151075, -20.082815]]}}, {"type": "Feature", "properties": {"tipo": "Via Urbana", "id": null}, "geometry": {"type": "LineString", "coordinates": [[-44.15012, -20.083257], [-44.149756, -20.08325]]}}, {"type": "Feature", "properties": {"tipo": "Via Urbana", "id": null}, "geometry": {"type": "LineString", "coordinates": [[-44.179634, -20.082744], [-44.179563, -20.082693], [-44.179384, -20.082585], [-44.17929, -20.08254], [-44.179223, -20.082515], [-44.179168, -20.082522], [-44.179105, -20.082558], [-44.178901, -20.082677], [-44.178798, -20.082697], [-44.178647, -20.082684], [-44.178457, -20.082632], [-44.178356, -20.082566], [-44.178313, -20.082498], [-44.178249, -20.082265], [-44.178252, -20.082141], [-44.178252, -20.082064], [-44.178211, -20.082023], [-44.178176, -20.082002], [-44.17813, -20.081993], [-44.178077, -20.082002], [-44.178026, -20.082027], [-44.177596, -20.082333], [-44.177236, -20.082605], [-44.177084, -20.082703], [-44.17699, -20.082784], [-44.176945, -20.082874], [-44.17696, -20.083012], [-44.177004, -20.083228], [-44.17702, -20.08346], [-44.177015, -20.08376], [-44.176983, -20.083921], [-44.176899, -20.084042], [-44.176794, -20.08413], [-44.176516, -20.084259], [-44.176256, -20.084343], [-44.176123, -20.084371], [-44.176094, -20.084396], [-44.176074, -20.084432], [-44.176094, -20.084485], [-44.1762, -20.084548], [-44.176434, -20.084638], [-44.176712, -20.084664], [-44.177219, -20.084764], [-44.177751, -20.084878], [-44.178201, -20.085027], [-44.178356, -20.085115]]}}, {"type": "Feature", "properties": {"tipo": "Via Urbana", "id": null}, "geometry": {"type": "LineString", "coordinates": [[-44.187116, -20.086026], [-44.187127, -20.086417], [-44.187154, -20.086859], [-44.187177, -20.08693], [-44.187226, -20.087004], [-44.187415, -20.08723], [-44.187504, -20.087404], [-44.187527, -20.087565], [-44.187574, -20.087737], [-44.187645, -20.087855], [-44.18782, -20.088033], [-44.188169, -20.0883], [-44.188555, -20.088599], [-44.188927, -20.088887], [-44.189006, -20.089017], [-44.189096, -20.089233], [-44.189132, -20.089431], [-44.189166, -20.089725], [-44.189161, -20.09009], [-44.189141, -20.090283], [-44.189099, -20.09042], [-44.189015, -20.09059], [-44.188815, -20.090823], [-44.188649, -20.09108], [-44.18842, -20.091337], [-44.188366, -20.091418], [-44.188315, -20.091505], [-44.188259, -20.091646], [-44.188067, -20.09204], [-44.187989, -20.092282], [-44.187857, -20.092535], [-44.187763, -20.09266], [-44.187682, -20.09273], [-44.187613, -20.092767], [-44.187489, -20.092793], [-44.187332, -20.092799], [-44.187222, -20.092816], [-44.186973, -20.09289], [-44.186624, -20.093021], [-44.186402, -20.093113], [-44.18625, -20.09317], [-44.186034, -20.093275], [-44.185815, -20.09344], [-44.185664, -20.093556], [-44.185496, -20.093647], [-44.185418, -20.09369], [-44.18531, -20.093734], [-44.185217, -20.093772], [-44.185054, -20.093817], [-44.184949, -20.093828], [-44.184697, -20.093831], [-44.184478, -20.093874], [-44.184308, -20.093966], [-44.184096, -20.094053]]}}, {"type": "Feature", "properties": {"tipo": "Via Urbana", "id": null}, "geometry": {"type": "LineString", "coordinates": [[-44.199723, -20.082004], [-44.199379, -20.081751], [-44.199205, -20.08168], [-44.19906, -20.081656], [-44.198876, -20.081635], [-44.198587, -20.081622], [-44.198435, -20.081605], [-44.198308, -20.081588], [-44.198104, -20.08159], [-44.197779, -20.081583], [-44.197582, -20.08158], [-44.197417, -20.081583], [-44.197294, -20.081592], [-44.1972, -20.081632], [-44.197091, -20.081716], [-44.197, -20.081775], [-44.196925, -20.081802], [-44.196854, -20.081808], [-44.196676, -20.081776], [-44.196456, -20.081717], [-44.196311, -20.081635], [-44.196178, -20.081543], [-44.196157, -20.081456], [-44.196165, -20.081355], [-44.196169, -20.081272]]}}, {"type": "Feature", "properties": {"tipo": "Via Urbana", "id": null}, "geometry": {"type": "LineString", "coordinates": [[-44.1594, -20.097565], [-44.15972, -20.097247], [-44.159822, -20.097078], [-44.159948, -20.096969], [-44.160163, -20.096869], [-44.160458, -20.096839], [-44.161321, -20.096328], [-44.161764, -20.096088], [-44.161943, -20.095904], [-44.161988, -20.095842], [-44.162024, -20.095758], [-44.162089, -20.095555], [-44.162366, -20.095055], [-44.162435, -20.094972], [-44.162523, -20.094906], [-44.162743, -20.094799], [-44.162962, -20.09471], [-44.16343, -20.094518], [-44.163471, -20.094514], [-44.163509, -20.094522], [-44.163541, -20.094537], [-44.16356, -20.094565], [-44.163555, -20.094601], [-44.163533, -20.094635], [-44.163461, -20.094705], [-44.163377, -20.09477], [-44.163175, -20.094869], [-44.163046, -20.094917], [-44.162657, -20.095073], [-44.162614, -20.095092], [-44.162577, -20.095125], [-44.162574, -20.095171], [-44.162583, -20.095218], [-44.162637, -20.095286], [-44.162699, -20.095345], [-44.162836, -20.095394], [-44.162913, -20.095405], [-44.163368, -20.095408], [-44.164322, -20.095429], [-44.164803, -20.095502], [-44.165415, -20.095602], [-44.166017, -20.095735], [-44.166607, -20.095744], [-44.167163, -20.095758], [-44.16778, -20.095657], [-44.168055, -20.095608], [-44.168301, -20.095587], [-44.16858, -20.095516], [-44.168847, -20.095422], [-44.169407, -20.095274], [-44.169588, -20.095194], [-44.169805, -20.094959], [-44.17002, -20.094804], [-44.170256, -20.094667], [-44.170428, -20.094595], [-44.170446, -20.094577], [-44.170461, -20.094552], [-44.17047, -20.094501], [-44.170468, -20.094452], [-44.17045, -20.094406], [-44.170401, -20.094317], [-44.170265, -20.094175], [-44.170189, -20.094117], [-44.170114, -20.094078], [-44.170095, -20.094051], [-44.170082, -20.094014], [-44.170078, -20.093985], [-44.170088, -20.093952], [-44.170129, -20.093904], [-44.170181, -20.093859], [-44.170259, -20.093825], [-44.17032, -20.093811], [-44.170391, -20.093811], [-44.170539, -20.093807], [-44.17082, -20.093808], [-44.17102, -20.093782], [-44.171093, -20.093753], [-44.171157, -20.09371], [-44.171208, -20.093663], [-44.171242, -20.093605], [-44.171297, -20.093483], [-44.17142, -20.093238], [-44.171775, -20.092837], [-44.171832, -20.092789], [-44.171939, -20.092772], [-44.171998, -20.09274], [-44.172032, -20.092689], [-44.172096, -20.092592], [-44.172155, -20.092455], [-44.172201, -20.092319], [-44.172211, -20.092178], [-44.172179, -20.091652], [-44.172198, -20.091498], [-44.172233, -20.09134], [-44.172353, -20.090997], [-44.172485, -20.090758], [-44.172643, -20.090591], [-44.172681, -20.09043], [-44.172622, -20.090105], [-44.17274, -20.089657], [-44.17278, -20.089108], [-44.172868, -20.088422], [-44.172903, -20.088151], [-44.1731, -20.087492], [-44.173198, -20.087386], [-44.173294, -20.087353], [-44.173668, -20.087364], [-44.173889, -20.087373]]}}, {"type": "Feature", "properties": {"tipo": "Via Urbana", "id": null}, "geometry": {"type": "LineString", "coordinates": [[-44.173422, -20.089554], [-44.173499, -20.089309], [-44.173585, -20.08909], [-44.1739, -20.088487], [-44.173897, -20.088435], [-44.173869, -20.088406], [-44.173606, -20.088221], [-44.173524, -20.088066], [-44.173519, -20.087935], [-44.173668, -20.087364]]}}, {"type": "Feature", "properties": {"tipo": "Via Urbana", "id": null}, "geometry": {"type": "LineString", "coordinates": [[-44.173294, -20.087353], [-44.173189, -20.087043], [-44.173047, -20.086769], [-44.172728, -20.086347], [-44.172614, -20.086143]]}}, {"type": "Feature", "properties": {"tipo": "Via Urbana", "id": null}, "geometry": {"type": "LineString", "coordinates": [[-44.182546, -20.082556], [-44.182334, -20.082258], [-44.18213, -20.081886], [-44.182122, -20.081813], [-44.182243, -20.081712], [-44.18242, -20.081601], [-44.1826, -20.081495], [-44.18272, -20.081387]]}}, {"type": "Feature", "properties": {"tipo": "Via Urbana", "id": null}, "geometry": {"type": "LineString", "coordinates": [[-44.185559, -20.085888], [-44.185539, -20.086171], [-44.185483, -20.086508], [-44.185421, -20.086883], [-44.185389, -20.087203]]}}, {"type": "Feature", "properties": {"tipo": "Via Urbana", "id": null}, "geometry": {"type": "LineString", "coordinates": [[-44.210095, -20.065934], [-44.210478, -20.065838], [-44.211122, -20.065651], [-44.211353, -20.065578], [-44.211951, -20.065415], [-44.212458, -20.065294]]}}, {"type": "Feature", "properties": {"tipo": "Via Urbana", "id": null}, "geometry": {"type": "LineString", "coordinates": [[-44.19646, -20.058475], [-44.196554, -20.058393], [-44.196602, -20.058316], [-44.196715, -20.058053], [-44.196719, -20.058004], [-44.1967, -20.057929], [-44.196659, -20.057866], [-44.196568, -20.057752], [-44.196517, -20.057629], [-44.196466, -20.057506], [-44.196425, -20.057382], [-44.196246, -20.056901], [-44.196202, -20.056787]]}}, {"type": "Feature", "properties": {"tipo": "Via Urbana", "id": null}, "geometry": {"type": "LineString", "coordinates": [[-44.194501, -20.051418], [-44.194663, -20.051421], [-44.194864, -20.051423]]}}, {"type": "Feature", "properties": {"tipo": "Via Urbana", "id": null}, "geometry": {"type": "LineString", "coordinates": [[-44.18814, -20.051666], [-44.188156, -20.05152], [-44.188152, -20.051124]]}}, {"type": "Feature", "properties": {"tipo": "Via Urbana", "id": null}, "geometry": {"type": "LineString", "coordinates": [[-44.204562, -20.081966], [-44.204451, -20.081855], [-44.204366, -20.081792], [-44.204248, -20.081787], [-44.204017, -20.081835], [-44.203722, -20.081906], [-44.203572, -20.081911], [-44.203301, -20.081898], [-44.202957, -20.081923], [-44.202729, -20.081916], [-44.202536, -20.081878], [-44.202142, -20.081702], [-44.201815, -20.08155], [-44.201561, -20.081516], [-44.201411, -20.081519], [-44.201111, -20.081557], [-44.200974, -20.081569], [-44.200839, -20.081597], [-44.20057, -20.081687], [-44.200238, -20.081825], [-44.199991, -20.081975], [-44.199881, -20.082015], [-44.19981, -20.08203], [-44.199723, -20.082004]]}}, {"type": "Feature", "properties": {"tipo": "Via Urbana", "id": null}, "geometry": {"type": "LineString", "coordinates": [[-44.199723, -20.082004], [-44.19844, -20.082645], [-44.197613, -20.082665], [-44.196631, -20.083193], [-44.196212, -20.083566], [-44.195628, -20.084156], [-44.195026, -20.084869]]}}, {"type": "Feature", "properties": {"tipo": "Via Urbana", "id": null}, "geometry": {"type": "LineString", "coordinates": [[-44.147468, -20.079077], [-44.147273, -20.079749], [-44.146783, -20.081267], [-44.146721, -20.081669], [-44.146293, -20.082179], [-44.146324, -20.083012], [-44.146689, -20.083648], [-44.146658, -20.083952], [-44.146606, -20.084619], [-44.146606, -20.085226], [-44.146439, -20.085784], [-44.145583, -20.086657], [-44.145114, -20.086755], [-44.14502, -20.086931], [-44.145062, -20.087323], [-44.14527, -20.087577], [-44.145302, -20.088254], [-44.145333, -20.088832], [-44.144999, -20.0894], [-44.144916, -20.089821], [-44.144968, -20.090311], [-44.14478, -20.090997]]}}, {"type": "Feature", "properties": {"tipo": "Via Urbana", "id": null}, "geometry": {"type": "LineString", "coordinates": [[-44.151154, -20.081074], [-44.15077, -20.081011], [-44.150379, -20.080943]]}}, {"type": "Feature", "properties": {"tipo": "Via Urbana", "id": null}, "geometry": {"type": "LineString", "coordinates": [[-44.150763, -20.08061], [-44.150544, -20.080819], [-44.150379, -20.080943]]}}, {"type": "Feature", "properties": {"tipo": "Via Urbana", "id": null}, "geometry": {"type": "LineString", "coordinates": [[-44.151296, -20.077521], [-44.151415, -20.077716], [-44.151619, -20.07797], [-44.151695, -20.078185], [-44.151739, -20.078367], [-44.15177, -20.078669], [-44.151759, -20.079014], [-44.151716, -20.079132], [-44.151572, -20.079237], [-44.151515, -20.079314], [-44.151457, -20.079494], [-44.15137, -20.079669], [-44.150888, -20.080415], [-44.150763, -20.08061]]}}, {"type": "Feature", "properties": {"tipo": "Via Urbana", "id": null}, "geometry": {"type": "LineString", "coordinates": [[-44.153711, -20.060473], [-44.153721, -20.06057]]}}, {"type": "Feature", "properties": {"tipo": "Via Urbana", "id": null}, "geometry": {"type": "LineString", "coordinates": [[-44.15595, -20.060118], [-44.155864, -20.059944]]}}, {"type": "Feature", "properties": {"tipo": "Via Urbana", "id": null}, "geometry": {"type": "LineString", "coordinates": [[-44.155533, -20.060226], [-44.155482, -20.06007]]}}, {"type": "Feature", "properties": {"tipo": "Via Urbana", "id": null}, "geometry": {"type": "LineString", "coordinates": [[-44.157659, -20.060179], [-44.158006, -20.060421]]}}, {"type": "Feature", "properties": {"tipo": "Via Urbana", "id": null}, "geometry": {"type": "LineString", "coordinates": [[-44.155485, -20.054699], [-44.155705, -20.055445]]}}, {"type": "Feature", "properties": {"tipo": "Via Urbana", "id": null}, "geometry": {"type": "LineString", "coordinates": [[-44.158191, -20.058725], [-44.157981, -20.058872]]}}, {"type": "Feature", "properties": {"tipo": "Via Urbana", "id": null}, "geometry": {"type": "LineString", "coordinates": [[-44.151534, -20.058249], [-44.151885, -20.058917]]}}, {"type": "Feature", "properties": {"tipo": "Via Urbana", "id": null}, "geometry": {"type": "LineString", "coordinates": [[-44.174998, -20.061604], [-44.17491, -20.061575], [-44.1749, -20.061575], [-44.174842, -20.061583], [-44.174588, -20.061622], [-44.174327, -20.061596], [-44.174281, -20.061609], [-44.174258, -20.061654], [-44.174419, -20.062531], [-44.174404, -20.062595], [-44.174348, -20.062643], [-44.174085, -20.062704], [-44.173988, -20.062685], [-44.173931, -20.062648], [-44.173473, -20.061555], [-44.173451, -20.061313], [-44.17348, -20.061074], [-44.173594, -20.060892], [-44.173605, -20.060851], [-44.173598, -20.060805], [-44.17352, -20.060529]]}}, {"type": "Feature", "properties": {"tipo": "Via Urbana", "id": null}, "geometry": {"type": "LineString", "coordinates": [[-44.177058, -20.065328], [-44.176767, -20.065684], [-44.176593, -20.065898], [-44.17639, -20.06609], [-44.176227, -20.066204], [-44.176059, -20.066309], [-44.175689, -20.066541], [-44.174949, -20.066976]]}}, {"type": "Feature", "properties": {"tipo": "Via Urbana", "id": null}, "geometry": {"type": "LineString", "coordinates": [[-44.174949, -20.066976], [-44.175657, -20.067121], [-44.175718, -20.067123], [-44.175772, -20.067111], [-44.176276, -20.0668], [-44.176634, -20.066592], [-44.17685, -20.066474], [-44.176881, -20.066444], [-44.177322, -20.065886], [-44.177837, -20.065255], [-44.178001, -20.065116], [-44.178053, -20.06509], [-44.178112, -20.065077], [-44.17914, -20.064947], [-44.179158, -20.064927], [-44.179148, -20.064894], [-44.179051, -20.064603], [-44.179019, -20.064544], [-44.17897, -20.064502], [-44.178901, -20.064505], [-44.17841, -20.064573], [-44.17813, -20.064596], [-44.177851, -20.06466], [-44.177581, -20.064767], [-44.177483, -20.064841], [-44.177395, -20.064943], [-44.177242, -20.065136], [-44.177058, -20.065328]]}}, {"type": "Feature", "properties": {"tipo": "Via Urbana", "id": null}, "geometry": {"type": "LineString", "coordinates": [[-44.163294, -20.075808], [-44.16387, -20.076149]]}}, {"type": "Feature", "properties": {"tipo": "Via Urbana", "id": null}, "geometry": {"type": "LineString", "coordinates": [[-44.192826, -20.051811], [-44.192809, -20.050596], [-44.192801, -20.050559], [-44.192781, -20.050535], [-44.192743, -20.050515], [-44.192533, -20.050517]]}}, {"type": "Feature", "properties": {"tipo": "Via Urbana", "id": null}, "geometry": {"type": "LineString", "coordinates": [[-44.179849, -20.054286], [-44.179839, -20.05413], [-44.179864, -20.05409], [-44.179939, -20.05411], [-44.180264, -20.054322]]}}, {"type": "Feature", "properties": {"tipo": "Via Urbana", "id": null}, "geometry": {"type": "LineString", "coordinates": [[-44.200482, -20.060219], [-44.200395, -20.060488], [-44.20036, -20.060667], [-44.200392, -20.060823]]}}, {"type": "Feature", "properties": {"tipo": "Via Urbana", "id": null}, "geometry": {"type": "LineString", "coordinates": [[-44.203482, -20.061225], [-44.203562, -20.060987], [-44.203569, -20.060929], [-44.203536, -20.060878], [-44.203435, -20.060847], [-44.203269, -20.060823]]}}, {"type": "Feature", "properties": {"tipo": "Via Urbana", "id": null}, "geometry": {"type": "LineString", "coordinates": [[-44.180456, -20.072907], [-44.17996, -20.07294], [-44.179539, -20.072995]]}}, {"type": "Feature", "properties": {"tipo": "Via Urbana", "id": null}, "geometry": {"type": "LineString", "coordinates": [[-44.186336, -20.064064], [-44.186438, -20.063848], [-44.186443, -20.063727], [-44.186427, -20.063671], [-44.186389, -20.063623], [-44.186124, -20.063386], [-44.185571, -20.062951], [-44.184831, -20.062358], [-44.184278, -20.06191]]}}, {"type": "Feature", "properties": {"tipo": "Via Urbana", "id": null}, "geometry": {"type": "LineString", "coordinates": [[-44.1861, -20.066599], [-44.186159, -20.066357], [-44.186105, -20.066145], [-44.18551, -20.065665]]}}, {"type": "Feature", "properties": {"tipo": "Via Urbana", "id": null}, "geometry": {"type": "LineString", "coordinates": [[-44.18551, -20.065665], [-44.185443, -20.065908], [-44.18537, -20.065976], [-44.185284, -20.066029], [-44.18412, -20.066191]]}}, {"type": "Feature", "properties": {"tipo": "Via Urbana", "id": null}, "geometry": {"type": "LineString", "coordinates": [[-44.185617, -20.068261], [-44.185675, -20.067988], [-44.185659, -20.067909], [-44.185628, -20.067863], [-44.18553, -20.0678], [-44.185152, -20.067649], [-44.184469, -20.067418], [-44.183833, -20.067192]]}}, {"type": "Feature", "properties": {"tipo": "Via Urbana", "id": null}, "geometry": {"type": "LineString", "coordinates": [[-44.195634, -20.060342], [-44.195431, -20.061036], [-44.195339, -20.06139], [-44.195324, -20.061482], [-44.195332, -20.061528], [-44.195403, -20.061646], [-44.195619, -20.06193]]}}, {"type": "Feature", "properties": {"tipo": "Via Urbana", "id": null}, "geometry": {"type": "LineString", "coordinates": [[-44.206482, -20.085473], [-44.206802, -20.085997], [-44.207174, -20.086438], [-44.207319, -20.086625], [-44.2074, -20.086752], [-44.207653, -20.087016], [-44.207767, -20.087115]]}}, {"type": "Feature", "properties": {"tipo": "Via Urbana", "id": null}, "geometry": {"type": "LineString", "coordinates": [[-44.209061, -20.083195], [-44.208951, -20.083061], [-44.208381, -20.082361]]}}, {"type": "Feature", "properties": {"tipo": "Via Urbana", "id": null}, "geometry": {"type": "LineString", "coordinates": [[-44.209385, -20.08359], [-44.209061, -20.083195]]}}, {"type": "Feature", "properties": {"tipo": "Via Urbana", "id": null}, "geometry": {"type": "LineString", "coordinates": [[-44.159995, -20.074213], [-44.159173, -20.074663], [-44.159085, -20.074832], [-44.159068, -20.075066], [-44.159173, -20.075497], [-44.159567, -20.0765], [-44.159715, -20.077059], [-44.159782, -20.077383], [-44.159775, -20.077441], [-44.159642, -20.077928], [-44.159593, -20.077992], [-44.1595, -20.078127], [-44.15948, -20.078201], [-44.159496, -20.078351], [-44.159465, -20.07847], [-44.159267, -20.078729], [-44.159228, -20.078808], [-44.159232, -20.078863], [-44.159266, -20.078948], [-44.159498, -20.079111]]}}, {"type": "Feature", "properties": {"tipo": "Via Urbana", "id": null}, "geometry": {"type": "LineString", "coordinates": [[-44.172162, -20.087339], [-44.172868, -20.088422]]}}, {"type": "Feature", "properties": {"tipo": "Via Urbana", "id": null}, "geometry": {"type": "LineString", "coordinates": [[-44.178222, -20.087555], [-44.177627, -20.087373], [-44.177277, -20.087302], [-44.177236, -20.087275], [-44.177214, -20.087239], [-44.176998, -20.086403]]}}, {"type": "Feature", "properties": {"tipo": "Via Urbana", "id": null}, "geometry": {"type": "LineString", "coordinates": [[-44.179263, -20.08355], [-44.179559, -20.083973], [-44.179704, -20.08426], [-44.179754, -20.084523], [-44.17979, -20.084608], [-44.179949, -20.084757]]}}, {"type": "Feature", "properties": {"tipo": "Via Urbana", "id": null}, "geometry": {"type": "LineString", "coordinates": [[-44.188055, -20.092879], [-44.188082, -20.092992], [-44.188244, -20.09339], [-44.188313, -20.093525], [-44.188398, -20.093581], [-44.188559, -20.093607]]}}, {"type": "Feature", "properties": {"tipo": "Via Urbana", "id": null}, "geometry": {"type": "LineString", "coordinates": [[-44.190529, -20.086604], [-44.190763, -20.086706], [-44.190906, -20.086825], [-44.190942, -20.086945], [-44.190646, -20.087813]]}}, {"type": "Feature", "properties": {"tipo": "Via Urbana", "id": null}, "geometry": {"type": "LineString", "coordinates": [[-44.148699, -20.074741], [-44.148669, -20.074718], [-44.148637, -20.074706], [-44.148607, -20.074705], [-44.148582, -20.07471], [-44.14856, -20.074718]]}}, {"type": "Feature", "properties": {"tipo": "Via Urbana", "id": null}, "geometry": {"type": "LineString", "coordinates": [[-44.192412, -20.054207], [-44.19243, -20.054384], [-44.192504, -20.054423], [-44.192552, -20.054406], [-44.192569, -20.054369], [-44.192565, -20.054328], [-44.192528, -20.054271], [-44.192412, -20.054207]]}}, {"type": "Feature", "properties": {"tipo": "Via Urbana", "id": null}, "geometry": {"type": "LineString", "coordinates": [[-44.166047, -20.075117], [-44.16627, -20.07345], [-44.167163, -20.070693], [-44.166957, -20.068097], [-44.166579, -20.066308], [-44.167043, -20.064147], [-44.16766, -20.062905], [-44.167678, -20.061761], [-44.168193, -20.061148], [-44.168746, -20.060876]]}}, {"type": "Feature", "properties": {"tipo": "Via Urbana", "id": null}, "geometry": {"type": "LineString", "coordinates": [[-44.18056, -20.083195], [-44.18093, -20.082012], [-44.182938, -20.079755], [-44.183127, -20.07882], [-44.183402, -20.076772], [-44.183215, -20.075989]]}}, {"type": "Feature", "properties": {"tipo": "Via Urbana", "id": null}, "geometry": {"type": "LineString", "coordinates": [[-44.19016, -20.054661], [-44.190852, -20.054375], [-44.192157, -20.05465], [-44.193084, -20.05473], [-44.193478, -20.054548]]}}, {"type": "Feature", "properties": {"tipo": "Via Urbana", "id": null}, "geometry": {"type": "LineString", "coordinates": [[-44.190023, -20.081732], [-44.188375, -20.0792], [-44.187757, -20.076814], [-44.187928, -20.075266], [-44.187791, -20.070913], [-44.18774, -20.068398], [-44.188632, -20.066672], [-44.191018, -20.065366], [-44.192529, -20.064915], [-44.195086, -20.061948], [-44.19538, -20.061708]]}}, {"type": "Feature", "properties": {"tipo": "Via Urbana", "id": null}, "geometry": {"type": "LineString", "coordinates": [[-44.178913, -20.097983], [-44.181971, -20.096209], [-44.184426, -20.095435], [-44.185988, -20.094726], [-44.187275, -20.093436], [-44.188975, -20.092114], [-44.19052, -20.089502], [-44.193421, -20.087003], [-44.195615, -20.085142]]}}, {"type": "Feature", "properties": {"tipo": "Via Urbana", "id": null}, "geometry": {"type": "LineString", "coordinates": [[-44.13394, -20.097753], [-44.137614, -20.097769], [-44.139811, -20.096996], [-44.142214, -20.094884], [-44.144772, -20.092127], [-44.145648, -20.089322], [-44.146265, -20.088838], [-44.146986, -20.08887], [-44.147536, -20.088935], [-44.148463, -20.088161], [-44.148531, -20.087323], [-44.148102, -20.087113], [-44.147673, -20.086726]]}}, {"type": "Feature", "properties": {"tipo": "Via Urbana", "id": null}, "geometry": {"type": "LineString", "coordinates": [[-44.150207, -20.080783], [-44.151484, -20.079116], [-44.151381, -20.078407], [-44.150677, -20.078004], [-44.149029, -20.077682], [-44.148514, -20.077085], [-44.148669, -20.076633], [-44.149613, -20.07623], [-44.149905, -20.075763], [-44.150317, -20.074199], [-44.151467, -20.073893], [-44.152222, -20.073086], [-44.152509, -20.070413]]}}, {"type": "Feature", "properties": {"tipo": "Via Urbana", "id": null}, "geometry": {"type": "LineString", "coordinates": [[-44.194588, -20.07436], [-44.196614, -20.073054], [-44.198914, -20.0712], [-44.201043, -20.070071], [-44.202261, -20.07012], [-44.203429, -20.070555], [-44.204836, -20.070845], [-44.20566, -20.071506], [-44.20639, -20.07252]]}}, {"type": "Feature", "properties": {"tipo": "Via Urbana", "id": null}, "geometry": {"type": "LineString", "coordinates": [[-44.193301, -20.093672], [-44.196356, -20.088835], [-44.197815, -20.086353], [-44.19924, -20.085676], [-44.200803, -20.085851]]}}, {"type": "Feature", "properties": {"tipo": "Via Urbana", "id": null}, "geometry": {"type": "LineString", "coordinates": [[-44.176349, -20.095055], [-44.177551, -20.093265], [-44.177379, -20.092459], [-44.175971, -20.089493], [-44.174942, -20.08676]]}}, {"type": "Feature", "properties": {"tipo": "Via Urbana", "id": null}, "geometry": {"type": "LineString", "coordinates": [[-44.158833, -20.074126], [-44.159365, -20.071546], [-44.159396, -20.070026], [-44.15873, -20.069434], [-44.158405, -20.069357]]}}, {"type": "Feature", "properties": {"tipo": "Via Urbana", "id": null}, "geometry": {"type": "LineString", "coordinates": [[-44.161755, -20.090427], [-44.162391, -20.087074], [-44.163215, -20.085397], [-44.165034, -20.082931], [-44.16531, -20.082242]]}}, {"type": "Feature", "properties": {"tipo": "Via Urbana", "id": null}, "geometry": {"type": "LineString", "coordinates": [[-44.166104, -20.078166], [-44.166095, -20.078003]]}}, {"type": "Feature", "properties": {"tipo": "Via Urbana", "id": null}, "geometry": {"type": "LineString", "coordinates": [[-44.158299, -20.069333], [-44.15516, -20.068595], [-44.153489, -20.068379]]}}, {"type": "Feature", "properties": {"tipo": "Via Urbana", "id": null}, "geometry": {"type": "LineString", "coordinates": [[-44.158405, -20.069357], [-44.158299, -20.069333]]}}, {"type": "Feature", "properties": {"tipo": "Via Urbana", "id": null}, "geometry": {"type": "LineString", "coordinates": [[-44.153376, -20.068364], [-44.152737, -20.068282]]}}, {"type": "Feature", "properties": {"tipo": "Via Urbana", "id": null}, "geometry": {"type": "LineString", "coordinates": [[-44.153489, -20.068379], [-44.153376, -20.068364]]}}, {"type": "Feature", "properties": {"tipo": "Via Urbana", "id": null}, "geometry": {"type": "LineString", "coordinates": [[-44.15252, -20.070306], [-44.152737, -20.068282], [-44.151845, -20.066185], [-44.151845, -20.065782], [-44.152445, -20.065331], [-44.153286, -20.063589], [-44.153664, -20.062203], [-44.152982, -20.060552]]}}, {"type": "Feature", "properties": {"tipo": "Via Urbana", "id": null}, "geometry": {"type": "LineString", "coordinates": [[-44.152509, -20.070413], [-44.15252, -20.070306]]}}, {"type": "Feature", "properties": {"tipo": "Via Urbana", "id": null}, "geometry": {"type": "LineString", "coordinates": [[-44.150053, -20.075367], [-44.150261, -20.075436], [-44.150447, -20.075494], [-44.150662, -20.07556], [-44.150745, -20.075588], [-44.15127, -20.075762], [-44.15157, -20.07588]]}}, {"type": "Feature", "properties": {"tipo": "Via Urbana", "id": null}, "geometry": {"type": "LineString", "coordinates": [[-44.149972, -20.07534], [-44.150053, -20.075367]]}}, {"type": "Feature", "properties": {"tipo": "Via Urbana", "id": null}, "geometry": {"type": "LineString", "coordinates": [[-44.152762, -20.06002], [-44.152531, -20.059462], [-44.151621, -20.056624]]}}, {"type": "Feature", "properties": {"tipo": "Via Urbana", "id": null}, "geometry": {"type": "LineString", "coordinates": [[-44.152982, -20.060552], [-44.152926, -20.060418]]}}, {"type": "Feature", "properties": {"tipo": "Via Urbana", "id": null}, "geometry": {"type": "LineString", "coordinates": [[-44.152926, -20.060418], [-44.152815, -20.060148]]}}, {"type": "Feature", "properties": {"tipo": "Via Urbana", "id": null}, "geometry": {"type": "LineString", "coordinates": [[-44.152815, -20.060148], [-44.152762, -20.06002]]}}, {"type": "Feature", "properties": {"tipo": "Via Urbana", "id": null}, "geometry": {"type": "LineString", "coordinates": [[-44.170567, -20.060892], [-44.170375, -20.060602], [-44.17021, -20.060227], [-44.170249, -20.059969]]}}, {"type": "Feature", "properties": {"tipo": "Via Urbana", "id": null}, "geometry": {"type": "LineString", "coordinates": [[-44.170249, -20.059969], [-44.170256, -20.059918]]}}, {"type": "Feature", "properties": {"tipo": "Via Urbana", "id": null}, "geometry": {"type": "LineString", "coordinates": [[-44.181665, -20.048593], [-44.182551, -20.047154]]}}, {"type": "Feature", "properties": {"tipo": "Via Urbana", "id": null}, "geometry": {"type": "LineString", "coordinates": [[-44.180658, -20.049908], [-44.180717, -20.049845]]}}, {"type": "Feature", "properties": {"tipo": "Via Urbana", "id": null}, "geometry": {"type": "LineString", "coordinates": [[-44.180717, -20.049845], [-44.181222, -20.049312], [-44.181607, -20.048687]]}}, {"type": "Feature", "properties": {"tipo": "Via Urbana", "id": null}, "geometry": {"type": "LineString", "coordinates": [[-44.181607, -20.048687], [-44.181665, -20.048593]]}}, {"type": "Feature", "properties": {"tipo": "Via Urbana", "id": null}, "geometry": {"type": "LineString", "coordinates": [[-44.183007, -20.061567], [-44.183797, -20.060019], [-44.185119, -20.058874], [-44.186925, -20.056962]]}}, {"type": "Feature", "properties": {"tipo": "Via Urbana", "id": null}, "geometry": {"type": "LineString", "coordinates": [[-44.188074, -20.055673], [-44.188147, -20.055589]]}}, {"type": "Feature", "properties": {"tipo": "Via Urbana", "id": null}, "geometry": {"type": "LineString", "coordinates": [[-44.186995, -20.056888], [-44.187281, -20.056584], [-44.188074, -20.055673]]}}, {"type": "Feature", "properties": {"tipo": "Via Urbana", "id": null}, "geometry": {"type": "LineString", "coordinates": [[-44.186925, -20.056962], [-44.186995, -20.056888]]}}, {"type": "Feature", "properties": {"tipo": "Via Urbana", "id": null}, "geometry": {"type": "LineString", "coordinates": [[-44.189538, -20.054959], [-44.189747, -20.055068], [-44.189937, -20.055048], [-44.190078, -20.055001], [-44.190143, -20.054919]]}}, {"type": "Feature", "properties": {"tipo": "Via Urbana", "id": null}, "geometry": {"type": "LineString", "coordinates": [[-44.189452, -20.054914], [-44.189538, -20.054959]]}}, {"type": "Feature", "properties": {"tipo": "Via Urbana", "id": null}, "geometry": {"type": "LineString", "coordinates": [[-44.196282, -20.060972], [-44.197566, -20.059924], [-44.198256, -20.058137]]}}, {"type": "Feature", "properties": {"tipo": "Via Urbana", "id": null}, "geometry": {"type": "LineString", "coordinates": [[-44.19538, -20.061708], [-44.195467, -20.061637]]}}, {"type": "Feature", "properties": {"tipo": "Via Urbana", "id": null}, "geometry": {"type": "LineString", "coordinates": [[-44.193573, -20.054503], [-44.194243, -20.054193], [-44.194697, -20.053569], [-44.195006, -20.052038]]}}, {"type": "Feature", "properties": {"tipo": "Via Urbana", "id": null}, "geometry": {"type": "LineString", "coordinates": [[-44.193478, -20.054548], [-44.193573, -20.054503]]}}, {"type": "Feature", "properties": {"tipo": "Via Urbana", "id": null}, "geometry": {"type": "LineString", "coordinates": [[-44.196496, -20.060851], [-44.1966, -20.060946], [-44.197159, -20.061286], [-44.197779, -20.061446], [-44.198549, -20.061466], [-44.199419, -20.061226], [-44.200358, -20.060986], [-44.201098, -20.060906], [-44.201612, -20.060992], [-44.202431, -20.061147], [-44.204839, -20.061692], [-44.208554, -20.062531], [-44.209099, -20.062692], [-44.209784, -20.063014], [-44.211826, -20.06403], [-44.212167, -20.064258], [-44.212421, -20.06454], [-44.212675, -20.064889], [-44.212782, -20.065163], [-44.212871, -20.065585], [-44.212888, -20.065883], [-44.212845, -20.066176], [-44.212756, -20.066509], [-44.212583, -20.066853], [-44.212274, -20.067246], [-44.211968, -20.067476], [-44.211671, -20.067652], [-44.211181, -20.067826], [-44.210569, -20.067966], [-44.210076, -20.068143], [-44.209716, -20.068324], [-44.209367, -20.068622], [-44.209006, -20.069045], [-44.20838, -20.069879], [-44.206743, -20.071985], [-44.206505, -20.072355], [-44.206364, -20.072679], [-44.20629, -20.072974], [-44.206213, -20.073328], [-44.206141, -20.073938], [-44.205969, -20.075183], [-44.205951, -20.075651], [-44.205976, -20.075986], [-44.206066, -20.07639], [-44.206208, -20.077156], [-44.206265, -20.077462], [-44.206837, -20.080398], [-44.206874, -20.080804], [-44.206877, -20.081096], [-44.206902, -20.081309], [-44.206835, -20.081717], [-44.20672, -20.082296], [-44.206705, -20.082493], [-44.206713, -20.08272], [-44.206759, -20.082926], [-44.206869, -20.083198], [-44.206952, -20.083373], [-44.207069, -20.083536], [-44.207249, -20.083756], [-44.207397, -20.083908]]}}, {"type": "Feature", "properties": {"tipo": "Via Urbana", "id": null}, "geometry": {"type": "LineString", "coordinates": [[-44.196435, -20.060794], [-44.196496, -20.060851]]}}, {"type": "Feature", "properties": {"tipo": "Via Urbana", "id": null}, "geometry": {"type": "LineString", "coordinates": [[-44.188147, -20.055589], [-44.188277, -20.05544], [-44.188689, -20.055269]]}}, {"type": "Feature", "properties": {"tipo": "Via Urbana", "id": null}, "geometry": {"type": "LineString", "coordinates": [[-44.188689, -20.055269], [-44.188769, -20.055236]]}}, {"type": "Feature", "properties": {"tipo": "Via Urbana", "id": null}, "geometry": {"type": "LineString", "coordinates": [[-44.190143, -20.054919], [-44.190103, -20.054902], [-44.190072, -20.054873], [-44.190041, -20.054755]]}}, {"type": "Feature", "properties": {"tipo": "Via Urbana", "id": null}, "geometry": {"type": "LineString", "coordinates": [[-44.190041, -20.054755], [-44.190019, -20.054673]]}}, {"type": "Feature", "properties": {"tipo": "Via Urbana", "id": null}, "geometry": {"type": "LineString", "coordinates": [[-44.195467, -20.061637], [-44.196195, -20.061043]]}}, {"type": "Feature", "properties": {"tipo": "Via Urbana", "id": null}, "geometry": {"type": "LineString", "coordinates": [[-44.196195, -20.061043], [-44.196282, -20.060972]]}}, {"type": "Feature", "properties": {"tipo": "Via Urbana", "id": null}, "geometry": {"type": "LineString", "coordinates": [[-44.188769, -20.055236], [-44.190094, -20.054689]]}}, {"type": "Feature", "properties": {"tipo": "Via Urbana", "id": null}, "geometry": {"type": "LineString", "coordinates": [[-44.190094, -20.054689], [-44.19016, -20.054661]]}}, {"type": "Feature", "properties": {"tipo": "Via Urbana", "id": null}, "geometry": {"type": "LineString", "coordinates": [[-44.180525, -20.068485], [-44.180363, -20.067211], [-44.181428, -20.066034], [-44.182647, -20.065018], [-44.183007, -20.061567]]}}, {"type": "Feature", "properties": {"tipo": "Via Urbana", "id": null}, "geometry": {"type": "LineString", "coordinates": [[-44.180539, -20.068592], [-44.180525, -20.068485]]}}, {"type": "Feature", "properties": {"tipo": "Via Urbana", "id": null}, "geometry": {"type": "LineString", "coordinates": [[-44.179433, -20.052261], [-44.179274, -20.052194], [-44.179121, -20.052121], [-44.178587, -20.051898], [-44.178378, -20.051814], [-44.178207, -20.051795], [-44.178062, -20.051814], [-44.177925, -20.051873], [-44.177811, -20.05199], [-44.177703, -20.052213], [-44.177567, -20.052537], [-44.177165, -20.053413], [-44.177045, -20.053669], [-44.176932, -20.053841], [-44.17683, -20.053948], [-44.176732, -20.054026], [-44.176591, -20.054111], [-44.176414, -20.054209], [-44.175635, -20.054561]]}}, {"type": "Feature", "properties": {"tipo": "Via Urbana", "id": null}, "geometry": {"type": "LineString", "coordinates": [[-44.175635, -20.054561], [-44.175567, -20.054591]]}}, {"type": "Feature", "properties": {"tipo": "Via Urbana", "id": null}, "geometry": {"type": "LineString", "coordinates": [[-44.168848, -20.060827], [-44.169377, -20.060567], [-44.172021, -20.058616], [-44.174475, -20.057955], [-44.174867, -20.057364], [-44.175214, -20.055343], [-44.175969, -20.053795], [-44.176862, -20.051682], [-44.178029, -20.050715], [-44.180398, -20.050183], [-44.180658, -20.049908]]}}, {"type": "Feature", "properties": {"tipo": "Via Urbana", "id": null}, "geometry": {"type": "LineString", "coordinates": [[-44.168746, -20.060876], [-44.168848, -20.060827]]}}, {"type": "Feature", "properties": {"tipo": "Via Urbana", "id": null}, "geometry": {"type": "LineString", "coordinates": [[-44.166023, -20.077468], [-44.165891, -20.077396], [-44.165365, -20.077022], [-44.165244, -20.076864], [-44.165181, -20.076719], [-44.165006, -20.076512], [-44.164973, -20.076416], [-44.164969, -20.076323], [-44.165018, -20.075981], [-44.16512, -20.075531], [-44.16514, -20.075377], [-44.165129, -20.075307], [-44.165102, -20.075245], [-44.165012, -20.075181], [-44.164898, -20.075138], [-44.164795, -20.07508], [-44.164735, -20.075041], [-44.16469, -20.074989], [-44.164645, -20.074863]]}}, {"type": "Feature", "properties": {"tipo": "Via Urbana", "id": null}, "geometry": {"type": "LineString", "coordinates": [[-44.166106, -20.077512], [-44.166023, -20.077468]]}}, {"type": "Feature", "properties": {"tipo": "Via Urbana", "id": null}, "geometry": {"type": "LineString", "coordinates": [[-44.175137, -20.087157], [-44.175234, -20.087154], [-44.175828, -20.087086], [-44.176105, -20.087006], [-44.176347, -20.086757]]}}, {"type": "Feature", "properties": {"tipo": "Via Urbana", "id": null}, "geometry": {"type": "LineString", "coordinates": [[-44.175048, -20.08716], [-44.175137, -20.087157]]}}, {"type": "Feature", "properties": {"tipo": "Via Urbana", "id": null}, "geometry": {"type": "LineString", "coordinates": [[-44.167352, -20.096408], [-44.169288, -20.0965], [-44.170716, -20.095909], [-44.172278, -20.094151], [-44.173205, -20.089879], [-44.173657, -20.088323]]}}, {"type": "Feature", "properties": {"tipo": "Via Urbana", "id": null}, "geometry": {"type": "LineString", "coordinates": [[-44.173657, -20.088323], [-44.173689, -20.088214]]}}, {"type": "Feature", "properties": {"tipo": "Via Urbana", "id": null}, "geometry": {"type": "LineString", "coordinates": [[-44.173976, -20.087377], [-44.174089, -20.087382], [-44.174287, -20.087342], [-44.174431, -20.08721], [-44.174525, -20.087176], [-44.175048, -20.08716]]}}, {"type": "Feature", "properties": {"tipo": "Via Urbana", "id": null}, "geometry": {"type": "LineString", "coordinates": [[-44.173889, -20.087373], [-44.173976, -20.087377]]}}, {"type": "Feature", "properties": {"tipo": "Via Urbana", "id": null}, "geometry": {"type": "LineString", "coordinates": [[-44.173689, -20.088214], [-44.174029, -20.087042], [-44.17475, -20.086784], [-44.174942, -20.08676], [-44.176192, -20.086607], [-44.177887, -20.08604], [-44.179179, -20.085123], [-44.179701, -20.084503]]}}, {"type": "Feature", "properties": {"tipo": "Via Urbana", "id": null}, "geometry": {"type": "LineString", "coordinates": [[-44.180521, -20.083318], [-44.18056, -20.083195]]}}, {"type": "Feature", "properties": {"tipo": "Via Urbana", "id": null}, "geometry": {"type": "LineString", "coordinates": [[-44.183232, -20.077726], [-44.183145, -20.077747], [-44.183047, -20.077786], [-44.182973, -20.077842]]}}, {"type": "Feature", "properties": {"tipo": "Via Urbana", "id": null}, "geometry": {"type": "LineString", "coordinates": [[-44.183292, -20.077711], [-44.183232, -20.077726]]}}, {"type": "Feature", "properties": {"tipo": "Via Urbana", "id": null}, "geometry": {"type": "LineString", "coordinates": [[-44.183189, -20.075879], [-44.183144, -20.075692], [-44.18184, -20.074724], [-44.181754, -20.073241], [-44.181428, -20.071435], [-44.180758, -20.070322], [-44.180539, -20.068592]]}}, {"type": "Feature", "properties": {"tipo": "Via Urbana", "id": null}, "geometry": {"type": "LineString", "coordinates": [[-44.183215, -20.075989], [-44.183189, -20.075879]]}}, {"type": "Feature", "properties": {"tipo": "Via Urbana", "id": null}, "geometry": {"type": "LineString", "coordinates": [[-44.195727, -20.085046], [-44.196442, -20.08444], [-44.19888, -20.082779], [-44.201489, -20.082779], [-44.202999, -20.083295], [-44.203324, -20.083386]]}}, {"type": "Feature", "properties": {"tipo": "Via Urbana", "id": null}, "geometry": {"type": "LineString", "coordinates": [[-44.195615, -20.085142], [-44.195727, -20.085046]]}}, {"type": "Feature", "properties": {"tipo": "Via Urbana", "id": null}, "geometry": {"type": "LineString", "coordinates": [[-44.203448, -20.083421], [-44.204957, -20.083843], [-44.207933, -20.08396]]}}, {"type": "Feature", "properties": {"tipo": "Via Urbana", "id": null}, "geometry": {"type": "LineString", "coordinates": [[-44.203324, -20.083386], [-44.203448, -20.083421]]}}, {"type": "Feature", "properties": {"tipo": "Via Urbana", "id": null}, "geometry": {"type": "LineString", "coordinates": [[-44.203551, -20.085747], [-44.204493, -20.085627], [-44.207175, -20.084974]]}}, {"type": "Feature", "properties": {"tipo": "Via Urbana", "id": null}, "geometry": {"type": "LineString", "coordinates": [[-44.203436, -20.085762], [-44.203551, -20.085747]]}}, {"type": "Feature", "properties": {"tipo": "Via Urbana", "id": null}, "geometry": {"type": "LineString", "coordinates": [[-44.207288, -20.084947], [-44.207732, -20.084839]]}}, {"type": "Feature", "properties": {"tipo": "Via Urbana", "id": null}, "geometry": {"type": "LineString", "coordinates": [[-44.207175, -20.084974], [-44.207288, -20.084947]]}}, {"type": "Feature", "properties": {"tipo": "Via Urbana", "id": null}, "geometry": {"type": "LineString", "coordinates": [[-44.210576, -20.094352], [-44.210446, -20.093622], [-44.210373, -20.093285], [-44.210329, -20.093024], [-44.210312, -20.092754], [-44.210301, -20.092395], [-44.210279, -20.091971], [-44.210227, -20.091623], [-44.210167, -20.091251], [-44.210132, -20.090876], [-44.210121, -20.090727], [-44.210123, -20.09049], [-44.210145, -20.090318], [-44.210108, -20.090139], [-44.21004, -20.089881], [-44.209922, -20.08953], [-44.209798, -20.089213], [-44.20968, -20.088983], [-44.209513, -20.088738], [-44.209395, -20.088581], [-44.209289, -20.088446], [-44.208731, -20.087895], [-44.20817, -20.087336], [-44.208008, -20.087161], [-44.207902, -20.087017], [-44.207785, -20.086833], [-44.207728, -20.086716], [-44.207681, -20.086574], [-44.207582, -20.086265], [-44.207498, -20.085911], [-44.207357, -20.085234], [-44.207281, -20.085045], [-44.207229, -20.084956], [-44.207115, -20.084815], [-44.206969, -20.084694], [-44.206455, -20.0843], [-44.206345, -20.084182], [-44.206303, -20.084123], [-44.20627, -20.084066], [-44.206226, -20.083968], [-44.206213, -20.083932]]}}, {"type": "Feature", "properties": {"tipo": "Via Urbana", "id": null}, "geometry": {"type": "LineString", "coordinates": [[-44.206213, -20.083932], [-44.206185, -20.083855]]}}, {"type": "Feature", "properties": {"tipo": "Via Urbana", "id": null}, "geometry": {"type": "LineString", "coordinates": [[-44.206444, -20.072595], [-44.2076, -20.0742]]}}, {"type": "Feature", "properties": {"tipo": "Via Urbana", "id": null}, "geometry": {"type": "LineString", "coordinates": [[-44.20639, -20.07252], [-44.206444, -20.072595]]}}, {"type": "Feature", "properties": {"tipo": "Via Urbana", "id": null}, "geometry": {"type": "LineString", "coordinates": [[-44.183006, -20.072817], [-44.183757, -20.072646], [-44.183886, -20.072624], [-44.18397, -20.072627], [-44.184053, -20.072663], [-44.184698, -20.073007], [-44.184836, -20.07307], [-44.185036, -20.073121], [-44.185879, -20.073105], [-44.186121, -20.073073], [-44.186281, -20.073056], [-44.186414, -20.073093], [-44.187248, -20.073524], [-44.187513, -20.073602], [-44.187598, -20.073561], [-44.18765, -20.073523], [-44.187678, -20.073421], [-44.187747, -20.072989], [-44.187775, -20.072731], [-44.187783, -20.072504], [-44.187816, -20.072377]]}}, {"type": "Feature", "properties": {"tipo": "Via Urbana", "id": null}, "geometry": {"type": "LineString", "coordinates": [[-44.187816, -20.072377], [-44.187875, -20.072329]]}}, {"type": "Feature", "properties": {"tipo": "Via Urbana", "id": null}, "geometry": {"type": "LineString", "coordinates": [[-44.206318, -20.072354], [-44.206339, -20.072295], [-44.206731, -20.071305], [-44.207223, -20.070127], [-44.207293, -20.070004], [-44.207384, -20.069875], [-44.207592, -20.069662], [-44.209537, -20.068042], [-44.209746, -20.067836], [-44.209934, -20.067609], [-44.210071, -20.067372], [-44.210181, -20.06713], [-44.210232, -20.066868], [-44.210221, -20.066508], [-44.210191, -20.066264], [-44.210138, -20.066075], [-44.210095, -20.065934], [-44.210022, -20.065763], [-44.209901, -20.065503], [-44.209741, -20.065226], [-44.209561, -20.064974], [-44.209263, -20.064606], [-44.208955, -20.064309], [-44.208571, -20.064031], [-44.208107, -20.063732], [-44.207626, -20.063539]]}}, {"type": "Feature", "properties": {"tipo": "Via Urbana", "id": null}, "geometry": {"type": "LineString", "coordinates": [[-44.206286, -20.072441], [-44.206318, -20.072354]]}}, {"type": "Feature", "properties": {"tipo": "Via Urbana", "id": null}, "geometry": {"type": "LineString", "coordinates": [[-44.197086, -20.087516], [-44.196896, -20.087178], [-44.196843, -20.087105], [-44.196818, -20.087028], [-44.196796, -20.086863], [-44.196766, -20.086711], [-44.196767, -20.086637], [-44.196795, -20.086571], [-44.196904, -20.086446], [-44.197008, -20.086336], [-44.19716, -20.086204]]}}, {"type": "Feature", "properties": {"tipo": "Via Urbana", "id": null}, "geometry": {"type": "LineString", "coordinates": [[-44.197131, -20.087595], [-44.197086, -20.087516]]}}, {"type": "Feature", "properties": {"tipo": "Via Urbana", "id": null}, "geometry": {"type": "LineString", "coordinates": [[-44.20091, -20.085863], [-44.201832, -20.085966], [-44.203436, -20.085762]]}}, {"type": "Feature", "properties": {"tipo": "Via Urbana", "id": null}, "geometry": {"type": "LineString", "coordinates": [[-44.200803, -20.085851], [-44.20091, -20.085863]]}}, {"type": "Feature", "properties": {"tipo": "Via Urbana", "id": null}, "geometry": {"type": "LineString", "coordinates": [[-44.179781, -20.084409], [-44.180415, -20.083656], [-44.180521, -20.083318]]}}, {"type": "Feature", "properties": {"tipo": "Via Urbana", "id": null}, "geometry": {"type": "LineString", "coordinates": [[-44.179701, -20.084503], [-44.179781, -20.084409]]}}, {"type": "Feature", "properties": {"tipo": "Via Urbana", "id": null}, "geometry": {"type": "LineString", "coordinates": [[-44.187989, -20.092282], [-44.187999, -20.092643], [-44.188035, -20.092795]]}}, {"type": "Feature", "properties": {"tipo": "Via Urbana", "id": null}, "geometry": {"type": "LineString", "coordinates": [[-44.188035, -20.092795], [-44.188055, -20.092879]]}}, {"type": "Feature", "properties": {"tipo": "Via Urbana", "id": null}, "geometry": {"type": "LineString", "coordinates": [[-44.165351, -20.082138], [-44.166098, -20.080271], [-44.166133, -20.078642], [-44.166104, -20.078166]]}}, {"type": "Feature", "properties": {"tipo": "Via Urbana", "id": null}, "geometry": {"type": "LineString", "coordinates": [[-44.16531, -20.082242], [-44.165351, -20.082138]]}}, {"type": "Feature", "properties": {"tipo": "Via Urbana", "id": null}, "geometry": {"type": "LineString", "coordinates": [[-44.147673, -20.086726], [-44.148137, -20.084598], [-44.149853, -20.081245], [-44.150139, -20.080871]]}}, {"type": "Feature", "properties": {"tipo": "Via Urbana", "id": null}, "geometry": {"type": "LineString", "coordinates": [[-44.150139, -20.080871], [-44.150207, -20.080783]]}}, {"type": "Feature", "properties": {"tipo": "Via Urbana", "id": null}, "geometry": {"type": "LineString", "coordinates": [[-44.149958, -20.075393], [-44.149787, -20.075335], [-44.149718, -20.075324], [-44.149644, -20.075314], [-44.149542, -20.075313], [-44.149254, -20.075321], [-44.149197, -20.075317], [-44.149138, -20.075305], [-44.149054, -20.075272], [-44.148928, -20.075172], [-44.148871, -20.0751], [-44.148803, -20.074988], [-44.148738, -20.074852], [-44.148699, -20.074741], [-44.148684, -20.074687], [-44.148673, -20.074624], [-44.148655, -20.074491], [-44.148663, -20.074418]]}}, {"type": "Feature", "properties": {"tipo": "Via Urbana", "id": null}, "geometry": {"type": "LineString", "coordinates": [[-44.150039, -20.075421], [-44.149958, -20.075393]]}}, {"type": "Feature", "properties": {"tipo": "Via Urbana", "id": null}, "geometry": {"type": "LineString", "coordinates": [[-44.166095, -20.078003], [-44.165961, -20.075756], [-44.166033, -20.07522]]}}, {"type": "Feature", "properties": {"tipo": "Via Urbana", "id": null}, "geometry": {"type": "LineString", "coordinates": [[-44.166033, -20.07522], [-44.166047, -20.075117]]}}, {"type": "Feature", "properties": {"tipo": "Via Urbana", "id": null}, "geometry": {"type": "LineString", "coordinates": [[-44.153184, -20.056123], [-44.153309, -20.056083]]}}, {"type": "Feature", "properties": {"tipo": "Via Urbana", "id": null}, "geometry": {"type": "LineString", "coordinates": [[-44.15557, -20.055171], [-44.155663, -20.055121]]}}, {"type": "Feature", "properties": {"tipo": "Via Urbana", "id": null}, "geometry": {"type": "LineString", "coordinates": [[-44.158324, -20.054054], [-44.158287, -20.05398]]}}, {"type": "Feature", "properties": {"tipo": "Via Urbana", "id": null}, "geometry": {"type": "LineString", "coordinates": [[-44.15539, -20.055267], [-44.15557, -20.055171]]}}, {"type": "Feature", "properties": {"tipo": "Via Urbana", "id": null}, "geometry": {"type": "LineString", "coordinates": [[-44.186481, -20.048901], [-44.186309, -20.04834], [-44.186328, -20.048219]]}}, {"type": "Feature", "properties": {"tipo": "Via Urbana", "id": null}, "geometry": {"type": "LineString", "coordinates": [[-44.155448, -20.074], [-44.155476, -20.073746]]}}, {"type": "Feature", "properties": {"tipo": "Via Urbana", "id": null}, "geometry": {"type": "LineString", "coordinates": [[-44.162573, -20.078552], [-44.162459, -20.078009], [-44.162344, -20.077454], [-44.162315, -20.077083], [-44.162362, -20.076966], [-44.162431, -20.07688], [-44.162813, -20.076366], [-44.163019, -20.076152]]}}, {"type": "Feature", "properties": {"tipo": "Via Urbana", "id": null}, "geometry": {"type": "LineString", "coordinates": [[-44.206034, -20.086973], [-44.205652, -20.087066]]}}, {"type": "Feature", "properties": {"tipo": "Via Urbana", "id": null}, "geometry": {"type": "LineString", "coordinates": [[-44.206802, -20.085997], [-44.206045, -20.086382], [-44.206002, -20.086415], [-44.20598, -20.086486], [-44.206034, -20.086973], [-44.206069, -20.087288]]}}, {"type": "Feature", "properties": {"tipo": "Via Urbana", "id": null}, "geometry": {"type": "LineString", "coordinates": [[-44.173776, -20.050957], [-44.173635, -20.05082], [-44.173549, -20.050777], [-44.173411, -20.050812], [-44.173278, -20.050874], [-44.17316, -20.050958], [-44.173071, -20.051036], [-44.173022, -20.051031], [-44.172905, -20.050977], [-44.17283, -20.050915], [-44.172706, -20.050769], [-44.172585, -20.050645], [-44.172462, -20.050578], [-44.172189, -20.050555], [-44.172114, -20.050475]]}}, {"type": "Feature", "properties": {"tipo": "Via Urbana", "id": null}, "geometry": {"type": "LineString", "coordinates": [[-44.176071, -20.062558], [-44.17591, -20.062562], [-44.175617, -20.062558], [-44.175542, -20.062612], [-44.175392, -20.06327], [-44.175513, -20.06367], [-44.175661, -20.063969], [-44.175608, -20.064012], [-44.17554, -20.06399], [-44.175397, -20.063884], [-44.175248, -20.063799]]}}, {"type": "Feature", "properties": {"tipo": "Via Urbana", "id": null}, "geometry": {"type": "LineString", "coordinates": [[-44.181153, -20.045881], [-44.181236, -20.04589], [-44.181359, -20.045902], [-44.181663, -20.045996], [-44.181907, -20.046032], [-44.182087, -20.046066], [-44.182163, -20.04608], [-44.182407, -20.046105], [-44.182525, -20.046134], [-44.182651, -20.046164], [-44.182784, -20.046373], [-44.182739, -20.046504], [-44.182709, -20.046592], [-44.182585, -20.046787], [-44.182486, -20.046994], [-44.182489, -20.047057], [-44.182497, -20.047236], [-44.182605, -20.047445], [-44.182824, -20.047585], [-44.182987, -20.047627], [-44.183055, -20.047644], [-44.183594, -20.047648], [-44.183874, -20.04765], [-44.184216, -20.04764], [-44.184448, -20.04763], [-44.184568, -20.04762], [-44.184704, -20.047609], [-44.184937, -20.047587], [-44.185109, -20.047438], [-44.185293, -20.047301], [-44.18555, -20.047245], [-44.185794, -20.047189], [-44.186039, -20.047075], [-44.186285, -20.046938], [-44.186518, -20.046813], [-44.186593, -20.046795], [-44.186799, -20.046746], [-44.186898, -20.04669], [-44.18702, -20.04662], [-44.187277, -20.04653], [-44.187464, -20.046462], [-44.187497, -20.04645], [-44.187706, -20.046348], [-44.187792, -20.046274], [-44.187878, -20.046199], [-44.188086, -20.046073], [-44.188281, -20.045978], [-44.188319, -20.045959], [-44.18854, -20.045834], [-44.188736, -20.045697], [-44.188815, -20.045609], [-44.188921, -20.04549], [-44.189045, -20.045295], [-44.189253, -20.045146], [-44.1894, -20.045096], [-44.189486, -20.045067], [-44.189636, -20.045041], [-44.189743, -20.045022], [-44.189962, -20.045105], [-44.190058, -20.045348], [-44.190085, -20.045416], [-44.190142, -20.045556], [-44.190228, -20.045731], [-44.19025, -20.045776], [-44.190396, -20.04595], [-44.190418, -20.046031], [-44.190455, -20.04617], [-44.190452, -20.046198], [-44.190429, -20.046389], [-44.190196, -20.046468], [-44.190025, -20.046513], [-44.189939, -20.046536], [-44.189902, -20.046625], [-44.189852, -20.046743], [-44.189859, -20.046807], [-44.189875, -20.046962], [-44.189917, -20.047], [-44.190057, -20.047125], [-44.190264, -20.04723], [-44.190299, -20.047259], [-44.190446, -20.047381], [-44.190459, -20.047422], [-44.19053, -20.047647], [-44.190552, -20.04789], [-44.190575, -20.048109], [-44.190596, -20.04819], [-44.190634, -20.048341], [-44.190728, -20.048476], [-44.190779, -20.048549], [-44.190983, -20.048628], [-44.191084, -20.048667], [-44.191229, -20.048864], [-44.191247, -20.048868], [-44.191356, -20.04889], [-44.191461, -20.048912], [-44.191506, -20.048968], [-44.19163, -20.04912], [-44.191811, -20.049224], [-44.191873, -20.04926], [-44.192105, -20.049331], [-44.192337, -20.049356], [-44.192387, -20.049361], [-44.192593, -20.049381], [-44.192885, -20.049475], [-44.193003, -20.049515], [-44.193129, -20.049557], [-44.193263, -20.049694], [-44.193299, -20.049731], [-44.19348, -20.049917], [-44.193572, -20.050018], [-44.19365, -20.050103], [-44.19377, -20.050358], [-44.193977, -20.050498], [-44.194068, -20.050585], [-44.19452, -20.051018], [-44.194583, -20.051079], [-44.194741, -20.051286], [-44.19475, -20.051296], [-44.19479, -20.051338], [-44.194851, -20.051401], [-44.19491, -20.051462], [-44.194998, -20.051552], [-44.195068, -20.051624], [-44.195262, -20.051776], [-44.195506, -20.051777], [-44.195739, -20.051744], [-44.195923, -20.051526], [-44.196059, -20.051342], [-44.196288, -20.051152]]}}, {"type": "Feature", "properties": {"tipo": "Via Urbana", "id": null}, "geometry": {"type": "LineString", "coordinates": [[-44.210154, -20.100608], [-44.210202, -20.10008], [-44.210252, -20.099861], [-44.210315, -20.099642], [-44.210328, -20.099423], [-44.210391, -20.099192], [-44.210466, -20.098951], [-44.210578, -20.098732], [-44.210702, -20.09849], [-44.210801, -20.098283], [-44.210888, -20.09803], [-44.210976, -20.097742], [-44.211027, -20.097477], [-44.211089, -20.097258], [-44.211104, -20.096981], [-44.21113, -20.096762], [-44.211193, -20.096485], [-44.211194, -20.096255], [-44.211233, -20.095966], [-44.211239, -20.095124], [-44.211327, -20.09479], [-44.211317, -20.094467], [-44.211282, -20.094236], [-44.211248, -20.093935], [-44.211213, -20.09367], [-44.21119, -20.09345], [-44.211145, -20.092965], [-44.211074, -20.092653], [-44.210941, -20.092445], [-44.210918, -20.092214], [-44.210896, -20.091913], [-44.210886, -20.091682], [-44.210838, -20.091451], [-44.210792, -20.091174], [-44.210732, -20.090943], [-44.210661, -20.090596], [-44.210603, -20.090284], [-44.210559, -20.090106], [-44.210543, -20.090041], [-44.210472, -20.089787], [-44.210425, -20.089556], [-44.21039, -20.089336], [-44.210342, -20.089105], [-44.210259, -20.088862], [-44.210138, -20.088619], [-44.21003, -20.088399], [-44.209922, -20.088168], [-44.209899, -20.087948], [-44.209717, -20.087774], [-44.209535, -20.087542], [-44.209317, -20.087321], [-44.20905, -20.0871], [-44.208892, -20.086938], [-44.208674, -20.086775], [-44.208504, -20.086554], [-44.208323, -20.086276], [-44.208215, -20.085987], [-44.208095, -20.085778], [-44.207974, -20.085501], [-44.207903, -20.085269], [-44.20788, -20.084992], [-44.207888, -20.083977], [-44.207902, -20.083711], [-44.207928, -20.083469], [-44.207991, -20.083216], [-44.208066, -20.082951], [-44.208141, -20.082732], [-44.208216, -20.08249], [-44.20834, -20.082248], [-44.208428, -20.081926], [-44.208491, -20.081649], [-44.208529, -20.081419], [-44.208593, -20.081108], [-44.208631, -20.080889], [-44.208695, -20.080554], [-44.208733, -20.080312], [-44.208784, -20.080059], [-44.20881, -20.079793], [-44.208848, -20.079563], [-44.208886, -20.079302], [-44.208887, -20.079298], [-44.208901, -20.079032], [-44.208952, -20.078779], [-44.20899, -20.078525], [-44.208919, -20.078224], [-44.208835, -20.077993], [-44.208704, -20.077577], [-44.208669, -20.077334], [-44.208573, -20.077126], [-44.208526, -20.076895], [-44.208467, -20.07664], [-44.208358, -20.076397], [-44.208336, -20.076166], [-44.208288, -20.075947], [-44.208205, -20.075704], [-44.208011, -20.075449], [-44.207866, -20.075252], [-44.207794, -20.075009], [-44.207797, -20.074697], [-44.207811, -20.074409], [-44.207936, -20.074075], [-44.208035, -20.073845], [-44.208146, -20.073649], [-44.208258, -20.073431], [-44.208358, -20.073143], [-44.208424, -20.072941], [-44.208445, -20.072878], [-44.208508, -20.072613], [-44.208534, -20.072394], [-44.208619, -20.072251], [-44.208658, -20.072187], [-44.208782, -20.071968], [-44.208881, -20.071692], [-44.20889, -20.071636], [-44.208932, -20.071381], [-44.208984, -20.071058], [-44.209009, -20.070982], [-44.209059, -20.070828], [-44.209109, -20.070723], [-44.209158, -20.070621], [-44.209306, -20.070356], [-44.209406, -20.070137], [-44.20945, -20.069959], [-44.209468, -20.069884], [-44.209458, -20.069665], [-44.209496, -20.069399], [-44.209599, -20.06926], [-44.209632, -20.069216], [-44.209768, -20.068986], [-44.209965, -20.068814], [-44.21011, -20.068734], [-44.210235, -20.068666], [-44.210456, -20.068517], [-44.210475, -20.068509], [-44.210676, -20.068426], [-44.21089, -20.068303], [-44.210934, -20.068278], [-44.211167, -20.068152], [-44.211399, -20.068073], [-44.211681, -20.067994], [-44.211938, -20.067926], [-44.212268, -20.067871], [-44.212513, -20.067803], [-44.212613, -20.067757], [-44.212733, -20.067701], [-44.212942, -20.067564], [-44.212968, -20.067544], [-44.213038, -20.067492], [-44.213126, -20.067426], [-44.213323, -20.067254], [-44.213447, -20.067048], [-44.213558, -20.066841], [-44.213657, -20.066633], [-44.213757, -20.066415], [-44.213844, -20.066208], [-44.213931, -20.065966], [-44.214006, -20.065666], [-44.214069, -20.065413], [-44.214132, -20.065171], [-44.214172, -20.065065], [-44.214219, -20.064941], [-44.214221, -20.064687], [-44.214199, -20.064398], [-44.21418, -20.064299], [-44.21414, -20.064086], [-44.214031, -20.063878], [-44.213921, -20.063702], [-44.21385, -20.063588], [-44.213644, -20.063356], [-44.213487, -20.063158], [-44.213317, -20.062961], [-44.213111, -20.062741], [-44.212844, -20.062566], [-44.2126, -20.062449], [-44.212469, -20.062365], [-44.212309, -20.062262], [-44.21209, -20.062134], [-44.211773, -20.062051], [-44.211541, -20.062003], [-44.211297, -20.061956], [-44.211196, -20.061939], [-44.211017, -20.061908], [-44.210748, -20.06186], [-44.210431, -20.061823], [-44.210163, -20.061787], [-44.209923, -20.06177], [-44.209796, -20.061761], [-44.20973, -20.061749], [-44.20954, -20.061713], [-44.209272, -20.061585], [-44.209108, -20.061493], [-44.20898, -20.061421], [-44.208871, -20.061357], [-44.208725, -20.06127], [-44.208481, -20.061176], [-44.208177, -20.061024], [-44.207946, -20.060918], [-44.207715, -20.060801], [-44.207434, -20.06073], [-44.207154, -20.060636], [-44.206825, -20.060588], [-44.206532, -20.060563], [-44.206226, -20.060549], [-44.205996, -20.060363], [-44.205715, -20.060315], [-44.205447, -20.060233], [-44.205365, -20.0602], [-44.205155, -20.060115], [-44.204924, -20.059987], [-44.204668, -20.059881], [-44.204627, -20.059859], [-44.204512, -20.059798], [-44.204449, -20.059764], [-44.204348, -20.059704], [-44.204157, -20.059589], [-44.204029, -20.059493], [-44.203939, -20.059426], [-44.203793, -20.059352], [-44.203732, -20.059321], [-44.203488, -20.05917], [-44.203399, -20.059096], [-44.203306, -20.059018], [-44.203063, -20.05889], [-44.202844, -20.058773], [-44.20254, -20.058552], [-44.202188, -20.058353], [-44.202053, -20.058267], [-44.201969, -20.058213], [-44.201762, -20.058085], [-44.201519, -20.057968], [-44.201287, -20.05792], [-44.201042, -20.057953], [-44.200798, -20.057963], [-44.20053, -20.057927], [-44.200286, -20.057914], [-44.199797, -20.057864], [-44.199541, -20.057828], [-44.199236, -20.057815], [-44.199004, -20.057767], [-44.198748, -20.057673], [-44.198586, -20.057598], [-44.19842, -20.057521], [-44.198188, -20.057438], [-44.197982, -20.057287], [-44.1978, -20.057147], [-44.197696, -20.05704], [-44.19763, -20.056973], [-44.197497, -20.056764], [-44.197425, -20.056533], [-44.197426, -20.056426], [-44.197427, -20.056302], [-44.197441, -20.056025], [-44.197456, -20.055737], [-44.197482, -20.055483], [-44.197484, -20.055252], [-44.197498, -20.055033], [-44.197501, -20.054502], [-44.197455, -20.054237], [-44.197322, -20.054028], [-44.197177, -20.053808], [-44.196947, -20.053518], [-44.196802, -20.053251], [-44.19667, -20.052985], [-44.196562, -20.052777], [-44.196494, -20.052639], [-44.196453, -20.052557], [-44.196333, -20.05229], [-44.196298, -20.052036], [-44.196264, -20.051771], [-44.196265, -20.051517], [-44.196288, -20.051152]]}}, {"type": "Feature", "properties": {"tipo": "Via Urbana", "id": null}, "geometry": {"type": "LineString", "coordinates": [[-44.178387, -20.052818], [-44.178586, -20.05304], [-44.179043, -20.053319], [-44.179147, -20.053373], [-44.179247, -20.053413]]}}]}